机构ID,培训机构名称,所属区,培训项目名称,培训等级
2.00E+14,上海宏星职业技能培训学校,静安,中式烹调师[S300013],初级/五级
2.00E+14,上海宏星职业技能培训学校,静安,中式烹调师[S300013],中级/四级
2.00E+14,上海宏星职业技能培训学校,静安,中式烹调师[S300013],高级/三级
2.00E+14,上海宏星职业技能培训学校,静安,中式烹调师[S300013],技师/二级
2.00E+14,上海宏星职业技能培训学校,静安,中式面点师[S300013],初级/五级
2.00E+14,上海宏星职业技能培训学校,静安,中式面点师[S300013],中级/四级
2.00E+14,上海宏星职业技能培训学校,静安,中式面点师[S300013],高级/三级
2.00E+14,上海宏星职业技能培训学校,静安,中式面点师[S300013],技师/二级
2.00E+14,上海宏星职业技能培训学校,静安,保育师[S300011],初级/五级
2.00E+14,上海宏星职业技能培训学校,静安,保育师[S300011],中级/四级
2.00E+14,上海宏星职业技能培训学校,静安,保育师[S300011],高级/三级
2.00E+14,上海宏星职业技能培训学校,静安,养老护理员[S300038],高级/三级
2.00E+14,上海宏星职业技能培训学校,静安,养老护理员[S300038],中级/四级
2.00E+14,上海宏星职业技能培训学校,静安,养老护理员[S300038],初级/五级
2.00E+14,上海宏星职业技能培训学校,静安,养老护理员[S300060],初级/五级
2.00E+14,上海宏星职业技能培训学校,静安,养老护理员[S300060],中级/四级
2.00E+14,上海宏星职业技能培训学校,静安,养老护理员[S300060],高级/三级
2.00E+14,上海宏星职业技能培训学校,静安,婴幼儿发展引导员（育婴员）[S300011],初级/五级
2.00E+14,上海宏星职业技能培训学校,静安,婴幼儿发展引导员（育婴员）[S300011],中级/四级
2.00E+14,上海宏星职业技能培训学校,静安,婴幼儿发展引导员（育婴员）[S300011],高级/三级
2.00E+14,上海宏星职业技能培训学校,静安,家政服务员（家庭照护员）[S300039],高级/三级
2.00E+14,上海宏星职业技能培训学校,静安,家政服务员（家庭照护员）[S300039],中级/四级
2.00E+14,上海宏星职业技能培训学校,静安,家政服务员（家庭照护员）[S300039],初级/五级
2.00E+14,上海宏星职业技能培训学校,静安,家政服务员（母婴护理员）[S300039],初级/五级
2.00E+14,上海宏星职业技能培训学校,静安,家政服务员（母婴护理员）[S300039],中级/四级
2.00E+14,上海宏星职业技能培训学校,静安,家政服务员（母婴护理员）[S300039],高级/三级
2.00E+14,上海宏星职业技能培训学校,静安,茶艺师[S300009],初级/五级
2.00E+14,上海宏星职业技能培训学校,静安,茶艺师[S300009],中级/四级
2.00E+14,上海宏星职业技能培训学校,静安,西式面点师[300017],高级/三级
2.00E+14,上海宏星职业技能培训学校,静安,西式面点师[S300013],初级/五级
2.00E+14,上海宏星职业技能培训学校,静安,西式面点师[S300013],中级/四级
2.00E+14,上海宏星职业技能培训学校,静安,西式面点师[S300013],高级/三级
2.00E+14,上海宏星职业技能培训学校,静安,评茶师[S300009],初级/五级
2.00E+14,上海宏星职业技能培训学校,静安,评茶师[S300009],中级/四级
2.00E+14,上海自力进修学院,黄浦,供应链管理师[S200020],技师/二级
2.00E+14,上海自力进修学院,黄浦,供应链管理师[S200020],高级/三级
2.00E+14,上海自力进修学院,黄浦,供应链管理师[S300031],高级/三级
2.00E+14,上海嘉定现代技术培训中心,嘉定,中式烹调师[S300013],初级/五级
2.00E+14,上海嘉定现代技术培训中心,嘉定,中式面点师[S300013],初级/五级
2.00E+14,上海嘉定现代技术培训中心,嘉定,中式面点师[S300013],中级/四级
2.00E+14,上海嘉定现代技术培训中心,嘉定,机修钳工[S600003],初级/五级
2.00E+14,上海嘉定现代技术培训中心,嘉定,机修钳工[S600003],中级/四级
2.00E+14,上海嘉定现代技术培训中心,嘉定,机修钳工[S600003],高级/三级
2.00E+14,上海嘉定现代技术培训中心,嘉定,汽车维修工（汽车机械维修工）[S200005],初级/五级
2.00E+14,上海嘉定现代技术培训中心,嘉定,汽车维修工（汽车机械维修工）[S200005],中级/四级
2.00E+14,上海嘉定现代技术培训中心,嘉定,汽车维修工（汽车机械维修工）[S200005],高级/三级
2.00E+14,上海嘉定现代技术培训中心,嘉定,电工[S100004],高级/三级
2.00E+14,上海嘉定现代技术培训中心,嘉定,电工[S100004],中级/四级
2.00E+14,上海嘉定现代技术培训中心,嘉定,电工[S100004],初级/五级
2.00E+14,上海嘉定现代技术培训中心,嘉定,电梯安装维修工[S300006],初级/五级
2.00E+14,上海嘉定现代技术培训中心,嘉定,电梯安装维修工[S300006],中级/四级
2.00E+14,上海嘉定现代技术培训中心,嘉定,电梯安装维修工[S300006],高级/三级
2.00E+14,上海嘉定现代技术培训中心,嘉定,计算机程序设计员[S400021],高级/三级
2.00E+14,上海嘉定现代技术培训中心,嘉定,计算机维修工[S300033],中级/四级
2.00E+14,上海嘉定现代技术培训中心,嘉定,计算机维修工[S300033],初级/五级
2.00E+14,上海嘉定现代技术培训中心,嘉定,计算机维修工[S300033],高级/三级
2.00E+14,上海嘉定现代技术培训中心,嘉定,计算机软件测试员[S300032],高级/三级
2.00E+14,上海嘉定现代技术培训中心,嘉定,车工[S100001],初级/五级
2.00E+14,上海嘉定现代技术培训中心,嘉定,车工（数控车工）[S100001],中级/四级
2.00E+14,上海嘉定现代技术培训中心,嘉定,车工（数控车工）[S100001],高级/三级
2.00E+14,上海嘉定现代技术培训中心,嘉定,铣工（数控铣工）[S100001],中级/四级
2.00E+14,上海嘉定现代技术培训中心,嘉定,铣工（数控铣工）[S100001],高级/三级
2.00E+14,上海市嘉定建设人才职业技术培训学校,嘉定,中式面点师[S300013],初级/五级
2.00E+14,上海市嘉定建设人才职业技术培训学校,嘉定,中式面点师[S300013],中级/四级
2.00E+14,上海嘉定区成人职业技术培训中心,嘉定,互联网营销师（商品选品员）[S300031],高级/三级
2.00E+14,上海嘉定区成人职业技术培训中心,嘉定,互联网营销师（直播销售员）[S500023],高级/三级
2.00E+14,上海嘉定区成人职业技术培训中心,嘉定,人工智能训练师[S300040],高级/三级
2.00E+14,上海嘉定区成人职业技术培训中心,嘉定,人工智能训练师[S400054],高级/三级
2.00E+14,上海嘉定区成人职业技术培训中心,嘉定,企业人力资源管理师[S300015],高级/三级
2.00E+14,上海嘉定区成人职业技术培训中心,嘉定,供应链管理师[S200020],技师/二级
2.00E+14,上海嘉定区成人职业技术培训中心,嘉定,供应链管理师[S200020],高级/三级
2.00E+14,上海嘉定区成人职业技术培训中心,嘉定,供应链管理师[S300031],高级/三级
2.00E+14,上海嘉定区成人职业技术培训中心,嘉定,供应链管理师[S300031],技师/二级
2.00E+14,上海嘉定区成人职业技术培训中心,嘉定,保育师[S300011],初级/五级
2.00E+14,上海嘉定区成人职业技术培训中心,嘉定,保育师[S300011],中级/四级
2.00E+14,上海嘉定区成人职业技术培训中心,嘉定,全媒体运营师（流量运营）[S300070],中级/四级
2.00E+14,上海嘉定区成人职业技术培训中心,嘉定,全媒体运营师（流量运营）[S400071],高级/三级
2.00E+14,上海嘉定区成人职业技术培训中心,嘉定,全媒体运营师（直播运营）[S300070],中级/四级
2.00E+14,上海嘉定区成人职业技术培训中心,嘉定,全媒体运营师（直播运营）[S400071],高级/三级
2.00E+14,上海嘉定区成人职业技术培训中心,嘉定,全媒体运营师（视听运营）[S300070],中级/四级
2.00E+14,上海嘉定区成人职业技术培训中心,嘉定,全媒体运营师（视听运营）[S400071],高级/三级
2.00E+14,上海嘉定区成人职业技术培训中心,嘉定,动画制作员[S400022],高级/三级
2.00E+14,上海嘉定区成人职业技术培训中心,嘉定,婴幼儿发展引导员（育婴员）[S300011],初级/五级
2.00E+14,上海嘉定区成人职业技术培训中心,嘉定,婴幼儿发展引导员（育婴员）[S300011],中级/四级
2.00E+14,上海嘉定区成人职业技术培训中心,嘉定,婴幼儿发展引导员（育婴员）[S300011],高级/三级
2.00E+14,上海嘉定区成人职业技术培训中心,嘉定,汽车维修工（汽车机械维修工）[S200005],初级/五级
2.00E+14,上海嘉定区成人职业技术培训中心,嘉定,汽车维修工（汽车机械维修工）[S200005],中级/四级
2.00E+14,上海嘉定区成人职业技术培训中心,嘉定,物流服务师[S300035],高级/三级
2.00E+14,上海嘉定区成人职业技术培训中心,嘉定,物联网安装调试员[300002],中级/四级
2.00E+14,上海嘉定区成人职业技术培训中心,嘉定,物联网安装调试员[S300041],高级/三级
2.00E+14,上海嘉定区成人职业技术培训中心,嘉定,物联网安装调试员[S300041],中级/四级
2.00E+14,上海嘉定区成人职业技术培训中心,嘉定,计算机程序设计员[S400021],高级/三级
2.00E+14,上海嘉定区成人职业技术培训中心,嘉定,计算机软件测试员[S300032],高级/三级
2.00E+14,上海外服虹桥人才服务有限公司,闵行,人工智能训练师[S400054],高级/三级
2.00E+14,上海外服虹桥人才服务有限公司,闵行,人工智能训练师[S500053],高级/三级
2.00E+14,上海外服虹桥人才服务有限公司,闵行,企业人力资源管理师[S300015],中级/四级
2.00E+14,上海外服虹桥人才服务有限公司,闵行,企业人力资源管理师[S300015],高级/三级
2.00E+14,上海外服虹桥人才服务有限公司,闵行,职业培训师[S300015],高级/三级
2.00E+14,上海申伦职业技能培训中心,普陀,中式烹调师[S300013],初级/五级
2.00E+14,上海申伦职业技能培训中心,普陀,中式烹调师[S300013],中级/四级
2.00E+14,上海申伦职业技能培训中心,普陀,中式烹调师[S300013],高级/三级
2.00E+14,上海申伦职业技能培训中心,普陀,中式面点师[S300013],初级/五级
2.00E+14,上海申伦职业技能培训中心,普陀,中式面点师[S300013],中级/四级
2.00E+14,上海申伦职业技能培训中心,普陀,中式面点师[S300013],高级/三级
2.00E+14,上海申伦职业技能培训中心,普陀,养老护理员[S300038],中级/四级
2.00E+14,上海申伦职业技能培训中心,普陀,养老护理员[S300038],初级/五级
2.00E+14,上海申伦职业技能培训中心,普陀,养老护理员[S300060],初级/五级
2.00E+14,上海申伦职业技能培训中心,普陀,养老护理员[S300060],中级/四级
2.00E+14,上海申伦职业技能培训中心,普陀,家政服务员（家务服务员）[S300039],初级/五级
2.00E+14,上海申伦职业技能培训中心,普陀,家政服务员（母婴护理员）[S300039],初级/五级
2.00E+14,上海申伦职业技能培训中心,普陀,电工[S100004],中级/四级
2.00E+14,上海申伦职业技能培训中心,普陀,电工[S100004],初级/五级
2.00E+14,上海申伦职业技能培训中心,普陀,西式面点师[S300013],初级/五级
2.00E+14,上海申伦职业技能培训中心,普陀,西式面点师[S300013],中级/四级
2.00E+14,上海申伦职业技能培训中心,普陀,西式面点师[S300013],高级/三级
2.00E+14,上海市松江大成教育培训中心,松江,中式烹调师[S300013],初级/五级
2.00E+14,上海市松江大成教育培训中心,松江,中式烹调师[S300013],中级/四级
2.00E+14,上海市松江大成教育培训中心,松江,中式烹调师[S300013],高级/三级
2.00E+14,上海市松江大成教育培训中心,松江,人工智能训练师[S400054],高级/三级
2.00E+14,上海市松江大成教育培训中心,松江,工业机器人系统操作员[S200018],中级/四级
2.00E+14,上海市松江大成教育培训中心,松江,工业机器人系统操作员[S200018],高级/三级
2.00E+14,上海市松江大成教育培训中心,松江,广告设计师[S300049],高级/三级
2.00E+14,上海市松江大成教育培训中心,松江,汽车维修工（汽车机械维修工）[S200005],初级/五级
2.00E+14,上海市松江大成教育培训中心,松江,汽车维修工（汽车机械维修工）[S200005],中级/四级
2.00E+14,上海市松江大成教育培训中心,松江,汽车维修工（汽车机械维修工）[S200005],高级/三级
2.00E+14,上海市松江大成教育培训中心,松江,物业管理员[100016],中级/四级
2.00E+14,上海市松江大成教育培训中心,松江,物业管理员[200010],高级/三级
2.00E+14,上海市松江大成教育培训中心,松江,物业管理师[S300037],中级/四级
2.00E+14,上海市松江大成教育培训中心,松江,物业管理师[S300037],高级/三级
2.00E+14,上海市松江大成教育培训中心,松江,车工[S100001],初级/五级
2.00E+14,上海松江新桥职业培训中心,松江,人工智能训练师[S300040],初级/五级
2.00E+14,上海松江新桥职业培训中心,松江,人工智能训练师[S500053],高级/三级
2.00E+14,上海松江新桥职业培训中心,松江,人工智能训练师[S500053],中级/四级
2.00E+14,上海松江新桥职业培训中心,松江,工业机器人系统操作员[S200018],中级/四级
2.00E+14,上海松江新桥职业培训中心,松江,工业机器人系统操作员[S200018],高级/三级
2.00E+14,上海松江新桥职业培训中心,松江,机修钳工[S600003],初级/五级
2.00E+14,上海松江新桥职业培训中心,松江,机修钳工[S600003],中级/四级
2.00E+14,上海松江新桥职业培训中心,松江,机修钳工[S600003],高级/三级
2.00E+14,上海松江新桥职业培训中心,松江,电工[S100004],技师/二级
2.00E+14,上海松江新桥职业培训中心,松江,电工[S100004],高级/三级
2.00E+14,上海松江新桥职业培训中心,松江,电工[S100004],中级/四级
2.00E+14,上海松江新桥职业培训中心,松江,电工[S100004],初级/五级
2.00E+14,上海松江新桥职业培训中心,松江,车工[S100001],初级/五级
2.00E+14,上海松江新桥职业培训中心,松江,车工（数控车工）[S100001],中级/四级
2.00E+14,上海松江新桥职业培训中心,松江,车工（数控车工）[S100001],高级/三级
2.00E+14,上海松江新桥职业培训中心,松江,车工（数控车工）[S100001],技师/二级
2.00E+14,上海松江新桥职业培训中心,松江,车工（普通车工）[S100001],中级/四级
2.00E+14,上海松江新桥职业培训中心,松江,铣工（数控铣工）[S100001],中级/四级
2.00E+14,上海松江新桥职业培训中心,松江,铣工（数控铣工）[S100001],高级/三级
2.00E+14,上海松江新桥职业培训中心,松江,铣工（数控铣工）[S100001],技师/二级
2.00E+14,上海交运汽车修理职业技能培训中心,普陀,汽车维修工（汽车机械维修工）[S200005],初级/五级
2.00E+14,上海交运汽车修理职业技能培训中心,普陀,汽车维修工（汽车机械维修工）[S200005],中级/四级
2.00E+14,上海交运汽车修理职业技能培训中心,普陀,汽车维修工（汽车机械维修工）[S200005],高级/三级
2.00E+14,上海交运汽车修理职业技能培训中心,普陀,汽车维修工（汽车机械维修工）[S200005],技师/二级
2.00E+14,上海交运汽车修理职业技能培训中心,普陀,汽车维修工（汽车机械维修工）[S200005],高级技师/一级
2.00E+14,上海交运汽车修理职业技能培训中心,普陀,汽车维修工（汽车车身整形修复工）[S200005],初级/五级
2.00E+14,上海交运汽车修理职业技能培训中心,普陀,汽车维修工（汽车车身整形修复工）[S200005],中级/四级
2.00E+14,上海交运汽车修理职业技能培训中心,普陀,汽车维修工（汽车车身整形修复工）[S200005],高级/三级
2.00E+14,上海交运汽车修理职业技能培训中心,普陀,汽车维修工（汽车车身整形修复工）[S200005],技师/二级
2.00E+14,上海交运汽车修理职业技能培训中心,普陀,汽车维修工（汽车车身涂装修复工）[S200005],初级/五级
2.00E+14,上海交运汽车修理职业技能培训中心,普陀,汽车维修工（汽车车身涂装修复工）[S200005],中级/四级
2.00E+14,上海交运汽车修理职业技能培训中心,普陀,汽车维修工（汽车车身涂装修复工）[S200005],高级/三级
2.00E+14,上海交运汽车修理职业技能培训中心,普陀,汽车维修工（汽车车身涂装修复工）[S200005],技师/二级
2.00E+14,上海文峰职业技能培训学校,普陀,美发师[S300008],初级/五级
2.00E+14,上海文峰职业技能培训学校,普陀,美发师[S300008],中级/四级
2.00E+14,上海文峰职业技能培训学校,普陀,美发师[S300008],高级/三级
2.00E+14,上海文峰职业技能培训学校,普陀,美容师[S300008],初级/五级
2.00E+14,上海文峰职业技能培训学校,普陀,美容师[S300008],中级/四级
2.00E+14,上海电子商务职业培训中心,长宁,供应链管理师[S300031],高级/三级
2.00E+14,上海电子商务职业培训中心,长宁,电子商务师（网商）[S300030],高级/三级
2.00E+14,上海燃气职业技术培训学校,虹口,燃气储运工（燃气输配场站运行工）[300004],高级/三级
2.00E+14,上海市黄浦商业人才培训中心,黄浦,企业人力资源管理师[400047],高级/三级
2.00E+14,上海市黄浦商业人才培训中心,黄浦,企业人力资源管理师[S300015],中级/四级
2.00E+14,上海市黄浦商业人才培训中心,黄浦,劳动关系协调师[400047],高级/三级
2.00E+14,上海市黄浦商业人才培训中心,黄浦,劳动关系协调师[S300016],中级/四级
2.00E+14,上海市黄浦商业人才培训中心,黄浦,商品营业员[S200019],初级/五级
2.00E+14,上海市黄浦商业人才培训中心,黄浦,商品营业员[S200019],高级/三级
2.00E+14,上海市黄浦商业人才培训中心,黄浦,商品营业员[S200019],中级/四级
2.00E+14,上海市黄浦商业人才培训中心,黄浦,西式面点师[S300013],初级/五级
2.00E+14,上海江南职业技能培训中心,虹口,电工[S100004],高级技师/一级
2.00E+14,上海江南职业技能培训中心,虹口,电工[S100004],技师/二级
2.00E+14,上海江南职业技能培训中心,虹口,电工[S100004],高级/三级
2.00E+14,上海江南职业技能培训中心,虹口,电工[S100004],中级/四级
2.00E+14,上海江南职业技能培训中心,虹口,电工[S100004],初级/五级
2.00E+14,上海商贸旅游职业技能培训中心,黄浦,中式烹调师[S300013],初级/五级
2.00E+14,上海商贸旅游职业技能培训中心,黄浦,中式烹调师[S300013],中级/四级
2.00E+14,上海养老护理职业培训中心,黄浦,劳动关系协调师[S300016],中级/四级
2.00E+14,上海交通职业技能培训学校,宝山,汽车维修工（汽车机械维修工）[S200005],初级/五级
2.00E+14,上海交通职业技能培训学校,宝山,汽车维修工（汽车机械维修工）[S200005],中级/四级
2.00E+14,上海交通职业技能培训学校,宝山,汽车维修工（汽车机械维修工）[S200005],高级/三级
2.00E+14,上海交通职业技能培训学校,宝山,汽车维修工（汽车机械维修工）[S200005],技师/二级
2.00E+14,上海交通职业技能培训学校,宝山,汽车维修工（汽车机械维修工）[S200005],高级技师/一级
2.00E+14,上海绿化职业技能培训中心,徐汇,园林绿化工[S300034],高级/三级
2.00E+14,上海绿化职业技能培训中心,徐汇,园林绿化工[S300034],初级/五级
2.00E+14,上海绿化职业技能培训中心,徐汇,园林绿化工[S300034],中级/四级
2.00E+14,上海绿化职业技能培训中心,徐汇,插花花艺师[S600024],中级/四级
2.00E+14,上海绿化职业技能培训中心,徐汇,插花花艺师[S600024],初级/五级
2.00E+14,上海黄浦区业达职业技能培训中心,黄浦,互联网营销师（直播销售员）[S500023],初级/五级
2.00E+14,上海黄浦区业达职业技能培训中心,黄浦,互联网营销师（直播销售员）[S500023],中级/四级
2.00E+14,上海黄浦区业达职业技能培训中心,黄浦,互联网营销师（直播销售员）[S500023],高级/三级
2.00E+14,上海黄浦区业达职业技能培训中心,黄浦,人工智能训练师[S400054],中级/四级
2.00E+14,上海黄浦区业达职业技能培训中心,黄浦,人工智能训练师[S400054],高级/三级
2.00E+14,上海黄浦区业达职业技能培训中心,黄浦,全媒体运营师（流量运营）[S300070],中级/四级
2.00E+14,上海黄浦区业达职业技能培训中心,黄浦,全媒体运营师（流量运营）[S300070],高级/三级
2.00E+14,上海黄浦区业达职业技能培训中心,黄浦,全媒体运营师（直播运营）[S300070],中级/四级
2.00E+14,上海黄浦区业达职业技能培训中心,黄浦,全媒体运营师（直播运营）[S300070],高级/三级
2.00E+14,上海黄浦区业达职业技能培训中心,黄浦,全媒体运营师（视听运营）[S300070],中级/四级
2.00E+14,上海黄浦区业达职业技能培训中心,黄浦,全媒体运营师（视听运营）[S300070],高级/三级
2.00E+14,上海黄浦区业达职业技能培训中心,黄浦,咖啡师[S300042],高级/三级
2.00E+14,上海黄浦区业达职业技能培训中心,黄浦,咖啡师[S300042],中级/四级
2.00E+14,上海黄浦区业达职业技能培训中心,黄浦,咖啡师[S400042],初级/五级
2.00E+14,上海黄浦区业达职业技能培训中心,黄浦,婴幼儿发展引导员（育婴员）[S300011],初级/五级
2.00E+14,上海黄浦区业达职业技能培训中心,黄浦,婴幼儿发展引导员（育婴员）[S300011],中级/四级
2.00E+14,上海黄浦区业达职业技能培训中心,黄浦,网络与信息安全管理员（互联网信息审核员）[S100017],中级/四级
2.00E+14,上海黄浦区业达职业技能培训中心,黄浦,网络与信息安全管理员（互联网信息审核员）[S100017],高级/三级
2.00E+14,上海黄浦区业达职业技能培训中心,黄浦,网络与信息安全管理员（信息安全管理员）[S100017],中级/四级
2.00E+14,上海黄浦区业达职业技能培训中心,黄浦,网络与信息安全管理员（信息安全管理员）[S100017],高级/三级
2.00E+14,上海黄浦区业达职业技能培训中心,黄浦,网络与信息安全管理员（网络安全管理员）[S100017],中级/四级
2.00E+14,上海黄浦区业达职业技能培训中心,黄浦,网络与信息安全管理员（网络安全管理员）[S100017],高级/三级
2.00E+14,上海黄浦区钟华职业技术培训中心,黄浦,中式烹调师[S300013],初级/五级
2.00E+14,上海黄浦区钟华职业技术培训中心,黄浦,中式烹调师[S300013],中级/四级
2.00E+14,上海黄浦区钟华职业技术培训中心,黄浦,中式烹调师[S300013],高级/三级
2.00E+14,上海黄浦区钟华职业技术培训中心,黄浦,中式烹调师[S300013],技师/二级
2.00E+14,上海黄浦区钟华职业技术培训中心,黄浦,中式烹调师[S300013],高级技师/一级
2.00E+14,上海黄浦区钟华职业技术培训中心,黄浦,中式面点师[S300013],初级/五级
2.00E+14,上海黄浦区钟华职业技术培训中心,黄浦,中式面点师[S300013],中级/四级
2.00E+14,上海黄浦区钟华职业技术培训中心,黄浦,中式面点师[S300013],高级/三级
2.00E+14,上海黄浦区钟华职业技术培训中心,黄浦,咖啡师[S400042],中级/四级
2.00E+14,上海黄浦区钟华职业技术培训中心,黄浦,咖啡师[S400042],初级/五级
2.00E+14,上海黄浦区钟华职业技术培训中心,黄浦,西式面点师[S300013],初级/五级
2.00E+14,上海黄浦区钟华职业技术培训中心,黄浦,西式面点师[S300013],中级/四级
2.00E+14,上海上汽职业技术培训学校,虹口,人工智能训练师[S400054],中级/四级
2.00E+14,上海上汽职业技术培训学校,虹口,人工智能训练师[S400054],高级/三级
2.00E+14,上海上汽职业技术培训学校,虹口,企业人力资源管理师[S300015],中级/四级
2.00E+14,上海上汽职业技术培训学校,虹口,企业人力资源管理师[S300015],高级/三级
2.00E+14,上海上汽职业技术培训学校,虹口,劳动关系协调师[S300016],中级/四级
2.00E+14,上海上汽职业技术培训学校,虹口,劳动关系协调师[S300016],高级/三级
2.00E+14,上海上汽职业技术培训学校,虹口,机修钳工[S600003],初级/五级
2.00E+14,上海上汽职业技术培训学校,虹口,机修钳工[S600003],中级/四级
2.00E+14,上海上汽职业技术培训学校,虹口,机修钳工[S600003],高级/三级
2.00E+14,上海上汽职业技术培训学校,虹口,电工[S100004],高级/三级
2.00E+14,上海上汽职业技术培训学校,虹口,电工[S100004],中级/四级
2.00E+14,上海上汽职业技术培训学校,虹口,电工[S100004],初级/五级
2.00E+14,上海上汽职业技术培训学校,虹口,网络与信息安全管理员（互联网信息审核员）[S100017],高级/三级
2.00E+14,上海宝山区人才学院,宝山,中式烹调师[S300013],初级/五级
2.00E+14,上海宝山区人才学院,宝山,中式面点师[S300013],初级/五级
2.00E+14,上海宝山区人才学院,宝山,中式面点师[S300013],中级/四级
2.00E+14,上海宝山区人才学院,宝山,人工智能训练师[S400054],中级/四级
2.00E+14,上海宝山区人才学院,宝山,人工智能训练师[S400054],高级/三级
2.00E+14,上海宝山区人才学院,宝山,企业人力资源管理师[S300015],中级/四级
2.00E+14,上海宝山区人才学院,宝山,企业人力资源管理师[S300015],高级/三级
2.00E+14,上海宝山区人才学院,宝山,保育师[S300011],初级/五级
2.00E+14,上海宝山区人才学院,宝山,保育师[S300011],中级/四级
2.00E+14,上海宝山区人才学院,宝山,保育师[S300011],高级/三级
2.00E+14,上海宝山区人才学院,宝山,健康照护师（长期照护师）[S500077],初级/五级
2.00E+14,上海宝山区人才学院,宝山,健康照护师（长期照护师）[S500077],中级/四级
2.00E+14,上海宝山区人才学院,宝山,健康照护师（长期照护师）[S500077],高级/三级
2.00E+14,上海宝山区人才学院,宝山,全媒体运营师（数据分析）[S400071],高级/三级
2.00E+14,上海宝山区人才学院,宝山,全媒体运营师（流量运营）[S300070],中级/四级
2.00E+14,上海宝山区人才学院,宝山,全媒体运营师（流量运营）[S300070],高级/三级
2.00E+14,上海宝山区人才学院,宝山,全媒体运营师（流量运营）[S400071],高级/三级
2.00E+14,上海宝山区人才学院,宝山,全媒体运营师（直播运营）[S300070],中级/四级
2.00E+14,上海宝山区人才学院,宝山,全媒体运营师（直播运营）[S300070],高级/三级
2.00E+14,上海宝山区人才学院,宝山,全媒体运营师（直播运营）[S400071],高级/三级
2.00E+14,上海宝山区人才学院,宝山,全媒体运营师（视听运营）[S300070],中级/四级
2.00E+14,上海宝山区人才学院,宝山,全媒体运营师（视听运营）[S300070],高级/三级
2.00E+14,上海宝山区人才学院,宝山,养老护理员[S300038],高级/三级
2.00E+14,上海宝山区人才学院,宝山,养老护理员[S300038],中级/四级
2.00E+14,上海宝山区人才学院,宝山,养老护理员[S300038],初级/五级
2.00E+14,上海宝山区人才学院,宝山,养老护理员[S300038],技师/二级
2.00E+14,上海宝山区人才学院,宝山,养老护理员[S300038],高级技师/一级
2.00E+14,上海宝山区人才学院,宝山,养老护理员[S300060],初级/五级
2.00E+14,上海宝山区人才学院,宝山,养老护理员[S300060],中级/四级
2.00E+14,上海宝山区人才学院,宝山,养老护理员[S300060],高级/三级
2.00E+14,上海宝山区人才学院,宝山,劳动关系协调师[S300016],中级/四级
2.00E+14,上海宝山区人才学院,宝山,劳动关系协调师[S300016],高级/三级
2.00E+14,上海宝山区人才学院,宝山,家政服务员（家务服务员）[S300039],初级/五级
2.00E+14,上海宝山区人才学院,宝山,家政服务员（家务服务员）[S300039],中级/四级
2.00E+14,上海宝山区人才学院,宝山,家政服务员（家务服务员）[S300039],高级/三级
2.00E+14,上海宝山区人才学院,宝山,家政服务员（家庭照护员）[S300031],高级/三级
2.00E+14,上海宝山区人才学院,宝山,家政服务员（家庭照护员）[S300039],高级/三级
2.00E+14,上海宝山区人才学院,宝山,家政服务员（家庭照护员）[S300039],中级/四级
2.00E+14,上海宝山区人才学院,宝山,家政服务员（家庭照护员）[S300039],初级/五级
2.00E+14,上海宝山区人才学院,宝山,插花花艺师[S600024],高级/三级
2.00E+14,上海宝山区人才学院,宝山,插花花艺师[S600024],中级/四级
2.00E+14,上海宝山区人才学院,宝山,插花花艺师[S600024],初级/五级
2.00E+14,上海宝山区人才学院,宝山,电工[S100004],高级/三级
2.00E+14,上海宝山区人才学院,宝山,电工[S100004],中级/四级
2.00E+14,上海宝山区人才学院,宝山,电工[S100004],初级/五级
2.00E+14,上海宝山区人才学院,宝山,职业培训师[S300015],高级/三级
2.00E+14,上海宝山区人才学院,宝山,西式面点师[S300013],初级/五级
2.00E+14,上海宝山区人才学院,宝山,西式面点师[S300013],高级/三级
2.00E+14,上海宝山区人才学院,宝山,车工[S100001],初级/五级
2.00E+14,上海宝山区人才学院,宝山,车工（数控车工）[S100001],中级/四级
2.00E+14,上海宝山区人才学院,宝山,车工（数控车工）[S100001],高级/三级
2.00E+14,上海宝山区人才学院,宝山,铣工（数控铣工）[S100001],中级/四级
2.00E+14,上海宝山区人才学院,宝山,铣工（数控铣工）[S100001],高级/三级
2.00E+14,上海锦华职业技术进修学校,黄浦,茶艺师[S300009],初级/五级
2.00E+14,上海锦华职业技术进修学校,黄浦,茶艺师[S300009],中级/四级
2.00E+14,上海锦华职业技术进修学校,黄浦,茶艺师[S300062],初级/五级
2.00E+14,上海锦华职业技术进修学校,黄浦,茶艺师[S300062],中级/四级
2.00E+14,上海锦华职业技术进修学校,黄浦,评茶师[S300009],初级/五级
2.00E+14,上海锦华职业技术进修学校,黄浦,评茶师[S300009],中级/四级
2.00E+14,上海锦华职业技术进修学校,黄浦,评茶师[S300062],初级/五级
2.00E+14,上海锦华职业技术进修学校,黄浦,评茶师[S300062],中级/四级
2.00E+14,上海锦华职业技术进修学校,黄浦,调酒师[S300013],初级/五级
2.00E+14,上海黄浦区文华职业技术培训学校,黄浦,供应链管理师[S200020],技师/二级
2.00E+14,上海黄浦区文华职业技术培训学校,黄浦,供应链管理师[S200020],高级/三级
2.00E+14,上海黄浦区文华职业技术培训学校,黄浦,供应链管理师[S300031],高级/三级
2.00E+14,上海黄浦区文华职业技术培训学校,黄浦,供应链管理师[S300031],技师/二级
2.00E+14,上海黄浦区文华职业技术培训学校,黄浦,保育师[S300011],初级/五级
2.00E+14,上海黄浦区文华职业技术培训学校,黄浦,养老护理员[S300038],初级/五级
2.00E+14,上海黄浦区文华职业技术培训学校,黄浦,婴幼儿发展引导员（育婴员）[S300011],初级/五级
2.00E+14,上海黄浦区文华职业技术培训学校,黄浦,广告设计师[S300049],高级/三级
2.00E+14,上海黄浦区文华职业技术培训学校,黄浦,电工[S100004],中级/四级
2.00E+14,上海黄浦区文华职业技术培训学校,黄浦,电工[S100004],初级/五级
2.00E+14,上海黄浦区文华职业技术培训学校,黄浦,职业培训师[S300015],技师/二级
2.00E+14,上海黄浦区文华职业技术培训学校,黄浦,职业培训师[S300015],高级/三级
2.00E+14,上海市浦东上船职业技术学校,浦东,中式烹调师[S300013],初级/五级
2.00E+14,上海市浦东上船职业技术学校,浦东,中式烹调师[S300013],中级/四级
2.00E+14,上海市浦东上船职业技术学校,浦东,中式面点师[S300013],初级/五级
2.00E+14,上海市浦东上船职业技术学校,浦东,中式面点师[S300013],中级/四级
2.00E+14,上海市浦东上船职业技术学校,浦东,保卫管理员[S300044],高级/三级
2.00E+14,上海市浦东上船职业技术学校,浦东,家政服务员（家务服务员）[S300039],初级/五级
2.00E+14,上海市浦东上船职业技术学校,浦东,机修钳工[S600003],初级/五级
2.00E+14,上海市浦东上船职业技术学校,浦东,机修钳工[S600003],中级/四级
2.00E+14,上海市浦东上船职业技术学校,浦东,汽车维修工（汽车美容装潢工）[S200005],初级/五级
2.00E+14,上海市浦东上船职业技术学校,浦东,焊工（电焊工）[S100050],初级/五级
2.00E+14,上海市浦东上船职业技术学校,浦东,焊工（电焊工）[S100050],中级/四级
2.00E+14,上海市浦东上船职业技术学校,浦东,焊工（电焊工）[S100050],高级/三级
2.00E+14,上海市浦东上船职业技术学校,浦东,焊工（电焊工）[S100050],技师/二级
2.00E+14,上海市浦东上船职业技术学校,浦东,物业管理师[S300037],中级/四级
2.00E+14,上海市浦东上船职业技术学校,浦东,物业管理师[S300037],高级/三级
2.00E+14,上海市浦东上船职业技术学校,浦东,电工[S100004],高级技师/一级
2.00E+14,上海市浦东上船职业技术学校,浦东,电工[S100004],技师/二级
2.00E+14,上海市浦东上船职业技术学校,浦东,电工[S100004],高级/三级
2.00E+14,上海市浦东上船职业技术学校,浦东,电工[S100004],中级/四级
2.00E+14,上海市浦东上船职业技术学校,浦东,电工[S100004],初级/五级
2.00E+14,上海市浦东上船职业技术学校,浦东,车工[S100001],初级/五级
2.00E+14,上海市浦东上船职业技术学校,浦东,车工（普通车工）[S100001],中级/四级
2.00E+14,上海市浦东沪东中华职业技能培训中心,浦东,人工智能训练师[S400054],中级/四级
2.00E+14,上海市浦东沪东中华职业技能培训中心,浦东,人工智能训练师[S400054],高级/三级
2.00E+14,上海市浦东沪东中华职业技能培训中心,浦东,机修钳工[S600003],初级/五级
2.00E+14,上海市浦东沪东中华职业技能培训中心,浦东,机修钳工[S600003],中级/四级
2.00E+14,上海市浦东沪东中华职业技能培训中心,浦东,机修钳工[S600003],高级/三级
2.00E+14,上海市浦东沪东中华职业技能培训中心,浦东,机修钳工[S600003],技师/二级
2.00E+14,上海市浦东沪东中华职业技能培训中心,浦东,电工[S100004],技师/二级
2.00E+14,上海市浦东沪东中华职业技能培训中心,浦东,电工[S100004],高级/三级
2.00E+14,上海市浦东沪东中华职业技能培训中心,浦东,电工[S100004],中级/四级
2.00E+14,上海市浦东沪东中华职业技能培训中心,浦东,电工[S100004],初级/五级
2.00E+14,上海市浦东沪东中华职业技能培训中心,浦东,车工[S100001],初级/五级
2.00E+14,上海市浦东沪东中华职业技能培训中心,浦东,车工（数控车工）[S100001],中级/四级
2.00E+14,上海市浦东沪东中华职业技能培训中心,浦东,车工（数控车工）[S100001],高级/三级
2.00E+14,上海市浦东沪东中华职业技能培训中心,浦东,铣工（数控铣工）[S100001],中级/四级
2.00E+14,上海市浦东沪东中华职业技能培训中心,浦东,铣工（数控铣工）[S100001],高级/三级
2.00E+14,上海浦东新区上菱职业技术培训中心,浦东,中央空调系统运行操作员[S600007],初级/五级
2.00E+14,上海浦东新区上菱职业技术培训中心,浦东,中央空调系统运行操作员[S600007],中级/四级
2.00E+14,上海浦东新区上菱职业技术培训中心,浦东,中央空调系统运行操作员[S600007],高级/三级
2.00E+14,上海浦东新区上菱职业技术培训中心,浦东,制冷空调系统安装维修工[S600007],初级/五级
2.00E+14,上海浦东新区上菱职业技术培训中心,浦东,制冷空调系统安装维修工[S600007],中级/四级
2.00E+14,上海浦东新区上菱职业技术培训中心,浦东,制冷空调系统安装维修工[S600007],高级/三级
2.00E+14,上海浦东新区上菱职业技术培训中心,浦东,制冷空调系统安装维修工[S600007],技师/二级
2.00E+14,上海浦东新区上菱职业技术培训中心,浦东,制冷空调系统安装维修工[S600007],高级技师/一级
2.00E+14,上海浦东新区高桥职业技能培训中心,浦东,铣工（数控铣工）[S100001],中级/四级
2.00E+14,上海隧道职业技能培训中心,徐汇,电工[S100004],中级/四级
2.00E+14,上海隧道职业技能培训中心,徐汇,电工[S100004],初级/五级
2.00E+14,上海市浦东特种设备职业技能培训中心,浦东,电梯安装维修工[S300006],初级/五级
2.00E+14,上海市浦东特种设备职业技能培训中心,浦东,电梯安装维修工[S300006],中级/四级
2.00E+14,上海市浦东特种设备职业技能培训中心,浦东,电梯安装维修工[S300006],高级/三级
2.00E+14,上海市浦东特种设备职业技能培训中心,浦东,电梯安装维修工[S300006],技师/二级
2.00E+14,上海浦东新区振华职业技能培训中心,浦东,中式烹调师[S300013],初级/五级
2.00E+14,上海浦东新区振华职业技能培训中心,浦东,电子商务师（网商）[S300030],中级/四级
2.00E+14,上海浦东新区振华职业技能培训中心,浦东,电子商务师（网商）[S300030],高级/三级
2.00E+14,上海浦东新区振华职业技能培训中心,浦东,西式面点师[S300013],初级/五级
2.00E+14,上海南亚职业技术培训学校,徐汇,制冷空调系统安装维修工[S600007],中级/四级
2.00E+14,上海南亚职业技术培训学校,徐汇,模具工（冲压模）[S600002],中级/四级
2.00E+14,上海南亚职业技术培训学校,徐汇,模具工（冲压模）[S600002],高级/三级
2.00E+14,上海南亚职业技术培训学校,徐汇,模具工（注射模）[S600002],中级/四级
2.00E+14,上海南亚职业技术培训学校,徐汇,模具工（注射模）[S600002],高级/三级
2.00E+14,上海南亚职业技术培训学校,徐汇,电切削工（电火花成型机床操作工）[S100001],中级/四级
2.00E+14,上海南亚职业技术培训学校,徐汇,电切削工（电火花线切割机床操作工）[S100001],中级/四级
2.00E+14,上海南亚职业技术培训学校,徐汇,电工[S100004],高级/三级
2.00E+14,上海南亚职业技术培训学校,徐汇,电工[S100004],中级/四级
2.00E+14,上海南亚职业技术培训学校,徐汇,电工[S100004],初级/五级
2.00E+14,上海南亚职业技术培训学校,徐汇,眼镜定配工[S300010],初级/五级
2.00E+14,上海南亚职业技术培训学校,徐汇,眼镜定配工[S300010],中级/四级
2.00E+14,上海南亚职业技术培训学校,徐汇,眼镜验光师[S300010],初级/五级
2.00E+14,上海南亚职业技术培训学校,徐汇,眼镜验光师[S300010],中级/四级
2.00E+14,上海南亚职业技术培训学校,徐汇,车工（数控车工）[S100001],中级/四级
2.00E+14,上海南亚职业技术培训学校,徐汇,车工（数控车工）[S100001],高级/三级
2.00E+14,上海南亚职业技术培训学校,徐汇,车工（数控车工）[S100001],技师/二级
2.00E+14,上海南亚职业技术培训学校,徐汇,铣工（数控铣工）[S100001],中级/四级
2.00E+14,上海南亚职业技术培训学校,徐汇,铣工（数控铣工）[S100001],高级/三级
2.00E+14,上海南亚职业技术培训学校,徐汇,铣工（数控铣工）[S100001],技师/二级
2.00E+14,上海联盟智库职业技能培训学校,闵行,人工智能训练师[S400054],中级/四级
2.00E+14,上海联盟智库职业技能培训学校,闵行,人工智能训练师[S400054],高级/三级
2.00E+14,上海联盟智库职业技能培训学校,闵行,人工智能训练师[S500053],高级/三级
2.00E+14,上海联盟智库职业技能培训学校,闵行,供应链管理师[S200020],技师/二级
2.00E+14,上海联盟智库职业技能培训学校,闵行,供应链管理师[S200020],高级/三级
2.00E+14,上海联盟智库职业技能培训学校,闵行,供应链管理师[S300031],高级/三级
2.00E+14,上海联盟智库职业技能培训学校,闵行,全媒体运营师（流量运营）[S300070],中级/四级
2.00E+14,上海联盟智库职业技能培训学校,闵行,全媒体运营师（流量运营）[S300070],高级/三级
2.00E+14,上海联盟智库职业技能培训学校,闵行,全媒体运营师（流量运营）[S400071],高级/三级
2.00E+14,上海联盟智库职业技能培训学校,闵行,全媒体运营师（流量运营）[S400071],中级/四级
2.00E+14,上海联盟智库职业技能培训学校,闵行,动画制作员[S400022],中级/四级
2.00E+14,上海联盟智库职业技能培训学校,闵行,动画制作员[S400022],高级/三级
2.00E+14,上海联盟智库职业技能培训学校,闵行,包装设计师[S500046],技师/二级
2.00E+14,上海联盟智库职业技能培训学校,闵行,包装设计师[S500046],高级/三级
2.00E+14,上海联盟智库职业技能培训学校,闵行,包装设计师[S500046],中级/四级
2.00E+14,上海联盟智库职业技能培训学校,闵行,室内装饰设计师[S300031],高级/三级
2.00E+14,上海联盟智库职业技能培训学校,闵行,室内装饰设计师[S300031],技师/二级
2.00E+14,上海联盟智库职业技能培训学校,闵行,家政服务员（家务服务员）[S300031],高级/三级
2.00E+14,上海联盟智库职业技能培训学校,闵行,家政服务员（家务服务员）[S300031],初级/五级
2.00E+14,上海联盟智库职业技能培训学校,闵行,家政服务员（家务服务员）[S300031],中级/四级
2.00E+14,上海联盟智库职业技能培训学校,闵行,家政服务员（家庭照护员）[S300031],高级/三级
2.00E+14,上海联盟智库职业技能培训学校,闵行,家政服务员（家庭照护员）[S300031],初级/五级
2.00E+14,上海联盟智库职业技能培训学校,闵行,广告设计师[S300049],高级/三级
2.00E+14,上海联盟智库职业技能培训学校,闵行,物流服务师[S300035],高级/三级
2.00E+14,上海联盟智库职业技能培训学校,闵行,电子商务师（网商）[S300030],中级/四级
2.00E+14,上海联盟智库职业技能培训学校,闵行,电子商务师（网商）[S300030],高级/三级
2.00E+14,上海联盟智库职业技能培训学校,闵行,美容师[S300008],初级/五级
2.00E+14,上海联盟智库职业技能培训学校,闵行,美容师[S300008],中级/四级
2.00E+14,上海联盟智库职业技能培训学校,闵行,计算机软件测试员[S300032],高级/三级
2.00E+14,上海浦东新区梅龙镇职业技能培训学校,浦东,中式烹调师[S300013],初级/五级
2.00E+14,上海浦东新区梅龙镇职业技能培训学校,浦东,中式烹调师[S300013],中级/四级
2.00E+14,上海浦东新区梅龙镇职业技能培训学校,浦东,中式烹调师[S300013],高级/三级
2.00E+14,上海浦东新区梅龙镇职业技能培训学校,浦东,中式烹调师[S300013],技师/二级
2.00E+14,上海浦东新区梅龙镇职业技能培训学校,浦东,中式烹调师[S300013],高级技师/一级
2.00E+14,上海浦东新区梅龙镇职业技能培训学校,浦东,中式面点师[S300013],初级/五级
2.00E+14,上海浦东新区梅龙镇职业技能培训学校,浦东,中式面点师[S300013],中级/四级
2.00E+14,上海浦东新区梅龙镇职业技能培训学校,浦东,咖啡师[S400042],中级/四级
2.00E+14,上海浦东新区梅龙镇职业技能培训学校,浦东,咖啡师[S400042],初级/五级
2.00E+14,上海浦东新区梅龙镇职业技能培训学校,浦东,家政服务员（母婴护理员）[S300039],初级/五级
2.00E+14,上海浦东新区梅龙镇职业技能培训学校,浦东,茶艺师[S300009],初级/五级
2.00E+14,上海浦东新区梅龙镇职业技能培训学校,浦东,西式烹调师[S600012],初级/五级
2.00E+14,上海浦东新区梅龙镇职业技能培训学校,浦东,西式烹调师[S600012],中级/四级
2.00E+14,上海浦东新区梅龙镇职业技能培训学校,浦东,西式面点师[S300013],初级/五级
2.00E+14,上海浦东新区梅龙镇职业技能培训学校,浦东,西式面点师[S300013],中级/四级
2.00E+14,上海浦东新区梅龙镇职业技能培训学校,浦东,西式面点师[S300013],高级/三级
2.00E+14,上海市浦东新曙光职业培训中心,浦东,人工智能训练师[S300040],初级/五级
2.00E+14,上海市浦东新曙光职业培训中心,浦东,养老护理员[S300060],中级/四级
2.00E+14,上海市浦东新曙光职业培训中心,浦东,电工[S100004],高级/三级
2.00E+14,上海市浦东新曙光职业培训中心,浦东,电工[S100004],中级/四级
2.00E+14,上海市浦东新曙光职业培训中心,浦东,电工[S100004],初级/五级
2.00E+14,上海服装行业职业技术学校,普陀,形象设计师[S300008],高级/三级
2.00E+14,上海服装行业职业技术学校,普陀,服装制版师（裁剪服装制版师）[S300043],中级/四级
2.00E+14,上海服装行业职业技术学校,普陀,服装制版师（裁剪服装制版师）[S300043],高级/三级
2.00E+14,上海公用职业技术培训学校,徐汇,全媒体运营师（创意策划）[S400071],高级/三级
2.00E+14,上海公用职业技术培训学校,徐汇,全媒体运营师（视听运营）[S300070],高级/三级
2.00E+14,上海公用职业技术培训学校,徐汇,广告设计师[S300049],高级/三级
2.00E+14,上海公用职业技术培训学校,徐汇,汽车维修工（汽车机械维修工）[S200005],初级/五级
2.00E+14,上海公用职业技术培训学校,徐汇,汽车维修工（汽车机械维修工）[S200005],中级/四级
2.00E+14,上海公用职业技术培训学校,徐汇,汽车维修工（汽车机械维修工）[S200005],高级/三级
2.00E+14,上海公用职业技术培训学校,徐汇,汽车维修工（汽车机械维修工）[S200005],技师/二级
2.00E+14,上海飞航职业技术学校,徐汇,中式烹调师[S300013],初级/五级
2.00E+14,上海飞航职业技术学校,徐汇,中式烹调师[S300013],中级/四级
2.00E+14,上海飞航职业技术学校,徐汇,中式烹调师[S300013],高级/三级
2.00E+14,上海飞航职业技术学校,徐汇,中式烹调师[S300013],技师/二级
2.00E+14,上海飞航职业技术学校,徐汇,中式面点师[S300013],初级/五级
2.00E+14,上海飞航职业技术学校,徐汇,中式面点师[S300013],中级/四级
2.00E+14,上海飞航职业技术学校,徐汇,中式面点师[S300013],高级/三级
2.00E+14,上海飞航职业技术学校,徐汇,咖啡师[S400042],高级/三级
2.00E+14,上海飞航职业技术学校,徐汇,咖啡师[S400042],中级/四级
2.00E+14,上海飞航职业技术学校,徐汇,咖啡师[S400042],初级/五级
2.00E+14,上海飞航职业技术学校,徐汇,茶艺师[S300009],初级/五级
2.00E+14,上海飞航职业技术学校,徐汇,茶艺师[S300009],中级/四级
2.00E+14,上海飞航职业技术学校,徐汇,西式烹调师[S600012],初级/五级
2.00E+14,上海飞航职业技术学校,徐汇,西式烹调师[S600012],中级/四级
2.00E+14,上海飞航职业技术学校,徐汇,西式面点师[S300013],初级/五级
2.00E+14,上海飞航职业技术学校,徐汇,西式面点师[S300013],中级/四级
2.00E+14,上海飞航职业技术学校,徐汇,西式面点师[S300013],高级/三级
2.00E+14,上海市浦东安老护理职业学校,浦东,养老护理员[S300038],中级/四级
2.00E+14,上海市浦东安老护理职业学校,浦东,养老护理员[S300038],初级/五级
2.00E+14,上海市嘉定区交通职业技术培训中心,嘉定,汽车维修工（汽车机械维修工）[S200005],初级/五级
2.00E+14,上海市嘉定区交通职业技术培训中心,嘉定,汽车维修工（汽车机械维修工）[S200005],中级/四级
2.00E+14,上海市嘉定区交通职业技术培训中心,嘉定,汽车维修工（汽车机械维修工）[S200005],高级/三级
2.00E+14,上海市奉贤阳光培训学校,奉贤,中式烹调师[S300013],初级/五级
2.00E+14,上海市奉贤阳光培训学校,奉贤,中式烹调师[S300013],中级/四级
2.00E+14,上海市奉贤阳光培训学校,奉贤,中式面点师[S300013],初级/五级
2.00E+14,上海市奉贤阳光培训学校,奉贤,中式面点师[S300013],中级/四级
2.00E+14,上海市奉贤阳光培训学校,奉贤,人工智能训练师[S500053],高级/三级
2.00E+14,上海市奉贤阳光培训学校,奉贤,保育师[S300011],初级/五级
2.00E+14,上海市奉贤阳光培训学校,奉贤,保育师[S300011],中级/四级
2.00E+14,上海市奉贤阳光培训学校,奉贤,保育师[S300011],高级/三级
2.00E+14,上海市奉贤阳光培训学校,奉贤,婴幼儿发展引导员（育婴员）[S300011],初级/五级
2.00E+14,上海市奉贤阳光培训学校,奉贤,婴幼儿发展引导员（育婴员）[S300011],中级/四级
2.00E+14,上海市奉贤阳光培训学校,奉贤,婴幼儿发展引导员（育婴员）[S300011],高级/三级
2.00E+14,上海市奉贤阳光培训学校,奉贤,家政服务员（家务服务员）[S300039],初级/五级
2.00E+14,上海市奉贤阳光培训学校,奉贤,家政服务员（家务服务员）[S300039],中级/四级
2.00E+14,上海市奉贤阳光培训学校,奉贤,家政服务员（家务服务员）[S300039],高级/三级
2.00E+14,上海市奉贤阳光培训学校,奉贤,家政服务员（家庭照护员）[S300039],高级/三级
2.00E+14,上海市奉贤阳光培训学校,奉贤,家政服务员（家庭照护员）[S300039],中级/四级
2.00E+14,上海市奉贤阳光培训学校,奉贤,家政服务员（家庭照护员）[S300039],初级/五级
2.00E+14,上海市奉贤阳光培训学校,奉贤,家政服务员（母婴护理员）[S300039],初级/五级
2.00E+14,上海市奉贤阳光培训学校,奉贤,家政服务员（母婴护理员）[S300039],中级/四级
2.00E+14,上海市奉贤阳光培训学校,奉贤,家政服务员（母婴护理员）[S300039],高级/三级
2.00E+14,上海市奉贤阳光培训学校,奉贤,茶艺师[S300009],初级/五级
2.00E+14,上海市奉贤阳光培训学校,奉贤,茶艺师[S300009],中级/四级
2.00E+14,上海市奉贤阳光培训学校,奉贤,西式面点师[S300013],初级/五级
2.00E+14,上海市奉贤阳光培训学校,奉贤,西式面点师[S300013],中级/四级
2.00E+14,上海市奉贤阳光培训学校,奉贤,评茶师[S300009],初级/五级
2.00E+14,上海市奉贤阳光培训学校,奉贤,评茶师[S300009],中级/四级
2.00E+14,上海市长宁科技进修学院,长宁,养老护理员[S300038],初级/五级
2.00E+14,上海农广培训中心,松江,中式烹调师[S300013],初级/五级
2.00E+14,上海农广培训中心,松江,中式烹调师[S300013],中级/四级
2.00E+14,上海农广培训中心,松江,中式烹调师[S300013],高级/三级
2.00E+14,上海农广培训中心,松江,中式面点师[S300013],初级/五级
2.00E+14,上海农广培训中心,松江,中式面点师[S300013],中级/四级
2.00E+14,上海农广培训中心,松江,中式面点师[S300013],高级/三级
2.00E+14,上海自然美技能培训中心,静安,美容师[S300008],初级/五级
2.00E+14,上海自然美技能培训中心,静安,美容师[S300008],中级/四级
2.00E+14,上海自然美技能培训中心,静安,美容师[S300008],高级/三级
2.00E+14,上海自然美技能培训中心,静安,美甲师[S300008],初级/五级
2.00E+14,上海石化工业学校职业技能培训中心,金山,企业人力资源管理师[S300015],中级/四级
2.00E+14,上海石化工业学校职业技能培训中心,金山,电工[S100004],技师/二级
2.00E+14,上海石化工业学校职业技能培训中心,金山,电工[S100004],高级/三级
2.00E+14,上海石化工业学校职业技能培训中心,金山,电工[S100004],中级/四级
2.00E+14,上海石化工业学校职业技能培训中心,金山,电工[S100004],初级/五级
2.00E+14,上海石化工业学校职业技能培训中心,金山,车工（数控车工）[S100001],中级/四级
2.00E+14,上海石化工业学校职业技能培训中心,金山,铣工（数控铣工）[S100001],中级/四级
2.00E+14,上海金山区金艺职业技能培训中心,金山,家政服务员[S300039],技师/二级
2.00E+14,上海金山区金艺职业技能培训中心,金山,家政服务员（家务服务员）[S300031],高级/三级
2.00E+14,上海金山区金艺职业技能培训中心,金山,家政服务员（家务服务员）[S300039],初级/五级
2.00E+14,上海金山区金艺职业技能培训中心,金山,家政服务员（家务服务员）[S300039],中级/四级
2.00E+14,上海金山区金艺职业技能培训中心,金山,家政服务员（家务服务员）[S300039],高级/三级
2.00E+14,上海金山区金艺职业技能培训中心,金山,家政服务员（母婴护理员）[S300039],初级/五级
2.00E+14,上海金山区金艺职业技能培训中心,金山,家政服务员（母婴护理员）[S300039],中级/四级
2.00E+14,上海金山区金艺职业技能培训中心,金山,家政服务员（母婴护理员）[S300039],高级/三级
2.00E+14,上海金山区金艺职业技能培训中心,金山,电子商务师（网商）[S300030],中级/四级
2.00E+14,上海金山区金艺职业技能培训中心,金山,电子商务师（网商）[S300030],高级/三级
2.00E+14,上海金山区园艺职业技能培训中心,金山,园林绿化工[S300034],高级/三级
2.00E+14,上海金山区园艺职业技能培训中心,金山,园林绿化工[S300034],初级/五级
2.00E+14,上海金山区园艺职业技能培训中心,金山,园林绿化工[S300034],中级/四级
2.00E+14,上海金山区振欣职业技能培训中心,金山,机修钳工[S600003],初级/五级
2.00E+14,上海金山区振欣职业技能培训中心,金山,机修钳工[S600003],中级/四级
2.00E+14,上海金山区振欣职业技能培训中心,金山,电工[S100004],中级/四级
2.00E+14,上海金山区振欣职业技能培训中心,金山,电工[S100004],初级/五级
2.00E+14,上海金山区现代职业技能培训中心,金山,中式烹调师[S300013],初级/五级
2.00E+14,上海金山区现代职业技能培训中心,金山,中式烹调师[S300013],中级/四级
2.00E+14,上海金山区现代职业技能培训中心,金山,中式烹调师[S300013],高级/三级
2.00E+14,上海金山区现代职业技能培训中心,金山,中式烹调师[S300013],技师/二级
2.00E+14,上海金山区现代职业技能培训中心,金山,中式面点师[S300013],初级/五级
2.00E+14,上海金山区现代职业技能培训中心,金山,中式面点师[S300013],中级/四级
2.00E+14,上海金山区现代职业技能培训中心,金山,中式面点师[S300013],高级/三级
2.00E+14,上海金山区现代职业技能培训中心,金山,人工智能训练师[S400054],中级/四级
2.00E+14,上海金山区现代职业技能培训中心,金山,人工智能训练师[S400054],高级/三级
2.00E+14,上海金山区现代职业技能培训中心,金山,保育师[S300011],初级/五级
2.00E+14,上海金山区现代职业技能培训中心,金山,保育师[S300011],中级/四级
2.00E+14,上海金山区现代职业技能培训中心,金山,保育师[S300011],高级/三级
2.00E+14,上海金山区现代职业技能培训中心,金山,农产品食品检验员（农产品质量安全检测员）[S600026],初级/五级
2.00E+14,上海金山区现代职业技能培训中心,金山,农产品食品检验员（农产品质量安全检测员）[S600026],高级/三级
2.00E+14,上海金山区现代职业技能培训中心,金山,农产品食品检验员（农产品质量安全检测员）[S600026],中级/四级
2.00E+14,上海金山区现代职业技能培训中心,金山,婴幼儿发展引导员（育婴员）[S300011],初级/五级
2.00E+14,上海金山区现代职业技能培训中心,金山,婴幼儿发展引导员（育婴员）[S300011],中级/四级
2.00E+14,上海金山区现代职业技能培训中心,金山,婴幼儿发展引导员（育婴员）[S300011],高级/三级
2.00E+14,上海金山区现代职业技能培训中心,金山,汽车维修工（汽车机械维修工）[S200005],初级/五级
2.00E+14,上海金山区现代职业技能培训中心,金山,汽车维修工（汽车机械维修工）[S200005],中级/四级
2.00E+14,上海金山区现代职业技能培训中心,金山,茶艺师[S300009],初级/五级
2.00E+14,上海金山区现代职业技能培训中心,金山,茶艺师[S300009],中级/四级
2.00E+14,上海金山区现代职业技能培训中心,金山,西式面点师[S300013],初级/五级
2.00E+14,上海金山区现代职业技能培训中心,金山,西式面点师[S300013],中级/四级
2.00E+14,上海金山区现代职业技能培训中心,金山,西式面点师[S300013],高级/三级
2.00E+14,上海金山区现代职业技能培训中心,金山,评茶师[S300009],初级/五级
2.00E+14,上海金山区现代职业技能培训中心,金山,评茶师[S300009],中级/四级
2.00E+14,上海金山区现代职业技能培训中心,金山,评茶师[S300009],高级/三级
2.00E+14,上海香格里职业培训学校,青浦,中式烹调师[S300013],初级/五级
2.00E+14,上海香格里职业培训学校,青浦,中式烹调师[S300013],中级/四级
2.00E+14,上海香格里职业培训学校,青浦,中式面点师[S300013],初级/五级
2.00E+14,上海香格里职业培训学校,青浦,中式面点师[S300013],中级/四级
2.00E+14,上海香格里职业培训学校,青浦,健康照护师（长期照护师）[S500077],初级/五级
2.00E+14,上海香格里职业培训学校,青浦,养老护理员[S300038],高级/三级
2.00E+14,上海香格里职业培训学校,青浦,养老护理员[S300038],中级/四级
2.00E+14,上海香格里职业培训学校,青浦,养老护理员[S300038],初级/五级
2.00E+14,上海香格里职业培训学校,青浦,养老护理员[S300060],初级/五级
2.00E+14,上海香格里职业培训学校,青浦,养老护理员[S300060],中级/四级
2.00E+14,上海香格里职业培训学校,青浦,养老护理员[S300060],高级/三级
2.00E+14,上海香格里职业培训学校,青浦,婴幼儿发展引导员（育婴员）[S300011],初级/五级
2.00E+14,上海香格里职业培训学校,青浦,婴幼儿发展引导员（育婴员）[S300011],中级/四级
2.00E+14,上海香格里职业培训学校,青浦,婴幼儿发展引导员（育婴员）[S300011],高级/三级
2.00E+14,上海香格里职业培训学校,青浦,家政服务员（家务服务员）[S300039],初级/五级
2.00E+14,上海香格里职业培训学校,青浦,家政服务员（家务服务员）[S300039],中级/四级
2.00E+14,上海香格里职业培训学校,青浦,家政服务员（家务服务员）[S300039],高级/三级
2.00E+14,上海香格里职业培训学校,青浦,家政服务员（母婴护理员）[S300039],初级/五级
2.00E+14,上海香格里职业培训学校,青浦,家政服务员（母婴护理员）[S300039],中级/四级
2.00E+14,上海香格里职业培训学校,青浦,家政服务员（母婴护理员）[S300039],高级/三级
2.00E+14,上海香格里职业培训学校,青浦,网约配送员[S300036],初级/五级
2.00E+14,上海香格里职业培训学校,青浦,网约配送员[S300036],中级/四级
2.00E+14,上海香格里职业培训学校,青浦,茶艺师[S300009],初级/五级
2.00E+14,上海香格里职业培训学校,青浦,茶艺师[S300009],中级/四级
2.00E+14,上海香格里职业培训学校,青浦,茶艺师[S300062],初级/五级
2.00E+14,上海香格里职业培训学校,青浦,评茶师[S300009],初级/五级
2.00E+14,上海香格里职业培训学校,青浦,评茶师[S300009],中级/四级
2.00E+14,上海崇明中华职业进修学校,崇明,中式面点师[S300013],初级/五级
2.00E+14,上海崇明中华职业进修学校,崇明,中式面点师[S300013],中级/四级
2.00E+14,上海崇明中华职业进修学校,崇明,中式面点师[S300013],高级/三级
2.00E+14,上海崇明中华职业进修学校,崇明,中式面点师[S300013],技师/二级
2.00E+14,上海崇明中华职业进修学校,崇明,保育师[S300011],初级/五级
2.00E+14,上海崇明中华职业进修学校,崇明,保育师[S300011],中级/四级
2.00E+14,上海崇明中华职业进修学校,崇明,保育师[S300011],高级/三级
2.00E+14,上海崇明中华职业进修学校,崇明,健康照护师（长期照护师）[S500077],初级/五级
2.00E+14,上海崇明中华职业进修学校,崇明,健康照护师（长期照护师）[S500077],中级/四级
2.00E+14,上海崇明中华职业进修学校,崇明,健康照护师（长期照护师）[S500077],高级/三级
2.00E+14,上海崇明中华职业进修学校,崇明,养老护理员[S300038],高级/三级
2.00E+14,上海崇明中华职业进修学校,崇明,养老护理员[S300038],中级/四级
2.00E+14,上海崇明中华职业进修学校,崇明,养老护理员[S300038],初级/五级
2.00E+14,上海崇明中华职业进修学校,崇明,制冷空调系统安装维修工[S600007],初级/五级
2.00E+14,上海崇明中华职业进修学校,崇明,家政服务员（家务服务员）[S300039],初级/五级
2.00E+14,上海崇明中华职业进修学校,崇明,家政服务员（母婴护理员）[S300039],初级/五级
2.00E+14,上海崇明中华职业进修学校,崇明,电工[S100004],技师/二级
2.00E+14,上海崇明中华职业进修学校,崇明,电工[S100004],高级/三级
2.00E+14,上海崇明中华职业进修学校,崇明,电工[S100004],中级/四级
2.00E+14,上海崇明中华职业进修学校,崇明,电工[S100004],初级/五级
2.00E+14,上海崇明中华职业进修学校,崇明,营养配餐员[S300013],中级/四级
2.00E+14,上海崇明中华职业进修学校,崇明,营养配餐员[S300013],高级/三级
2.00E+14,上海崇明中华职业进修学校,崇明,西式面点师[S300013],初级/五级
2.00E+14,上海崇明中华职业进修学校,崇明,西式面点师[S300013],中级/四级
2.00E+14,上海崇明中华职业进修学校,崇明,西式面点师[S300013],高级/三级
2.00E+14,上海市志丹职业技能培训学校,普陀,供应链管理师[S200020],高级/三级
2.00E+14,上海市志丹职业技能培训学校,普陀,全媒体运营师（创意策划）[S400071],高级/三级
2.00E+14,上海市志丹职业技能培训学校,普陀,全媒体运营师（数据分析）[S400071],高级/三级
2.00E+14,上海市志丹职业技能培训学校,普陀,全媒体运营师（流量运营）[400050],高级/三级
2.00E+14,上海市志丹职业技能培训学校,普陀,全媒体运营师（直播运营）[S300070],高级/三级
2.00E+14,上海市志丹职业技能培训学校,普陀,全媒体运营师（视听运营）[S300070],高级/三级
2.00E+14,上海市志丹职业技能培训学校,普陀,养老护理员[S300038],高级/三级
2.00E+14,上海市志丹职业技能培训学校,普陀,养老护理员[S300038],中级/四级
2.00E+14,上海市志丹职业技能培训学校,普陀,养老护理员[S300038],初级/五级
2.00E+14,上海市志丹职业技能培训学校,普陀,养老护理员[S300060],初级/五级
2.00E+14,上海市志丹职业技能培训学校,普陀,养老护理员[S300060],中级/四级
2.00E+14,上海市志丹职业技能培训学校,普陀,养老护理员[S300060],高级/三级
2.00E+14,上海市志丹职业技能培训学校,普陀,家政服务员（家庭照护员）[S300031],高级/三级
2.00E+14,上海曹杨职业技能培训中心,普陀,中式烹调师[S300013],初级/五级
2.00E+14,上海曹杨职业技能培训中心,普陀,中式烹调师[S300013],中级/四级
2.00E+14,上海曹杨职业技能培训中心,普陀,中式烹调师[S300013],高级/三级
2.00E+14,上海曹杨职业技能培训中心,普陀,中式面点师[S300013],初级/五级
2.00E+14,上海曹杨职业技能培训中心,普陀,中式面点师[S300013],中级/四级
2.00E+14,上海曹杨职业技能培训中心,普陀,中式面点师[S300013],高级/三级
2.00E+14,上海曹杨职业技能培训中心,普陀,保育师[S300011],初级/五级
2.00E+14,上海曹杨职业技能培训中心,普陀,保育师[S300011],中级/四级
2.00E+14,上海曹杨职业技能培训中心,普陀,保育师[S300011],高级/三级
2.00E+14,上海曹杨职业技能培训中心,普陀,汽车维修工（汽车机械维修工）[S200005],初级/五级
2.00E+14,上海曹杨职业技能培训中心,普陀,汽车维修工（汽车机械维修工）[S200005],中级/四级
2.00E+14,上海曹杨职业技能培训中心,普陀,汽车维修工（汽车机械维修工）[S200005],高级/三级
2.00E+14,上海曹杨职业技能培训中心,普陀,汽车维修工（汽车美容装潢工）[S200005],初级/五级
2.00E+14,上海曹杨职业技能培训中心,普陀,汽车维修工（汽车美容装潢工）[S200005],中级/四级
2.00E+14,上海曹杨职业技能培训中心,普陀,汽车维修工（汽车车身整形修复工）[S200005],初级/五级
2.00E+14,上海曹杨职业技能培训中心,普陀,汽车维修工（汽车车身整形修复工）[S200005],中级/四级
2.00E+14,上海曹杨职业技能培训中心,普陀,汽车维修工（汽车车身整形修复工）[S200005],高级/三级
2.00E+14,上海曹杨职业技能培训中心,普陀,汽车维修工（汽车车身整形修复工）[S200005],技师/二级
2.00E+14,上海曹杨职业技能培训中心,普陀,汽车维修工（汽车车身涂装修复工）[S200005],初级/五级
2.00E+14,上海曹杨职业技能培训中心,普陀,汽车维修工（汽车车身涂装修复工）[S200005],中级/四级
2.00E+14,上海曹杨职业技能培训中心,普陀,汽车维修工（汽车车身涂装修复工）[S200005],高级/三级
2.00E+14,上海曹杨职业技能培训中心,普陀,茶艺师[S300009],初级/五级
2.00E+14,上海曹杨职业技能培训中心,普陀,茶艺师[S300009],中级/四级
2.00E+14,上海曹杨职业技能培训中心,普陀,西式烹调师[S600012],初级/五级
2.00E+14,上海曹杨职业技能培训中心,普陀,西式烹调师[S600012],中级/四级
2.00E+14,上海曹杨职业技能培训中心,普陀,西式烹调师[S600012],高级/三级
2.00E+14,上海曹杨职业技能培训中心,普陀,西式面点师[S300013],初级/五级
2.00E+14,上海曹杨职业技能培训中心,普陀,西式面点师[S300013],中级/四级
2.00E+14,上海曹杨职业技能培训中心,普陀,西式面点师[S300013],高级/三级
2.00E+14,上海曹杨职业技能培训中心,普陀,餐厅服务员[S300013],高级/三级
2.00E+14,上海曹杨职业技能培训中心,普陀,餐厅服务员[S300013],中级/四级
2.00E+14,上海曹杨职业技能培训中心,普陀,餐厅服务员[S300013],初级/五级
2.00E+14,上海新世纪职业技能培训中心,普陀,咖啡师[S300042],高级/三级
2.00E+14,上海新世纪职业技能培训中心,普陀,咖啡师[S300042],中级/四级
2.00E+14,上海新世纪职业技能培训中心,普陀,咖啡师[S400042],初级/五级
2.00E+14,上海新世纪职业技能培训中心,普陀,插花花艺师[S600024],中级/四级
2.00E+14,上海新世纪职业技能培训中心,普陀,插花花艺师[S600024],初级/五级
2.00E+14,上海新世纪职业技能培训中心,普陀,物业管理师[S300037],中级/四级
2.00E+14,上海新世纪职业技能培训中心,普陀,电子商务师（网商）[S300030],中级/四级
2.00E+14,上海新世纪职业技能培训中心,普陀,电子商务师（网商）[S300030],高级/三级
2.00E+14,上海新世纪职业技能培训中心,普陀,电工[S100004],中级/四级
2.00E+14,上海新世纪职业技能培训中心,普陀,电工[S100004],初级/五级
2.00E+14,上海新世纪职业技能培训中心,普陀,茶艺师[S300009],初级/五级
2.00E+14,上海新世纪职业技能培训中心,普陀,茶艺师[S300009],中级/四级
2.00E+14,上海新世纪职业技能培训中心,普陀,茶艺师[S300009],高级/三级
2.00E+14,上海新世纪职业技能培训中心,普陀,茶艺师[S300062],初级/五级
2.00E+14,上海新世纪职业技能培训中心,普陀,茶艺师[S300062],中级/四级
2.00E+14,上海新世纪职业技能培训中心,普陀,茶艺师[S300062],高级/三级
2.00E+14,上海新世纪职业技能培训中心,普陀,西式面点师[S300013],初级/五级
2.00E+14,上海新世纪职业技能培训中心,普陀,计算机维修工[S300033],中级/四级
2.00E+14,上海新世纪职业技能培训中心,普陀,评茶师[S300009],初级/五级
2.00E+14,上海新世纪职业技能培训中心,普陀,评茶师[S300009],中级/四级
2.00E+14,上海新世纪职业技能培训中心,普陀,评茶师[S300009],高级/三级
2.00E+14,上海新世纪职业技能培训中心,普陀,评茶师[S300062],初级/五级
2.00E+14,上海新世纪职业技能培训中心,普陀,评茶师[S300062],中级/四级
2.00E+14,上海新世纪职业技能培训中心,普陀,评茶师[S300062],高级/三级
2.00E+14,上海内威职业技能培训学校,普陀,保育师[S300011],初级/五级
2.00E+14,上海内威职业技能培训学校,普陀,保育师[S300011],中级/四级
2.00E+14,上海内威职业技能培训学校,普陀,保育师[S300011],高级/三级
2.00E+14,上海内威职业技能培训学校,普陀,婴幼儿发展引导员（育婴员）[S300011],初级/五级
2.00E+14,上海内威职业技能培训学校,普陀,婴幼儿发展引导员（育婴员）[S300011],中级/四级
2.00E+14,上海内威职业技能培训学校,普陀,婴幼儿发展引导员（育婴员）[S300011],高级/三级
2.00E+14,上海内威职业技能培训学校,普陀,家政服务员（家务服务员）[S300039],初级/五级
2.00E+14,上海内威职业技能培训学校,普陀,家政服务员（家庭照护员）[S300031],高级/三级
2.00E+14,上海内威职业技能培训学校,普陀,家政服务员（家庭照护员）[S300039],高级/三级
2.00E+14,上海内威职业技能培训学校,普陀,家政服务员（母婴护理员）[S300039],初级/五级
2.00E+14,上海内威职业技能培训学校,普陀,家政服务员（母婴护理员）[S300039],中级/四级
2.00E+14,上海内威职业技能培训学校,普陀,家政服务员（母婴护理员）[S300039],高级/三级
2.00E+14,上海内威职业技能培训学校,普陀,职业培训师[S300015],高级/三级
2.00E+14,上海捷才职业技能培训中心,杨浦,中式烹调师[S300013],初级/五级
2.00E+14,上海捷才职业技能培训中心,杨浦,中式烹调师[S300013],中级/四级
2.00E+14,上海捷才职业技能培训中心,杨浦,中式面点师[S300013],初级/五级
2.00E+14,上海捷才职业技能培训中心,杨浦,中式面点师[S300013],中级/四级
2.00E+14,上海捷才职业技能培训中心,杨浦,保育师[S300011],初级/五级
2.00E+14,上海捷才职业技能培训中心,杨浦,保育师[S300011],中级/四级
2.00E+14,上海捷才职业技能培训中心,杨浦,家政服务员（家务服务员）[S300039],初级/五级
2.00E+14,上海捷才职业技能培训中心,杨浦,插花花艺师[S600024],初级/五级
2.00E+14,上海捷才职业技能培训中心,杨浦,汽车维修工（汽车车身整形修复工）[S200005],初级/五级
2.00E+14,上海捷才职业技能培训中心,杨浦,汽车维修工（汽车车身整形修复工）[S200005],中级/四级
2.00E+14,上海捷才职业技能培训中心,杨浦,茶艺师[S300009],初级/五级
2.00E+14,上海捷才职业技能培训中心,杨浦,茶艺师[S300009],中级/四级
2.00E+14,上海捷才职业技能培训中心,杨浦,茶艺师[S300062],初级/五级
2.00E+14,上海捷才职业技能培训中心,杨浦,茶艺师[S300062],中级/四级
2.00E+14,上海捷才职业技能培训中心,杨浦,西式面点师[S300013],初级/五级
2.00E+14,上海捷才职业技能培训中心,杨浦,西式面点师[S300013],中级/四级
2.00E+14,上海捷才职业技能培训中心,杨浦,调酒师[S300013],初级/五级
2.00E+14,上海捷才职业技能培训中心,杨浦,餐厅服务员[S300013],中级/四级
2.00E+14,上海捷才职业技能培训中心,杨浦,餐厅服务员[S300013],初级/五级
2.00E+14,上海益禾职业技能培训中心,静安,保育师[S300011],初级/五级
2.00E+14,上海益禾职业技能培训中心,静安,保育师[S300011],中级/四级
2.00E+14,上海益禾职业技能培训中心,静安,婴幼儿发展引导员（育婴员）[S300011],初级/五级
2.00E+14,上海益禾职业技能培训中心,静安,婴幼儿发展引导员（育婴员）[S300011],中级/四级
2.00E+14,上海益禾职业技能培训中心,静安,婴幼儿发展引导员（育婴员）[S300011],高级/三级
2.00E+14,上海益禾职业技能培训中心,静安,机修钳工[S600003],初级/五级
2.00E+14,上海益禾职业技能培训中心,静安,机修钳工[S600003],中级/四级
2.00E+14,上海益禾职业技能培训中心,静安,汽车维修工（汽车机械维修工）[S200005],初级/五级
2.00E+14,上海益禾职业技能培训中心,静安,汽车维修工（汽车机械维修工）[S200005],中级/四级
2.00E+14,上海益禾职业技能培训中心,静安,汽车维修工（汽车机械维修工）[S200005],高级/三级
2.00E+14,上海益禾职业技能培训中心,静安,汽车维修工（汽车机械维修工）[S200005],技师/二级
2.00E+14,上海益禾职业技能培训中心,静安,汽车维修工（汽车机械维修工）[S200005],高级技师/一级
2.00E+14,上海益禾职业技能培训中心,静安,电子商务师（网商）[S300030],中级/四级
2.00E+14,上海益禾职业技能培训中心,静安,电子商务师（网商）[S300030],高级/三级
2.00E+14,上海益禾职业技能培训中心,静安,电工[S100004],技师/二级
2.00E+14,上海益禾职业技能培训中心,静安,电工[S100004],高级/三级
2.00E+14,上海益禾职业技能培训中心,静安,电工[S100004],中级/四级
2.00E+14,上海益禾职业技能培训中心,静安,电工[S100004],初级/五级
2.00E+14,上海益禾职业技能培训中心,静安,网络与信息安全管理员（互联网信息审核员）[S100017],中级/四级
2.00E+14,上海益禾职业技能培训中心,静安,网络与信息安全管理员（互联网信息审核员）[S100017],高级/三级
2.00E+14,上海益禾职业技能培训中心,静安,网络与信息安全管理员（信息安全管理员）[S100017],中级/四级
2.00E+14,上海益禾职业技能培训中心,静安,网络与信息安全管理员（信息安全管理员）[S100017],高级/三级
2.00E+14,上海益禾职业技能培训中心,静安,网络与信息安全管理员（网络安全管理员）[S100017],中级/四级
2.00E+14,上海益禾职业技能培训中心,静安,网络与信息安全管理员（网络安全管理员）[S100017],高级/三级
2.00E+14,上海益禾职业技能培训中心,静安,计算机软件测试员[S300032],技师/二级
2.00E+14,上海益禾职业技能培训中心,静安,计算机软件测试员[S300032],高级/三级
2.00E+14,上海益禾职业技能培训中心,静安,铣工（数控铣工）[S100001],中级/四级
2.00E+14,上海中亚饮食服务培训中心,静安,中式烹调师[S300013],初级/五级
2.00E+14,上海中亚饮食服务培训中心,静安,中式烹调师[S300013],中级/四级
2.00E+14,上海中亚饮食服务培训中心,静安,中式烹调师[S300013],高级/三级
2.00E+14,上海中亚饮食服务培训中心,静安,中式烹调师[S300013],技师/二级
2.00E+14,上海中亚饮食服务培训中心,静安,中式烹调师[S300013],高级技师/一级
2.00E+14,上海中亚饮食服务培训中心,静安,中式面点师[S300013],初级/五级
2.00E+14,上海中亚饮食服务培训中心,静安,中式面点师[S300013],中级/四级
2.00E+14,上海中亚饮食服务培训中心,静安,人工智能训练师[S300040],中级/四级
2.00E+14,上海中亚饮食服务培训中心,静安,人工智能训练师[S300040],高级/三级
2.00E+14,上海中亚饮食服务培训中心,静安,人工智能训练师[S400054],高级/三级
2.00E+14,上海中亚饮食服务培训中心,静安,供应链管理师[S300031],高级/三级
2.00E+14,上海中亚饮食服务培训中心,静安,职业培训师[200002],高级/三级
2.00E+14,上海中亚饮食服务培训中心,静安,茶艺师[S300009],初级/五级
2.00E+14,上海中亚饮食服务培训中心,静安,茶艺师[S300009],中级/四级
2.00E+14,上海中亚饮食服务培训中心,静安,茶艺师[S300062],初级/五级
2.00E+14,上海中亚饮食服务培训中心,静安,茶艺师[S300062],中级/四级
2.00E+14,上海中亚饮食服务培训中心,静安,营养配餐员[S300013],中级/四级
2.00E+14,上海中亚饮食服务培训中心,静安,营养配餐员[S300013],高级/三级
2.00E+14,上海中亚饮食服务培训中心,静安,西式面点师[S300013],初级/五级
2.00E+14,上海中亚饮食服务培训中心,静安,西式面点师[S300013],中级/四级
2.00E+14,上海中亚饮食服务培训中心,静安,评茶师[S300009],初级/五级
2.00E+14,上海中亚饮食服务培训中心,静安,评茶师[S300062],初级/五级
2.00E+14,上海中亚饮食服务培训中心,静安,食品安全管理师[S300093],初级/五级
2.00E+14,上海中亚饮食服务培训中心,静安,食品安全管理师[S300093],中级/四级
2.00E+14,上海中亚饮食服务培训中心,静安,食品安全管理师[S300093],高级/三级
2.00E+14,上海市宝山博智未来职业技术学校,宝山,互联网营销师（直播销售员）[S300066],初级/五级
2.00E+14,上海市宝山博智未来职业技术学校,宝山,互联网营销师（直播销售员）[S300066],中级/四级
2.00E+14,上海市宝山博智未来职业技术学校,宝山,互联网营销师（直播销售员）[S500023],初级/五级
2.00E+14,上海市宝山博智未来职业技术学校,宝山,互联网营销师（直播销售员）[S500023],中级/四级
2.00E+14,上海市宝山博智未来职业技术学校,宝山,互联网营销师（视频创推员）[S300066],初级/五级
2.00E+14,上海市宝山博智未来职业技术学校,宝山,互联网营销师（视频创推员）[S300066],中级/四级
2.00E+14,上海市宝山博智未来职业技术学校,宝山,人工智能数据标注[S200057],专项职业能力
2.00E+14,上海市宝山博智未来职业技术学校,宝山,人工智能模型运用[S200057],专项职业能力
2.00E+14,上海市宝山博智未来职业技术学校,宝山,人工智能训练师[S300040],初级/五级
2.00E+14,上海市宝山博智未来职业技术学校,宝山,人工智能训练师[S300040],中级/四级
2.00E+14,上海市宝山博智未来职业技术学校,宝山,人工智能训练师[S400054],中级/四级
2.00E+14,上海市宝山博智未来职业技术学校,宝山,人工智能训练师[S400054],高级/三级
2.00E+14,上海市宝山博智未来职业技术学校,宝山,人工智能训练师[S500053],高级/三级
2.00E+14,上海市宝山博智未来职业技术学校,宝山,全媒体运营师（创意策划）[S400071],中级/四级
2.00E+14,上海市宝山博智未来职业技术学校,宝山,全媒体运营师（创意策划）[S400071],高级/三级
2.00E+14,上海市宝山博智未来职业技术学校,宝山,全媒体运营师（数据分析）[S400071],高级/三级
2.00E+14,上海市宝山博智未来职业技术学校,宝山,全媒体运营师（流量运营）[S300070],高级/三级
2.00E+14,上海市宝山博智未来职业技术学校,宝山,全媒体运营师（流量运营）[S400071],高级/三级
2.00E+14,上海市宝山博智未来职业技术学校,宝山,全媒体运营师（直播运营）[S300070],中级/四级
2.00E+14,上海市宝山博智未来职业技术学校,宝山,全媒体运营师（直播运营）[S300070],高级/三级
2.00E+14,上海市宝山博智未来职业技术学校,宝山,全媒体运营师（直播运营）[S400071],中级/四级
2.00E+14,上海市宝山博智未来职业技术学校,宝山,全媒体运营师（直播运营）[S400071],高级/三级
2.00E+14,上海市宝山博智未来职业技术学校,宝山,全媒体运营师（视听运营）[S300070],中级/四级
2.00E+14,上海市宝山博智未来职业技术学校,宝山,全媒体运营师（视听运营）[S300070],高级/三级
2.00E+14,上海市宝山博智未来职业技术学校,宝山,全媒体运营师（视听运营）[S400071],高级/三级
2.00E+14,上海市宝山博智未来职业技术学校,宝山,全媒体运营师（视听运营）[S400071],中级/四级
2.00E+14,上海市宝山博智未来职业技术学校,宝山,汽车维修工（汽车机械维修工）[S200005],初级/五级
2.00E+14,上海市宝山博智未来职业技术学校,宝山,汽车维修工（汽车机械维修工）[S200005],中级/四级
2.00E+14,上海市宝山博智未来职业技术学校,宝山,汽车维修工（汽车机械维修工）[S200005],高级/三级
2.00E+14,上海市宝山博智未来职业技术学校,宝山,汽车维修工（汽车美容装潢工）[S200005],中级/四级
2.00E+14,上海市宝山博智未来职业技术学校,宝山,网络与信息安全管理员（网络安全管理员）[S100017],中级/四级
2.00E+14,上海市宝山博智未来职业技术学校,宝山,网络与信息安全管理员（网络安全管理员）[S300073],中级/四级
2.00E+14,上海市宝山博智未来职业技术学校,宝山,网络与信息安全管理员（网络安全管理员）[S400054],中级/四级
2.00E+14,上海市东亚进修学院,杨浦,电子商务师（网商）[S300030],中级/四级
2.00E+14,上海市东亚进修学院,杨浦,电子商务师（网商）[S300030],高级/三级
2.00E+14,上海美都职业技能培训学校,静安,劳动关系协调师[S300016],中级/四级
2.00E+14,上海美都职业技能培训学校,静安,劳动关系协调师[S300016],高级/三级
2.00E+14,上海美都职业技能培训学校,静安,劳动关系协调师[S300016],技师/二级
2.00E+14,上海技高职业技能培训中心,杨浦,中央空调系统运行操作员[S600007],初级/五级
2.00E+14,上海技高职业技能培训中心,杨浦,中央空调系统运行操作员[S600007],中级/四级
2.00E+14,上海技高职业技能培训中心,杨浦,中央空调系统运行操作员[S600007],高级/三级
2.00E+14,上海技高职业技能培训中心,杨浦,互联网营销师（直播销售员）[S300066],初级/五级
2.00E+14,上海技高职业技能培训中心,杨浦,互联网营销师（直播销售员）[S300066],中级/四级
2.00E+14,上海技高职业技能培训中心,杨浦,互联网营销师（直播销售员）[S300066],高级/三级
2.00E+14,上海技高职业技能培训中心,杨浦,互联网营销师（直播销售员）[S500023],初级/五级
2.00E+14,上海技高职业技能培训中心,杨浦,互联网营销师（直播销售员）[S500023],中级/四级
2.00E+14,上海技高职业技能培训中心,杨浦,互联网营销师（直播销售员）[S500023],高级/三级
2.00E+14,上海技高职业技能培训中心,杨浦,人工智能训练师[S300040],初级/五级
2.00E+14,上海技高职业技能培训中心,杨浦,人工智能训练师[S300040],中级/四级
2.00E+14,上海技高职业技能培训中心,杨浦,人工智能训练师[S300040],高级/三级
2.00E+14,上海技高职业技能培训中心,杨浦,人工智能训练师[S400054],中级/四级
2.00E+14,上海技高职业技能培训中心,杨浦,人工智能训练师[S400054],高级/三级
2.00E+14,上海技高职业技能培训中心,杨浦,人工智能训练师[S500053],高级/三级
2.00E+14,上海技高职业技能培训中心,杨浦,人工智能训练师[S500053],中级/四级
2.00E+14,上海技高职业技能培训中心,杨浦,农产品食品检验员（农产品质量安全检测员）[S600026],初级/五级
2.00E+14,上海技高职业技能培训中心,杨浦,农产品食品检验员（农产品质量安全检测员）[S600026],高级/三级
2.00E+14,上海技高职业技能培训中心,杨浦,农产品食品检验员（农产品质量安全检测员）[S600026],中级/四级
2.00E+14,上海技高职业技能培训中心,杨浦,制冷空调系统安装维修工[S600007],初级/五级
2.00E+14,上海技高职业技能培训中心,杨浦,制冷空调系统安装维修工[S600007],中级/四级
2.00E+14,上海技高职业技能培训中心,杨浦,制冷空调系统安装维修工[S600007],高级/三级
2.00E+14,上海技高职业技能培训中心,杨浦,制冷空调系统安装维修工[S600007],技师/二级
2.00E+14,上海技高职业技能培训中心,杨浦,制冷空调系统安装维修工[S600007],高级技师/一级
2.00E+14,上海技高职业技能培训中心,杨浦,工业机器人系统操作员[S200018],中级/四级
2.00E+14,上海技高职业技能培训中心,杨浦,工业机器人系统操作员[S200018],高级/三级
2.00E+14,上海技高职业技能培训中心,杨浦,电子商务师（网商）[S300030],中级/四级
2.00E+14,上海技高职业技能培训中心,杨浦,电子商务师（网商）[S300030],高级/三级
2.00E+14,上海技高职业技能培训中心,杨浦,电子商务师（网商）[S300031],中级/四级
2.00E+14,上海技高职业技能培训中心,杨浦,电子商务师（网商）[S300031],高级/三级
2.00E+14,上海技高职业技能培训中心,杨浦,电子商务师（网商）[S300069],中级/四级
2.00E+14,上海技高职业技能培训中心,杨浦,电子商务师（网商）[S300069],高级/三级
2.00E+14,上海技高职业技能培训中心,杨浦,电工[S100004],高级/三级
2.00E+14,上海技高职业技能培训中心,杨浦,电工[S100004],中级/四级
2.00E+14,上海技高职业技能培训中心,杨浦,电工[S100004],初级/五级
2.00E+14,上海技高职业技能培训中心,杨浦,计算机维修工[S300033],中级/四级
2.00E+14,上海技高职业技能培训中心,杨浦,计算机维修工[S300033],初级/五级
2.00E+14,上海技高职业技能培训中心,杨浦,车工（数控车工）[S100001],中级/四级
2.00E+14,上海技高职业技能培训中心,杨浦,铣工（数控铣工）[S100001],中级/四级
2.00E+14,上海西南职业技能培训中心,闵行,人工智能数据标注[S200057],专项职业能力
2.00E+14,上海西南职业技能培训中心,闵行,全媒体运营师（直播运营）[S300070],高级/三级
2.00E+14,上海西南职业技能培训中心,闵行,全媒体运营师（视听运营）[S300070],高级/三级
2.00E+14,上海西南职业技能培训中心,闵行,智能楼宇管理员[S600014],中级/四级
2.00E+14,上海西南职业技能培训中心,闵行,电子商务师（网商）[S300030],中级/四级
2.00E+14,上海西南职业技能培训中心,闵行,电子商务师（网商）[S300030],高级/三级
2.00E+14,上海西南职业技能培训中心,闵行,电子商务师（网商）[S300031],高级/三级
2.00E+14,上海西南职业技能培训中心,闵行,电子商务师（网商）[S300069],高级/三级
2.00E+14,上海西南职业技能培训中心,闵行,电工[S100004],中级/四级
2.00E+14,上海西南职业技能培训中心,闵行,电工[S100004],初级/五级
2.00E+14,上海交通职业技术培训中心,虹口,人工智能数据标注[S200057],专项职业能力
2.00E+14,上海交通职业技术培训中心,虹口,人工智能模型运用[S200057],专项职业能力
2.00E+14,上海交通职业技术培训中心,虹口,人工智能训练师[S400054],中级/四级
2.00E+14,上海交通职业技术培训中心,虹口,人工智能训练师[S400054],高级/三级
2.00E+14,上海交通职业技术培训中心,虹口,养老护理员[300010],高级技师/一级
2.00E+14,上海交通职业技术培训中心,虹口,养老护理员[S300038],高级/三级
2.00E+14,上海交通职业技术培训中心,虹口,养老护理员[S300038],中级/四级
2.00E+14,上海交通职业技术培训中心,虹口,养老护理员[S300038],初级/五级
2.00E+14,上海交通职业技术培训中心,虹口,养老护理员[S300038],技师/二级
2.00E+14,上海交通职业技术培训中心,虹口,养老护理员[S300038],高级技师/一级
2.00E+14,上海交通职业技术培训中心,虹口,婴幼儿发展引导员（育婴员）[S300011],初级/五级
2.00E+14,上海交通职业技术培训中心,虹口,婴幼儿发展引导员（育婴员）[S300011],中级/四级
2.00E+14,上海交通职业技术培训中心,虹口,家政服务员（家务服务员）[300019],初级/五级
2.00E+14,上海交通职业技术培训中心,虹口,家政服务员（家务服务员）[S300039],中级/四级
2.00E+14,上海交通职业技术培训中心,虹口,家政服务员（家务服务员）[S300039],高级/三级
2.00E+14,上海交通职业技术培训中心,虹口,家政服务员（家庭照护员）[S300039],高级/三级
2.00E+14,上海交通职业技术培训中心,虹口,家政服务员（家庭照护员）[S300039],中级/四级
2.00E+14,上海交通职业技术培训中心,虹口,家政服务员（家庭照护员）[S300039],初级/五级
2.00E+14,上海交通职业技术培训中心,虹口,家政服务员（母婴护理员）[S300039],初级/五级
2.00E+14,上海交通职业技术培训中心,虹口,家政服务员（母婴护理员）[S300039],中级/四级
2.00E+14,上海交通职业技术培训中心,虹口,家政服务员（母婴护理员）[S300039],高级/三级
2.00E+14,上海交通职业技术培训中心,虹口,汽车维修工（汽车机械维修工）[S200005],初级/五级
2.00E+14,上海交通职业技术培训中心,虹口,汽车维修工（汽车机械维修工）[S200005],中级/四级
2.00E+14,上海交通职业技术培训中心,虹口,汽车维修工（汽车机械维修工）[S200005],高级/三级
2.00E+14,上海交通职业技术培训中心,虹口,汽车维修工（汽车机械维修工）[S200005],技师/二级
2.00E+14,上海交通职业技术培训中心,虹口,汽车维修工（汽车机械维修工）[S200005],高级技师/一级
2.00E+14,上海交通职业技术培训中心,虹口,计算机程序设计员[S400054],中级/四级
2.00E+14,上海交通职业技术培训中心,虹口,计算机程序设计员[S400054],高级/三级
2.00E+14,上海南湖职业技能培训中心,虹口,咖啡师[S400042],中级/四级
2.00E+14,上海南湖职业技能培训中心,虹口,咖啡师[S400042],初级/五级
2.00E+14,上海南湖职业技能培训中心,虹口,茶艺师[S300009],初级/五级
2.00E+14,上海南湖职业技能培训中心,虹口,茶艺师[S300009],中级/四级
2.00E+14,上海南湖职业技能培训中心,虹口,茶艺师[S300062],初级/五级
2.00E+14,上海南湖职业技能培训中心,虹口,西式面点师[S300013],初级/五级
2.00E+14,上海南湖职业技能培训中心,虹口,西式面点师[S300013],中级/四级
2.00E+14,上海南湖职业技能培训中心,虹口,计算机维修工[S300033],初级/五级
2.00E+14,上海南湖职业技能培训中心,虹口,餐厅服务员[S300013],中级/四级
2.00E+14,上海南湖职业技能培训中心,虹口,餐厅服务员[S300013],初级/五级
2.00E+14,上海健民职业技能培训中心,徐汇,保健按摩师[S300008],高级/三级
2.00E+14,上海健民职业技能培训中心,徐汇,保健按摩师[S300008],中级/四级
2.00E+14,上海健民职业技能培训中心,徐汇,保健按摩师[S300008],初级/五级
2.00E+14,上海徐汇区房地产职业技术培训学校,徐汇,养老护理员[S300038],初级/五级
2.00E+14,上海徐汇区房地产职业技术培训学校,徐汇,养老护理员[S300060],初级/五级
2.00E+14,上海徐汇区房地产职业技术培训学校,徐汇,智能楼宇管理员[S600014],中级/四级
2.00E+14,上海徐汇区房地产职业技术培训学校,徐汇,智能楼宇管理员[S600014],高级/三级
2.00E+14,上海徐汇区房地产职业技术培训学校,徐汇,物业管理师[S300037],中级/四级
2.00E+14,上海徐汇区房地产职业技术培训学校,徐汇,物业管理师[S300037],高级/三级
2.00E+14,上海徐汇区房地产职业技术培训学校,徐汇,电梯安装维修工[S300006],初级/五级
2.00E+14,上海徐汇区房地产职业技术培训学校,徐汇,电梯安装维修工[S300006],中级/四级
2.00E+14,上海化工职业培训中心,静安,人工智能训练师[S300040],初级/五级
2.00E+14,上海化工职业培训中心,静安,人工智能训练师[S400054],中级/四级
2.00E+14,上海化工职业培训中心,静安,人工智能训练师[S400054],高级/三级
2.00E+14,上海化工职业培训中心,静安,企业人力资源管理师[S300015],中级/四级
2.00E+14,上海化工职业培训中心,静安,企业人力资源管理师[S300015],高级/三级
2.00E+14,上海化工职业培训中心,静安,企业人力资源管理师[S300015],技师/二级
2.00E+14,上海化工职业培训中心,静安,劳动关系协调师[S300016],中级/四级
2.00E+14,上海化工职业培训中心,静安,劳动关系协调师[S300016],高级/三级
2.00E+14,上海化工职业培训中心,静安,插花花艺师[S600024],初级/五级
2.00E+14,上海化工职业培训中心,静安,电子商务师（网商）[S300030],中级/四级
2.00E+14,上海化工职业培训中心,静安,职业培训师[S300015],高级/三级
2.00E+14,上海高级轿车维修技术培训中心,闵行,汽车维修工（汽车机械维修工）[S200005],初级/五级
2.00E+14,上海高级轿车维修技术培训中心,闵行,汽车维修工（汽车机械维修工）[S200005],中级/四级
2.00E+14,上海高级轿车维修技术培训中心,闵行,汽车维修工（汽车机械维修工）[S200005],高级/三级
2.00E+14,上海高级轿车维修技术培训中心,闵行,汽车维修工（汽车机械维修工）[S200005],技师/二级
2.00E+14,上海现代应用技术培训中心,静安,机床装调维修工（数控机床机械装调维修）[S100001],中级/四级
2.00E+14,上海现代应用技术培训中心,静安,机床装调维修工（数控机床机械装调维修）[S100001],高级/三级
2.00E+14,上海现代应用技术培训中心,静安,车工[S100001],初级/五级
2.00E+14,上海现代应用技术培训中心,静安,车工（数控车工）[S100001],中级/四级
2.00E+14,上海现代应用技术培训中心,静安,车工（数控车工）[S100001],高级/三级
2.00E+14,上海现代应用技术培训中心,静安,车工（普通车工）[S100001],中级/四级
2.00E+14,上海现代应用技术培训中心,静安,铣工（数控铣工）[S100001],中级/四级
2.00E+14,上海现代应用技术培训中心,静安,铣工（数控铣工）[S100001],高级/三级
2.00E+14,上海宝盛职业技术培训学校,宝山,人工智能训练师[S400054],中级/四级
2.00E+14,上海宝盛职业技术培训学校,宝山,人工智能训练师[S400054],高级/三级
2.00E+14,上海宝盛职业技术培训学校,宝山,人工智能训练师[S500053],高级/三级
2.00E+14,上海宝盛职业技术培训学校,宝山,企业人力资源管理师[S300015],中级/四级
2.00E+14,上海宝盛职业技术培训学校,宝山,企业人力资源管理师[S300015],高级/三级
2.00E+14,上海宝盛职业技术培训学校,宝山,企业人力资源管理师[S300015],技师/二级
2.00E+14,上海宝盛职业技术培训学校,宝山,供应链管理师[S300031],高级/三级
2.00E+14,上海宝盛职业技术培训学校,宝山,全媒体运营师（创意策划）[S400071],高级/三级
2.00E+14,上海宝盛职业技术培训学校,宝山,全媒体运营师（直播运营）[S300070],高级/三级
2.00E+14,上海宝盛职业技术培训学校,宝山,呼叫中心服务员[S300031],高级/三级
2.00E+14,上海宝盛职业技术培训学校,宝山,家政服务员（家庭照护员）[S300031],高级/三级
2.00E+14,上海宝盛职业技术培训学校,宝山,家政服务员（家庭照护员）[S300039],高级/三级
2.00E+14,上海网信职业技术培训中心,徐汇,人工智能训练师[S400054],中级/四级
2.00E+14,上海网信职业技术培训中心,徐汇,人工智能训练师[S400054],高级/三级
2.00E+14,上海网信职业技术培训中心,徐汇,全媒体运营师（视听运营）[S300070],中级/四级
2.00E+14,上海网信职业技术培训中心,徐汇,全媒体运营师（视听运营）[S300070],高级/三级
2.00E+14,上海网信职业技术培训中心,徐汇,电子商务师（网商）[S300031],中级/四级
2.00E+14,上海网信职业技术培训中心,徐汇,电子商务师（网商）[S300031],高级/三级
2.00E+14,上海网信职业技术培训中心,徐汇,网络与信息安全管理员（互联网信息审核员）[S100017],中级/四级
2.00E+14,上海宝丽职业培训学校,黄浦,互联网营销师（直播销售员）[S500023],初级/五级
2.00E+14,上海宝丽职业培训学校,黄浦,互联网营销师（直播销售员）[S500023],中级/四级
2.00E+14,上海宝丽职业培训学校,黄浦,人工智能训练师[300044],高级/三级
2.00E+14,上海宝丽职业培训学校,黄浦,人工智能训练师[400040],高级/三级
2.00E+14,上海宝丽职业培训学校,黄浦,人工智能训练师[400040],中级/四级
2.00E+14,上海宝丽职业培训学校,黄浦,人工智能训练师[S300040],中级/四级
2.00E+14,上海宝丽职业培训学校,黄浦,人工智能训练师[S300040],高级/三级
2.00E+14,上海宝丽职业培训学校,黄浦,人工智能训练师[S400054],中级/四级
2.00E+14,上海宝丽职业培训学校,黄浦,人工智能训练师[S400054],高级/三级
2.00E+14,上海宝丽职业培训学校,黄浦,人工智能训练师[S500053],高级/三级
2.00E+14,上海宝丽职业培训学校,黄浦,人工智能训练师[S500053],中级/四级
2.00E+14,上海宝丽职业培训学校,黄浦,保健按摩师[S300008],高级/三级
2.00E+14,上海宝丽职业培训学校,黄浦,保健按摩师[S300008],中级/四级
2.00E+14,上海宝丽职业培训学校,黄浦,保健按摩师[S300008],初级/五级
2.00E+14,上海宝丽职业培训学校,黄浦,全媒体运营师（流量运营）[S300070],中级/四级
2.00E+14,上海宝丽职业培训学校,黄浦,全媒体运营师（流量运营）[S300070],高级/三级
2.00E+14,上海宝丽职业培训学校,黄浦,全媒体运营师（流量运营）[S400071],高级/三级
2.00E+14,上海宝丽职业培训学校,黄浦,全媒体运营师（直播运营）[S300070],中级/四级
2.00E+14,上海宝丽职业培训学校,黄浦,全媒体运营师（直播运营）[S300070],高级/三级
2.00E+14,上海宝丽职业培训学校,黄浦,全媒体运营师（视听运营）[S300070],中级/四级
2.00E+14,上海宝丽职业培训学校,黄浦,全媒体运营师（视听运营）[S300070],高级/三级
2.00E+14,上海宝丽职业培训学校,黄浦,形象设计师[S300008],高级/三级
2.00E+14,上海宝丽职业培训学校,黄浦,美发师[S300008],初级/五级
2.00E+14,上海宝丽职业培训学校,黄浦,美发师[S300008],中级/四级
2.00E+14,上海宝丽职业培训学校,黄浦,美容师[S300008],初级/五级
2.00E+14,上海宝丽职业培训学校,黄浦,美容师[S300008],中级/四级
2.00E+14,上海宝丽职业培训学校,黄浦,美容师[S300008],高级/三级
2.00E+14,上海宝丽职业培训学校,黄浦,美容师[S300008],技师/二级
2.00E+14,上海宝丽职业培训学校,黄浦,美甲师[S300008],高级/三级
2.00E+14,上海宝丽职业培训学校,黄浦,美甲师[S300008],中级/四级
2.00E+14,上海宝丽职业培训学校,黄浦,美甲师[S300008],初级/五级
2.00E+14,上海安装工程职业技术培训中心,虹口,企业人力资源管理师[S300015],中级/四级
2.00E+14,上海安装工程职业技术培训中心,虹口,企业人力资源管理师[S300015],高级/三级
2.00E+14,上海安装工程职业技术培训中心,虹口,劳动关系协调师[S300016],中级/四级
2.00E+14,上海安装工程职业技术培训中心,虹口,劳动关系协调师[S300016],高级/三级
2.00E+14,上海市测绘职业技能培训中心,普陀,工程测量员[100064],高级技师/一级
2.00E+14,上海市测绘职业技能培训中心,普陀,工程测量员[200004],高级技师/一级
2.00E+14,上海市测绘职业技能培训中心,普陀,工程测量员[S600024],初级/五级
2.00E+14,上海市测绘职业技能培训中心,普陀,工程测量员[S600024],中级/四级
2.00E+14,上海市测绘职业技能培训中心,普陀,工程测量员[S600024],高级/三级
2.00E+14,上海世健联职业技能培训学校,黄浦,供应链管理师[S300031],高级/三级
2.00E+14,上海世健联职业技能培训学校,黄浦,养老护理员[S300038],高级/三级
2.00E+14,上海世健联职业技能培训学校,黄浦,养老护理员[S300038],中级/四级
2.00E+14,上海世健联职业技能培训学校,黄浦,养老护理员[S300038],初级/五级
2.00E+14,上海世健联职业技能培训学校,黄浦,养老护理员[S300060],初级/五级
2.00E+14,上海世健联职业技能培训学校,黄浦,养老护理员[S300060],中级/四级
2.00E+14,上海世健联职业技能培训学校,黄浦,养老护理员[S300060],高级/三级
2.00E+14,上海凯达职业技能培训学校,浦东,中式烹调师[S300013],初级/五级
2.00E+14,上海凯达职业技能培训学校,浦东,中式烹调师[S300013],中级/四级
2.00E+14,上海凯达职业技能培训学校,浦东,中式烹调师[S300013],高级/三级
2.00E+14,上海凯达职业技能培训学校,浦东,中式面点师[S300013],初级/五级
2.00E+14,上海凯达职业技能培训学校,浦东,中式面点师[S300013],中级/四级
2.00E+14,上海凯达职业技能培训学校,浦东,咖啡师[S400042],高级/三级
2.00E+14,上海凯达职业技能培训学校,浦东,咖啡师[S400042],中级/四级
2.00E+14,上海凯达职业技能培训学校,浦东,咖啡师[S400042],初级/五级
2.00E+14,上海凯达职业技能培训学校,浦东,汽车维修工（汽车机械维修工）[S200005],初级/五级
2.00E+14,上海凯达职业技能培训学校,浦东,汽车维修工（汽车机械维修工）[S200005],中级/四级
2.00E+14,上海凯达职业技能培训学校,浦东,汽车维修工（汽车美容装潢工）[S200005],初级/五级
2.00E+14,上海凯达职业技能培训学校,浦东,汽车维修工（汽车美容装潢工）[S200005],中级/四级
2.00E+14,上海凯达职业技能培训学校,浦东,茶艺师[S300009],初级/五级
2.00E+14,上海凯达职业技能培训学校,浦东,茶艺师[S300009],中级/四级
2.00E+14,上海凯达职业技能培训学校,浦东,茶艺师[S300009],高级/三级
2.00E+14,上海凯达职业技能培训学校,浦东,西式烹调师[S600012],初级/五级
2.00E+14,上海凯达职业技能培训学校,浦东,西式烹调师[S600012],中级/四级
2.00E+14,上海凯达职业技能培训学校,浦东,西式面点师[S300013],初级/五级
2.00E+14,上海凯达职业技能培训学校,浦东,西式面点师[S300013],中级/四级
2.00E+14,上海凯达职业技能培训学校,浦东,西式面点师[S300013],高级/三级
2.00E+14,上海凯达职业技能培训学校,浦东,评茶师[S300009],初级/五级
2.00E+14,上海凯达职业技能培训学校,浦东,评茶师[S300009],中级/四级
2.00E+14,上海凯达职业技能培训学校,浦东,评茶师[S300009],高级/三级
2.00E+14,上海物流职业技能培训学校,徐汇,人工智能训练师[S300040],初级/五级
2.00E+14,上海物流职业技能培训学校,徐汇,人工智能训练师[S300040],中级/四级
2.00E+14,上海物流职业技能培训学校,徐汇,人工智能训练师[S300040],高级/三级
2.00E+14,上海物流职业技能培训学校,徐汇,人工智能训练师[S400054],中级/四级
2.00E+14,上海物流职业技能培训学校,徐汇,人工智能训练师[S400054],高级/三级
2.00E+14,上海物流职业技能培训学校,徐汇,人工智能训练师[S500053],高级/三级
2.00E+14,上海物流职业技能培训学校,徐汇,人工智能训练师[S500053],中级/四级
2.00E+14,上海物流职业技能培训学校,徐汇,企业人力资源管理师[S300015],中级/四级
2.00E+14,上海物流职业技能培训学校,徐汇,企业人力资源管理师[S300015],高级/三级
2.00E+14,上海物流职业技能培训学校,徐汇,企业人力资源管理师[S300015],技师/二级
2.00E+14,上海物流职业技能培训学校,徐汇,供应链管理师[S200020],技师/二级
2.00E+14,上海物流职业技能培训学校,徐汇,供应链管理师[S200020],高级技师/一级
2.00E+14,上海物流职业技能培训学校,徐汇,供应链管理师[S200020],高级/三级
2.00E+14,上海物流职业技能培训学校,徐汇,供应链管理师[S300031],高级/三级
2.00E+14,上海物流职业技能培训学校,徐汇,供应链管理师[S500063],高级/三级
2.00E+14,上海物流职业技能培训学校,徐汇,全媒体运营师（流量运营）[S300070],中级/四级
2.00E+14,上海物流职业技能培训学校,徐汇,全媒体运营师（流量运营）[S300070],高级/三级
2.00E+14,上海物流职业技能培训学校,徐汇,全媒体运营师（流量运营）[S400071],高级/三级
2.00E+14,上海物流职业技能培训学校,徐汇,全媒体运营师（流量运营）[S400071],中级/四级
2.00E+14,上海物流职业技能培训学校,徐汇,全媒体运营师（视听运营）[S300070],中级/四级
2.00E+14,上海物流职业技能培训学校,徐汇,全媒体运营师（视听运营）[S300070],高级/三级
2.00E+14,上海物流职业技能培训学校,徐汇,全媒体运营师（视听运营）[S400071],高级/三级
2.00E+14,上海物流职业技能培训学校,徐汇,全媒体运营师（视听运营）[S400071],中级/四级
2.00E+14,上海物流职业技能培训学校,徐汇,劳动关系协调师[S300016],中级/四级
2.00E+14,上海物流职业技能培训学校,徐汇,劳动关系协调师[S300016],高级/三级
2.00E+14,上海物流职业技能培训学校,徐汇,呼叫中心服务员[S300031],初级/五级
2.00E+14,上海物流职业技能培训学校,徐汇,呼叫中心服务员[S300061],初级/五级
2.00E+14,上海物流职业技能培训学校,徐汇,物流服务师[S300035],高级/三级
2.00E+14,上海物流职业技能培训学校,徐汇,物流服务师[S300035],技师/二级
2.00E+14,上海物流职业技能培训学校,徐汇,电子商务师（网商）[S300030],中级/四级
2.00E+14,上海物流职业技能培训学校,徐汇,电子商务师（网商）[S300030],高级/三级
2.00E+14,上海物流职业技能培训学校,徐汇,电子商务师（网商）[S300031],中级/四级
2.00E+14,上海物流职业技能培训学校,徐汇,电子商务师（网商）[S300031],高级/三级
2.00E+14,上海物流职业技能培训学校,徐汇,茶艺师[S300009],初级/五级
2.00E+14,上海物流职业技能培训学校,徐汇,茶艺师[S300009],中级/四级
2.00E+14,上海物流职业技能培训学校,徐汇,茶艺师[S300062],初级/五级
2.00E+14,上海物流职业技能培训学校,徐汇,茶艺师[S300062],中级/四级
2.00E+14,上海市普陀区职业培训学校,普陀,美发师[S300008],初级/五级
2.00E+14,上海市普陀区职业培训学校,普陀,美发师[S300008],中级/四级
2.00E+14,上海市普陀区职业培训学校,普陀,美容师[S300008],初级/五级
2.00E+14,上海市普陀区职业培训学校,普陀,美容师[S300008],中级/四级
2.00E+14,上海五加一证书培训中心,徐汇,人工智能训练师[S300040],初级/五级
2.00E+14,上海五加一证书培训中心,徐汇,人工智能训练师[S400054],高级/三级
2.00E+14,上海五加一证书培训中心,徐汇,人工智能训练师[S500053],高级/三级
2.00E+14,上海五加一证书培训中心,徐汇,人工智能训练师[S500053],中级/四级
2.00E+14,上海五加一证书培训中心,徐汇,企业人力资源管理师[S300015],中级/四级
2.00E+14,上海五加一证书培训中心,徐汇,企业人力资源管理师[S300015],高级/三级
2.00E+14,上海五加一证书培训中心,徐汇,企业人力资源管理师[S300015],技师/二级
2.00E+14,上海五加一证书培训中心,徐汇,企业人力资源管理师[S300015],高级技师/一级
2.00E+14,上海五加一证书培训中心,徐汇,供应链管理师[S200020],技师/二级
2.00E+14,上海五加一证书培训中心,徐汇,供应链管理师[S200020],高级技师/一级
2.00E+14,上海五加一证书培训中心,徐汇,供应链管理师[S200020],高级/三级
2.00E+14,上海五加一证书培训中心,徐汇,全媒体运营师（创意策划）[S400071],中级/四级
2.00E+14,上海五加一证书培训中心,徐汇,全媒体运营师（创意策划）[S400071],高级/三级
2.00E+14,上海五加一证书培训中心,徐汇,全媒体运营师（数据分析）[S400071],高级/三级
2.00E+14,上海五加一证书培训中心,徐汇,全媒体运营师（视听运营）[S300070],高级/三级
2.00E+14,上海五加一证书培训中心,徐汇,全媒体运营师（视听运营）[S400071],高级/三级
2.00E+14,上海五加一证书培训中心,徐汇,劳动关系协调师[S300016],中级/四级
2.00E+14,上海五加一证书培训中心,徐汇,劳动关系协调师[S300016],高级/三级
2.00E+14,上海五加一证书培训中心,徐汇,包装设计师[S500046],技师/二级
2.00E+14,上海五加一证书培训中心,徐汇,包装设计师[S500046],高级/三级
2.00E+14,上海五加一证书培训中心,徐汇,包装设计师[S500046],中级/四级
2.00E+14,上海五加一证书培训中心,徐汇,咖啡师[S400042],高级/三级
2.00E+14,上海五加一证书培训中心,徐汇,咖啡师[S400042],中级/四级
2.00E+14,上海五加一证书培训中心,徐汇,咖啡师[S400042],初级/五级
2.00E+14,上海五加一证书培训中心,徐汇,广告设计师[S300049],高级/三级
2.00E+14,上海五加一证书培训中心,徐汇,广告设计师[S300049],技师/二级
2.00E+14,上海五加一证书培训中心,徐汇,插花花艺师[S600024],中级/四级
2.00E+14,上海五加一证书培训中心,徐汇,插花花艺师[S600024],初级/五级
2.00E+14,上海五加一证书培训中心,徐汇,电子商务师（网商）[S300030],高级/三级
2.00E+14,上海五加一证书培训中心,徐汇,茶艺师[S300009],初级/五级
2.00E+14,上海五加一证书培训中心,徐汇,茶艺师[S300009],中级/四级
2.00E+14,上海伟业培训中心,静安,人工智能训练师[S400054],中级/四级
2.00E+14,上海伟业培训中心,静安,人工智能训练师[S400054],高级/三级
2.00E+14,上海伟业培训中心,静安,企业人力资源管理师[S300015],中级/四级
2.00E+14,上海伟业培训中心,静安,企业人力资源管理师[S300015],高级/三级
2.00E+14,上海伟业培训中心,静安,企业人力资源管理师[S300015],技师/二级
2.00E+14,上海伟业培训中心,静安,企业人力资源管理师[S300015],高级技师/一级
2.00E+14,上海伟业培训中心,静安,全媒体运营师（创意策划）[S400071],中级/四级
2.00E+14,上海伟业培训中心,静安,全媒体运营师（创意策划）[S400071],高级/三级
2.00E+14,上海伟业培训中心,静安,全媒体运营师（数据分析）[S400071],高级/三级
2.00E+14,上海伟业培训中心,静安,全媒体运营师（流量运营）[S300070],中级/四级
2.00E+14,上海伟业培训中心,静安,全媒体运营师（流量运营）[S300070],高级/三级
2.00E+14,上海伟业培训中心,静安,全媒体运营师（流量运营）[S400071],高级/三级
2.00E+14,上海伟业培训中心,静安,全媒体运营师（流量运营）[S400071],中级/四级
2.00E+14,上海伟业培训中心,静安,全媒体运营师（直播运营）[S300070],中级/四级
2.00E+14,上海伟业培训中心,静安,全媒体运营师（直播运营）[S300070],高级/三级
2.00E+14,上海伟业培训中心,静安,全媒体运营师（直播运营）[S400071],中级/四级
2.00E+14,上海伟业培训中心,静安,全媒体运营师（直播运营）[S400071],高级/三级
2.00E+14,上海伟业培训中心,静安,全媒体运营师（视听运营）[S300070],中级/四级
2.00E+14,上海伟业培训中心,静安,全媒体运营师（视听运营）[S300070],高级/三级
2.00E+14,上海伟业培训中心,静安,全媒体运营师（视听运营）[S400071],高级/三级
2.00E+14,上海伟业培训中心,静安,全媒体运营师（视听运营）[S400071],中级/四级
2.00E+14,上海伟业培训中心,静安,劳动关系协调师[S300016],中级/四级
2.00E+14,上海伟业培训中心,静安,劳动关系协调师[S300016],高级/三级
2.00E+14,上海伟业培训中心,静安,劳动关系协调师[S300016],技师/二级
2.00E+14,上海伟业培训中心,静安,职业培训师[S300015],技师/二级
2.00E+14,上海伟业培训中心,静安,职业培训师[S300015],高级/三级
2.00E+14,上海市宝经技术培训学校,宝山,全媒体运营师（创意策划）[S400071],中级/四级
2.00E+14,上海市宝经技术培训学校,宝山,全媒体运营师（创意策划）[S400071],高级/三级
2.00E+14,上海市宝经技术培训学校,宝山,全媒体运营师（数据分析）[S400071],高级/三级
2.00E+14,上海市宝经技术培训学校,宝山,全媒体运营师（流量运营）[S300070],中级/四级
2.00E+14,上海市宝经技术培训学校,宝山,全媒体运营师（流量运营）[S300070],高级/三级
2.00E+14,上海市宝经技术培训学校,宝山,全媒体运营师（流量运营）[S400071],高级/三级
2.00E+14,上海市宝经技术培训学校,宝山,全媒体运营师（流量运营）[S400071],中级/四级
2.00E+14,上海市宝经技术培训学校,宝山,全媒体运营师（直播运营）[S300070],中级/四级
2.00E+14,上海市宝经技术培训学校,宝山,全媒体运营师（直播运营）[S300070],高级/三级
2.00E+14,上海市宝经技术培训学校,宝山,全媒体运营师（直播运营）[S400071],中级/四级
2.00E+14,上海市宝经技术培训学校,宝山,全媒体运营师（直播运营）[S400071],高级/三级
2.00E+14,上海市宝经技术培训学校,宝山,全媒体运营师（视听运营）[S300070],中级/四级
2.00E+14,上海市宝经技术培训学校,宝山,全媒体运营师（视听运营）[S300070],高级/三级
2.00E+14,上海市宝经技术培训学校,宝山,全媒体运营师（视听运营）[S400071],高级/三级
2.00E+14,上海市宝经技术培训学校,宝山,全媒体运营师（视听运营）[S400071],中级/四级
2.00E+14,上海市宝经技术培训学校,宝山,动画制作员[S400022],中级/四级
2.00E+14,上海市宝经技术培训学校,宝山,动画制作员[S400022],高级/三级
2.00E+14,上海市宝经技术培训学校,宝山,包装设计师[S500046],高级/三级
2.00E+14,上海市宝经技术培训学校,宝山,包装设计师[S500046],中级/四级
2.00E+14,上海市宝经技术培训学校,宝山,园林绿化工[S300034],初级/五级
2.00E+14,上海市宝经技术培训学校,宝山,园林绿化工[S300034],中级/四级
2.00E+14,上海市宝经技术培训学校,宝山,电子商务师（网商）[S300030],中级/四级
2.00E+14,上海市宝经技术培训学校,宝山,电子商务师（网商）[S300030],高级/三级
2.00E+14,上海市宝经技术培训学校,宝山,茶艺师[S300009],初级/五级
2.00E+14,上海市宝经技术培训学校,宝山,茶艺师[S300009],中级/四级
2.00E+14,上海市宝经技术培训学校,宝山,茶艺师[S300009],高级/三级
2.00E+14,上海市宝经技术培训学校,宝山,评茶师[S300009],初级/五级
2.00E+14,上海市宝经技术培训学校,宝山,评茶师[S300009],中级/四级
2.00E+14,上海市宝经技术培训学校,宝山,评茶师[S300009],高级/三级
2.00E+14,上海宝冶职业技能培训中心,宝山,建筑信息模型技术员[S300052],中级/四级
2.00E+14,上海宝冶职业技能培训中心,宝山,建筑信息模型技术员（建筑工程）[S300052],高级/三级
2.00E+14,上海新兴职业技能培训学校,闵行,中式烹调师[S300013],初级/五级
2.00E+14,上海新兴职业技能培训学校,闵行,中式烹调师[S300013],中级/四级
2.00E+14,上海新兴职业技能培训学校,闵行,中式面点师[S300013],初级/五级
2.00E+14,上海新兴职业技能培训学校,闵行,中式面点师[S300013],中级/四级
2.00E+14,上海新兴职业技能培训学校,闵行,企业人力资源管理师[S300015],中级/四级
2.00E+14,上海新兴职业技能培训学校,闵行,企业人力资源管理师[S300015],高级/三级
2.00E+14,上海新兴职业技能培训学校,闵行,保育师[S300011],初级/五级
2.00E+14,上海新兴职业技能培训学校,闵行,保育师[S300011],中级/四级
2.00E+14,上海新兴职业技能培训学校,闵行,养老护理员[S300038],初级/五级
2.00E+14,上海新兴职业技能培训学校,闵行,劳动关系协调师[S300016],高级/三级
2.00E+14,上海新兴职业技能培训学校,闵行,婴幼儿发展引导员（育婴员）[S300011],初级/五级
2.00E+14,上海新兴职业技能培训学校,闵行,婴幼儿发展引导员（育婴员）[S300011],中级/四级
2.00E+14,上海新兴职业技能培训学校,闵行,家政服务员（母婴护理员）[S300039],初级/五级
2.00E+14,上海新兴职业技能培训学校,闵行,物业管理师[S300037],中级/四级
2.00E+14,上海新兴职业技能培训学校,闵行,物业管理师[S300037],高级/三级
2.00E+14,上海新兴职业技能培训学校,闵行,西式面点师[S300013],初级/五级
2.00E+14,上海新兴职业技能培训学校,闵行,西式面点师[S300013],中级/四级
2.00E+14,上海新兴职业技能培训学校,闵行,计算机维修工[S300033],中级/四级
2.00E+14,上海新兴职业技能培训学校,闵行,计算机维修工[S300033],初级/五级
2.00E+14,上海新兴职业技能培训学校,闵行,计算机维修工[S300033],高级/三级
2.00E+14,上海新兴职业技能培训学校,闵行,餐厅服务员[S300013],中级/四级
2.00E+14,上海新兴职业技能培训学校,闵行,餐厅服务员[S300013],初级/五级
2.00E+14,上海育成职业技术培训学校,静安,电工[S100004],中级/四级
2.00E+14,上海育成职业技术培训学校,静安,电工[S100004],初级/五级
2.00E+14,上海工商职业技术学院,嘉定,互联网营销师（商品选品员）[S300031],高级/三级
2.00E+14,上海工商职业技术学院,嘉定,互联网营销师（商品选品员）[S300031],中级/四级
2.00E+14,上海工商职业技术学院,嘉定,人工智能训练师[S400054],中级/四级
2.00E+14,上海工商职业技术学院,嘉定,人工智能训练师[S400054],高级/三级
2.00E+14,上海工商职业技术学院,嘉定,供应链管理师[S300031],高级/三级
2.00E+14,上海工商职业技术学院,嘉定,全媒体运营师（流量运营）[S300070],中级/四级
2.00E+14,上海工商职业技术学院,嘉定,全媒体运营师（流量运营）[S300070],高级/三级
2.00E+14,上海工商职业技术学院,嘉定,全媒体运营师（直播运营）[S300070],中级/四级
2.00E+14,上海工商职业技术学院,嘉定,全媒体运营师（直播运营）[S300070],高级/三级
2.00E+14,上海工商职业技术学院,嘉定,全媒体运营师（视听运营）[S300070],中级/四级
2.00E+14,上海工商职业技术学院,嘉定,全媒体运营师（视听运营）[S300070],高级/三级
2.00E+14,上海工商职业技术学院,嘉定,汽车维修工（汽车机械维修工）[S200005],中级/四级
2.00E+14,上海工商职业技术学院,嘉定,汽车维修工（汽车机械维修工）[S200005],高级/三级
2.00E+14,上海工商职业技术学院,嘉定,电子商务师（网商）[S300031],中级/四级
2.00E+14,上海工商职业技术学院,嘉定,电子商务师（网商）[S300031],高级/三级
2.00E+14,上海工商职业技术学院,嘉定,电工[S100004],高级/三级
2.00E+14,上海工商职业技术学院,嘉定,电工[S100004],中级/四级
2.00E+14,上海工商职业技术学院,嘉定,茶艺师[S300009],中级/四级
2.00E+14,上海工商职业技术学院,嘉定,茶艺师[S300009],高级/三级
2.00E+14,上海浦东新区农发职业技能培训中心,浦东,农产品食品检验员（农产品质量安全检测员）[S600026],初级/五级
2.00E+14,上海浦东新区职业技术培训中心,浦东,企业人力资源管理师[S300015],中级/四级
2.00E+14,上海浦东新区职业技术培训中心,浦东,企业人力资源管理师[S300015],高级/三级
2.00E+14,上海浦东新区职业技术培训中心,浦东,企业人力资源管理师[S300015],技师/二级
2.00E+14,上海浦东新区职业技术培训中心,浦东,企业人力资源管理师[S300015],高级技师/一级
2.00E+14,上海良师职业技能培训中心,杨浦,西式烹调师[S600012],初级/五级
2.00E+14,上海良师职业技能培训中心,杨浦,西式烹调师[S600012],中级/四级
2.00E+14,上海良师职业技能培训中心,杨浦,西式面点师[S300013],初级/五级
2.00E+14,上海良师职业技能培训中心,杨浦,西式面点师[S300013],中级/四级
2.00E+14,上海良师职业技能培训中心,杨浦,西式面点师[S300013],高级/三级
2.00E+14,上海良师职业技能培训中心,杨浦,计算机软件测试员[S300032],技师/二级
2.00E+14,上海良师职业技能培训中心,杨浦,计算机软件测试员[S300032],高级/三级
2.00E+14,上海科学技术职业学院,嘉定,企业人力资源管理师[S300015],中级/四级
2.00E+14,上海科学技术职业学院,嘉定,汽车维修工（汽车机械维修工）[S200005],中级/四级
2.00E+14,上海科学技术职业学院,嘉定,汽车维修工（汽车机械维修工）[S200005],高级/三级
2.00E+14,上海科学技术职业学院,嘉定,电工[S100004],高级/三级
2.00E+14,上海科学技术职业学院,嘉定,电工[S100004],中级/四级
2.00E+14,上海科学技术职业学院,嘉定,车工（数控车工）[S100001],中级/四级
2.00E+14,上海科学技术职业学院,嘉定,车工（数控车工）[S100001],高级/三级
2.00E+14,上海科学技术职业学院,嘉定,铣工（数控铣工）[S100001],中级/四级
2.00E+14,上海科学技术职业学院,嘉定,铣工（数控铣工）[S100001],高级/三级
2.00E+14,上海南汇创明职业技能培训中心,浦东,中式面点师[S300013],初级/五级
2.00E+14,上海南汇创明职业技能培训中心,浦东,中式面点师[S300013],中级/四级
2.00E+14,上海南汇创明职业技能培训中心,浦东,保育师[S300011],初级/五级
2.00E+14,上海南汇创明职业技能培训中心,浦东,保育师[S300011],中级/四级
2.00E+14,上海南汇创明职业技能培训中心,浦东,西式面点师[S300013],初级/五级
2.00E+14,上海南汇创明职业技能培训中心,浦东,西式面点师[S300013],中级/四级
2.00E+14,上海市奉贤紫屿职业技能培训学校,奉贤,中式烹调师[S300013],初级/五级
2.00E+14,上海市奉贤紫屿职业技能培训学校,奉贤,中式烹调师[S300013],中级/四级
2.00E+14,上海市奉贤紫屿职业技能培训学校,奉贤,中式面点师[S300013],初级/五级
2.00E+14,上海市奉贤紫屿职业技能培训学校,奉贤,中式面点师[S300013],中级/四级
2.00E+14,上海市奉贤紫屿职业技能培训学校,奉贤,人工智能训练师[S300040],中级/四级
2.00E+14,上海市奉贤紫屿职业技能培训学校,奉贤,人工智能训练师[S300040],高级/三级
2.00E+14,上海市奉贤紫屿职业技能培训学校,奉贤,人工智能训练师[S400054],中级/四级
2.00E+14,上海市奉贤紫屿职业技能培训学校,奉贤,人工智能训练师[S400054],高级/三级
2.00E+14,上海市奉贤紫屿职业技能培训学校,奉贤,人工智能训练师[S500053],高级/三级
2.00E+14,上海市奉贤紫屿职业技能培训学校,奉贤,人工智能训练师[S500053],中级/四级
2.00E+14,上海市奉贤紫屿职业技能培训学校,奉贤,咖啡师[S400042],高级/三级
2.00E+14,上海市奉贤紫屿职业技能培训学校,奉贤,咖啡师[S400042],中级/四级
2.00E+14,上海市奉贤紫屿职业技能培训学校,奉贤,咖啡师[S400042],初级/五级
2.00E+14,上海市奉贤紫屿职业技能培训学校,奉贤,电工[S100004],中级/四级
2.00E+14,上海市奉贤紫屿职业技能培训学校,奉贤,电工[S100004],初级/五级
2.00E+14,上海市奉贤紫屿职业技能培训学校,奉贤,网络与信息安全管理员（互联网信息审核员）[S100017],高级/三级
2.00E+14,上海市奉贤紫屿职业技能培训学校,奉贤,网络与信息安全管理员（信息安全管理员）[S300073],中级/四级
2.00E+14,上海市奉贤紫屿职业技能培训学校,奉贤,网络与信息安全管理员（信息安全管理员）[S300073],高级/三级
2.00E+14,上海市奉贤紫屿职业技能培训学校,奉贤,网络与信息安全管理员（信息安全管理员）[S400054],中级/四级
2.00E+14,上海市奉贤紫屿职业技能培训学校,奉贤,网络与信息安全管理员（信息安全管理员）[S400054],高级/三级
2.00E+14,上海市奉贤紫屿职业技能培训学校,奉贤,网络与信息安全管理员（信息安全管理员）[S500053],高级/三级
2.00E+14,上海市奉贤紫屿职业技能培训学校,奉贤,网络与信息安全管理员（信息安全管理员）[S500053],中级/四级
2.00E+14,上海市奉贤紫屿职业技能培训学校,奉贤,网络与信息安全管理员（网络安全管理员）[S300073],中级/四级
2.00E+14,上海市奉贤紫屿职业技能培训学校,奉贤,网络与信息安全管理员（网络安全管理员）[S300073],高级/三级
2.00E+14,上海市奉贤紫屿职业技能培训学校,奉贤,网络与信息安全管理员（网络安全管理员）[S400054],中级/四级
2.00E+14,上海市奉贤紫屿职业技能培训学校,奉贤,网络与信息安全管理员（网络安全管理员）[S400054],高级/三级
2.00E+14,上海市奉贤紫屿职业技能培训学校,奉贤,美容师[S300008],初级/五级
2.00E+14,上海市奉贤紫屿职业技能培训学校,奉贤,美容师[S300008],中级/四级
2.00E+14,上海市奉贤紫屿职业技能培训学校,奉贤,茶艺师[S300009],初级/五级
2.00E+14,上海市奉贤紫屿职业技能培训学校,奉贤,茶艺师[S300009],中级/四级
2.00E+14,上海市奉贤紫屿职业技能培训学校,奉贤,西式面点师[S300013],初级/五级
2.00E+14,上海市奉贤紫屿职业技能培训学校,奉贤,西式面点师[S300013],中级/四级
2.00E+14,上海市奉贤紫屿职业技能培训学校,奉贤,西式面点师[S300013],高级/三级
2.00E+14,上海市奉贤紫屿职业技能培训学校,奉贤,计算机程序设计员[S300032],中级/四级
2.00E+14,上海市奉贤紫屿职业技能培训学校,奉贤,计算机程序设计员[S300032],高级/三级
2.00E+14,上海市奉贤紫屿职业技能培训学校,奉贤,计算机程序设计员[S400021],中级/四级
2.00E+14,上海市奉贤紫屿职业技能培训学校,奉贤,计算机程序设计员[S400021],高级/三级
2.00E+14,上海市奉贤紫屿职业技能培训学校,奉贤,计算机程序设计员[S400054],中级/四级
2.00E+14,上海市奉贤紫屿职业技能培训学校,奉贤,计算机程序设计员[S400054],高级/三级
2.00E+14,上海市奉贤紫屿职业技能培训学校,奉贤,评茶师[S300009],初级/五级
2.00E+14,上海市奉贤紫屿职业技能培训学校,奉贤,评茶师[S300009],中级/四级
2.00E+14,上海市电力育才职业技能培训中心,闵行,电工[S100004],初级/五级
2.00E+14,上海青浦培新进修学校,青浦,保育师[S300011],初级/五级
2.00E+14,上海青浦培新进修学校,青浦,保育师[S300011],中级/四级
2.00E+14,上海青浦培新进修学校,青浦,保育师[S300011],高级/三级
2.00E+14,上海青浦培新进修学校,青浦,婴幼儿发展引导员（育婴员）[S300011],初级/五级
2.00E+14,上海青浦培新进修学校,青浦,婴幼儿发展引导员（育婴员）[S300011],中级/四级
2.00E+14,上海青浦培新进修学校,青浦,婴幼儿发展引导员（育婴员）[S300011],高级/三级
2.00E+14,上海地铁环境职业培训学校,徐汇,物业管理师[S300037],中级/四级
2.00E+14,上海地铁环境职业培训学校,徐汇,物业管理师[S300037],高级/三级
2.00E+14,上海环境职业技术培训学校,徐汇,汽车维修工（汽车机械维修工）[S200005],初级/五级
2.00E+14,上海环境职业技术培训学校,徐汇,汽车维修工（汽车机械维修工）[S200005],中级/四级
2.00E+14,上海环境职业技术培训学校,徐汇,汽车维修工（汽车机械维修工）[S200005],高级/三级
2.00E+14,上海环境职业技术培训学校,徐汇,汽车维修工（汽车机械维修工）[S200005],技师/二级
2.00E+14,上海环境职业技术培训学校,徐汇,汽车维修工（汽车美容装潢工）[S200005],初级/五级
2.00E+14,上海环境职业技术培训学校,徐汇,汽车维修工（汽车美容装潢工）[S200005],中级/四级
2.00E+14,上海企顺技能培训学校,普陀,人工智能训练师[S300040],中级/四级
2.00E+14,上海企顺技能培训学校,普陀,人工智能训练师[S300040],高级/三级
2.00E+14,上海企顺技能培训学校,普陀,人工智能训练师[S400054],中级/四级
2.00E+14,上海企顺技能培训学校,普陀,人工智能训练师[S400054],高级/三级
2.00E+14,上海企顺技能培训学校,普陀,人工智能训练师[S500053],高级/三级
2.00E+14,上海企顺技能培训学校,普陀,人工智能训练师[S500053],中级/四级
2.00E+14,上海企顺技能培训学校,普陀,智能楼宇管理员[S600014],中级/四级
2.00E+14,上海企顺技能培训学校,普陀,智能楼宇管理员[S600014],高级/三级
2.00E+14,上海企顺技能培训学校,普陀,电子商务师（网商）[S300030],高级/三级
2.00E+14,上海企顺技能培训学校,普陀,电子商务师（网商）[S300031],高级/三级
2.00E+14,上海企顺技能培训学校,普陀,网络与信息安全管理员（互联网信息审核员）[S100017],中级/四级
2.00E+14,上海企顺技能培训学校,普陀,网络与信息安全管理员（互联网信息审核员）[S100017],高级/三级
2.00E+14,上海企顺技能培训学校,普陀,网络与信息安全管理员（信息安全管理员）[S400054],中级/四级
2.00E+14,上海企顺技能培训学校,普陀,网络与信息安全管理员（信息安全管理员）[S400054],高级/三级
2.00E+14,上海企顺技能培训学校,普陀,网络与信息安全管理员（信息安全管理员）[S500053],高级/三级
2.00E+14,上海企顺技能培训学校,普陀,网络与信息安全管理员（信息安全管理员）[S500053],中级/四级
2.00E+14,上海企顺技能培训学校,普陀,网络与信息安全管理员（网络安全管理员）[S100017],中级/四级
2.00E+14,上海企顺技能培训学校,普陀,网络与信息安全管理员（网络安全管理员）[S100017],高级/三级
2.00E+14,上海企顺技能培训学校,普陀,网络与信息安全管理员（网络安全管理员）[S400054],中级/四级
2.00E+14,上海企顺技能培训学校,普陀,网络与信息安全管理员（网络安全管理员）[S400054],高级/三级
2.00E+14,上海企顺技能培训学校,普陀,计算机程序设计员[S300032],中级/四级
2.00E+14,上海企顺技能培训学校,普陀,计算机程序设计员[S300032],高级/三级
2.00E+14,上海企顺技能培训学校,普陀,计算机程序设计员[S400021],中级/四级
2.00E+14,上海企顺技能培训学校,普陀,计算机程序设计员[S400021],高级/三级
2.00E+14,上海企顺技能培训学校,普陀,计算机程序设计员[S400022],中级/四级
2.00E+14,上海企顺技能培训学校,普陀,计算机程序设计员[S400022],高级/三级
2.00E+14,上海企顺技能培训学校,普陀,计算机程序设计员[S400054],中级/四级
2.00E+14,上海企顺技能培训学校,普陀,计算机程序设计员[S400054],高级/三级
2.00E+14,上海企顺技能培训学校,普陀,计算机维修工[S300033],中级/四级
2.00E+14,上海企顺技能培训学校,普陀,计算机维修工[S300033],初级/五级
2.00E+14,上海企顺技能培训学校,普陀,计算机维修工[S300033],高级/三级
2.00E+14,上海企顺技能培训学校,普陀,计算机软件测试员[S300032],技师/二级
2.00E+14,上海企顺技能培训学校,普陀,计算机软件测试员[S300032],高级/三级
2.00E+14,上海复达职业技术培训中心,普陀,中式烹调师[S300013],初级/五级
2.00E+14,上海复达职业技术培训中心,普陀,中式烹调师[S300013],中级/四级
2.00E+14,上海复达职业技术培训中心,普陀,中式面点师[S300013],初级/五级
2.00E+14,上海复达职业技术培训中心,普陀,中式面点师[S300013],中级/四级
2.00E+14,上海复达职业技术培训中心,普陀,互联网营销师（直播销售员）[S500023],初级/五级
2.00E+14,上海复达职业技术培训中心,普陀,互联网营销师（直播销售员）[S500023],中级/四级
2.00E+14,上海复达职业技术培训中心,普陀,人工智能训练师[S300040],初级/五级
2.00E+14,上海复达职业技术培训中心,普陀,人工智能训练师[S300040],中级/四级
2.00E+14,上海复达职业技术培训中心,普陀,人工智能训练师[S300040],高级/三级
2.00E+14,上海复达职业技术培训中心,普陀,人工智能训练师[S400054],中级/四级
2.00E+14,上海复达职业技术培训中心,普陀,人工智能训练师[S400054],高级/三级
2.00E+14,上海复达职业技术培训中心,普陀,人工智能训练师[S500053],高级/三级
2.00E+14,上海复达职业技术培训中心,普陀,人工智能训练师[S500053],中级/四级
2.00E+14,上海复达职业技术培训中心,普陀,企业人力资源管理师[S300015],中级/四级
2.00E+14,上海复达职业技术培训中心,普陀,供应链管理师[S200020],技师/二级
2.00E+14,上海复达职业技术培训中心,普陀,供应链管理师[S200020],高级技师/一级
2.00E+14,上海复达职业技术培训中心,普陀,供应链管理师[S200020],高级/三级
2.00E+14,上海复达职业技术培训中心,普陀,供应链管理师[S300031],高级/三级
2.00E+14,上海复达职业技术培训中心,普陀,供应链管理师[S500063],高级/三级
2.00E+14,上海复达职业技术培训中心,普陀,保育师[S300011],初级/五级
2.00E+14,上海复达职业技术培训中心,普陀,保育师[S300011],中级/四级
2.00E+14,上海复达职业技术培训中心,普陀,全媒体运营师（创意策划）[S400071],高级/三级
2.00E+14,上海复达职业技术培训中心,普陀,全媒体运营师（流量运营）[S300070],高级/三级
2.00E+14,上海复达职业技术培训中心,普陀,全媒体运营师（直播运营）[S300070],高级/三级
2.00E+14,上海复达职业技术培训中心,普陀,全媒体运营师（视听运营）[S300070],高级/三级
2.00E+14,上海复达职业技术培训中心,普陀,劳动关系协调师[S300016],中级/四级
2.00E+14,上海复达职业技术培训中心,普陀,商品营业员[S200019],初级/五级
2.00E+14,上海复达职业技术培训中心,普陀,商品营业员[S200019],高级/三级
2.00E+14,上海复达职业技术培训中心,普陀,物联网安装调试员[S300041],高级/三级
2.00E+14,上海复达职业技术培训中心,普陀,物联网安装调试员[S300041],初级/五级
2.00E+14,上海复达职业技术培训中心,普陀,物联网安装调试员[S300041],中级/四级
2.00E+14,上海复达职业技术培训中心,普陀,电工[S100004],初级/五级
2.00E+14,上海复达职业技术培训中心,普陀,西式烹调师[S600012],初级/五级
2.00E+14,上海复达职业技术培训中心,普陀,西式烹调师[S600012],中级/四级
2.00E+14,上海复达职业技术培训中心,普陀,西式面点师[S300013],初级/五级
2.00E+14,上海复达职业技术培训中心,普陀,西式面点师[S300013],中级/四级
2.00E+14,上海复达职业技术培训中心,普陀,计算机维修工[S300033],中级/四级
2.00E+14,上海复达职业技术培训中心,普陀,计算机维修工[S300033],初级/五级
2.00E+14,上海复达职业技术培训中心,普陀,计算机维修工[S300033],高级/三级
2.00E+14,上海复达职业技术培训中心,普陀,计算机软件测试员[S300032],技师/二级
2.00E+14,上海复达职业技术培训中心,普陀,计算机软件测试员[S300032],高级/三级
2.00E+14,上海复达职业技术培训中心,普陀,食品安全管理师[S300093],高级/三级
2.00E+14,上海复达职业技术培训中心,普陀,餐厅服务员[S300013],初级/五级
2.00E+14,上海质量教育培训中心有限公司,长宁,人工智能训练师[S300040],高级/三级
2.00E+14,上海质量教育培训中心有限公司,长宁,人工智能训练师[S400054],中级/四级
2.00E+14,上海质量教育培训中心有限公司,长宁,人工智能训练师[S400054],高级/三级
2.00E+14,上海质量教育培训中心有限公司,长宁,人工智能训练师[S500053],高级/三级
2.00E+14,上海智能消防学校,杨浦,制冷空调系统安装维修工[S600007],初级/五级
2.00E+14,上海智能消防学校,杨浦,制冷空调系统安装维修工[S600007],中级/四级
2.00E+14,上海智能消防学校,杨浦,制冷空调系统安装维修工[S600007],高级/三级
2.00E+14,上海智能消防学校,杨浦,制冷空调系统安装维修工[S600007],技师/二级
2.00E+14,上海智能消防学校,杨浦,智能楼宇管理员[S600014],中级/四级
2.00E+14,上海智能消防学校,杨浦,智能楼宇管理员[S600014],高级/三级
2.00E+14,上海智能消防学校,杨浦,物业管理师[S300037],中级/四级
2.00E+14,上海智能消防学校,杨浦,物业管理师[S300037],高级/三级
2.00E+14,上海智能消防学校,杨浦,电工[S100004],技师/二级
2.00E+14,上海智能消防学校,杨浦,电工[S100004],高级/三级
2.00E+14,上海智能消防学校,杨浦,电工[S100004],中级/四级
2.00E+14,上海智能消防学校,杨浦,电工[S100004],初级/五级
2.00E+14,上海宝山车洋职业技术培训学校,宝山,西式面点师[S300013],初级/五级
2.00E+14,上海明日香职业技能培训学校,普陀,形象设计师[S300008],高级/三级
2.00E+14,上海明日香职业技能培训学校,普陀,美发师[S300008],初级/五级
2.00E+14,上海明日香职业技能培训学校,普陀,美发师[S300008],中级/四级
2.00E+14,上海明日香职业技能培训学校,普陀,美容师[S300008],初级/五级
2.00E+14,上海明日香职业技能培训学校,普陀,美容师[S300008],中级/四级
2.00E+14,上海明日香职业技能培训学校,普陀,美甲师[S300008],中级/四级
2.00E+14,上海明日香职业技能培训学校,普陀,美甲师[S300008],初级/五级
2.00E+14,上海浦东新区张江职业技能培训中心,浦东,企业人力资源管理师[S300015],中级/四级
2.00E+14,上海市徐汇恒甫进修学校,徐汇,保育师[S300011],初级/五级
2.00E+14,上海市徐汇恒甫进修学校,徐汇,保育师[S300011],中级/四级
2.00E+14,上海市徐汇恒甫进修学校,徐汇,保育师[S300011],高级/三级
2.00E+14,上海金山区金成职业技能培训中心,金山,互联网营销师（商品选品员）[S300031],高级/三级
2.00E+14,上海金山区金成职业技能培训中心,金山,互联网营销师（商品选品员）[S300031],中级/四级
2.00E+14,上海金山区金成职业技能培训中心,金山,互联网营销师（商品选品员）[S300031],初级/五级
2.00E+14,上海金山区金成职业技能培训中心,金山,互联网营销师（直播销售员）[S500023],初级/五级
2.00E+14,上海金山区金成职业技能培训中心,金山,互联网营销师（直播销售员）[S500023],中级/四级
2.00E+14,上海金山区金成职业技能培训中心,金山,互联网营销师（直播销售员）[S500023],高级/三级
2.00E+14,上海金山区金成职业技能培训中心,金山,人工智能数据标注[S200057],专项职业能力
2.00E+14,上海金山区金成职业技能培训中心,金山,人工智能训练师[S300040],初级/五级
2.00E+14,上海金山区金成职业技能培训中心,金山,人工智能训练师[S400054],中级/四级
2.00E+14,上海金山区金成职业技能培训中心,金山,人工智能训练师[S400054],高级/三级
2.00E+14,上海金山区金成职业技能培训中心,金山,企业人力资源管理师[S300015],中级/四级
2.00E+14,上海金山区金成职业技能培训中心,金山,企业人力资源管理师[S300015],高级/三级
2.00E+14,上海金山区金成职业技能培训中心,金山,保育师[S300011],初级/五级
2.00E+14,上海金山区金成职业技能培训中心,金山,保育师[S300011],中级/四级
2.00E+14,上海金山区金成职业技能培训中心,金山,全媒体运营师（流量运营）[S300070],中级/四级
2.00E+14,上海金山区金成职业技能培训中心,金山,全媒体运营师（流量运营）[S300070],高级/三级
2.00E+14,上海金山区金成职业技能培训中心,金山,全媒体运营师（流量运营）[S400071],高级/三级
2.00E+14,上海金山区金成职业技能培训中心,金山,全媒体运营师（流量运营）[S400071],中级/四级
2.00E+14,上海金山区金成职业技能培训中心,金山,全媒体运营师（直播运营）[S300070],中级/四级
2.00E+14,上海金山区金成职业技能培训中心,金山,全媒体运营师（直播运营）[S300070],高级/三级
2.00E+14,上海金山区金成职业技能培训中心,金山,全媒体运营师（直播运营）[S400071],中级/四级
2.00E+14,上海金山区金成职业技能培训中心,金山,全媒体运营师（直播运营）[S400071],高级/三级
2.00E+14,上海金山区金成职业技能培训中心,金山,劳动关系协调师[S300016],高级/三级
2.00E+14,上海金山区金成职业技能培训中心,金山,家政服务员（家庭照护员）[S300031],高级/三级
2.00E+14,上海金山区金成职业技能培训中心,金山,家政服务员（家庭照护员）[S300039],高级/三级
2.00E+14,上海金山区金成职业技能培训中心,金山,家政服务员（家庭照护员）[S300039],中级/四级
2.00E+14,上海金山区金成职业技能培训中心,金山,家政服务员（家庭照护员）[S300039],初级/五级
2.00E+14,上海金山区金成职业技能培训中心,金山,家政服务员（母婴护理员）[S300039],初级/五级
2.00E+14,上海金山区金成职业技能培训中心,金山,家政服务员（母婴护理员）[S300039],中级/四级
2.00E+14,上海金山区金成职业技能培训中心,金山,家政服务员（母婴护理员）[S300039],高级/三级
2.00E+14,上海金山区金成职业技能培训中心,金山,广告设计师[S300049],高级/三级
2.00E+14,上海金山区金成职业技能培训中心,金山,电子商务师（网商）[S300030],中级/四级
2.00E+14,上海金山区金成职业技能培训中心,金山,电子商务师（网商）[S300030],高级/三级
2.00E+14,上海金山区金成职业技能培训中心,金山,计算机软件测试员[S300032],高级/三级
2.00E+14,上海浦东新区金桥职业技能培训中心,浦东,电工[S100004],中级/四级
2.00E+14,上海浦东新区金桥职业技能培训中心,浦东,眼镜验光师[S300010],中级/四级
2.00E+14,上海浦东新区金桥职业技能培训中心,浦东,眼镜验光师[S300010],高级/三级
2.00E+14,上海浦东新区金桥职业技能培训中心,浦东,铣工（数控铣工）[S100001],中级/四级
2.00E+14,上海浦东新区金桥职业技能培训中心,浦东,铣工（数控铣工）[S100001],高级/三级
2.00E+14,上海同济华康职业培训学校,虹口,互联网营销师（直播销售员）[S500023],初级/五级
2.00E+14,上海同济华康职业培训学校,虹口,人工智能训练师[400040],高级/三级
2.00E+14,上海同济华康职业培训学校,虹口,人工智能训练师[S300040],中级/四级
2.00E+14,上海同济华康职业培训学校,虹口,人工智能训练师[S400054],中级/四级
2.00E+14,上海同济华康职业培训学校,虹口,人工智能训练师[S400054],高级/三级
2.00E+14,上海同济华康职业培训学校,虹口,人工智能训练师[S500053],高级/三级
2.00E+14,上海同济华康职业培训学校,虹口,人工智能训练师[S500053],中级/四级
2.00E+14,上海同济华康职业培训学校,虹口,健康照护师（长期照护师）[S500077],初级/五级
2.00E+14,上海同济华康职业培训学校,虹口,健康照护师（长期照护师）[S500077],中级/四级
2.00E+14,上海同济华康职业培训学校,虹口,健康照护师（长期照护师）[S500077],高级/三级
2.00E+14,上海同济华康职业培训学校,虹口,全媒体运营师（创意策划）[S400071],中级/四级
2.00E+14,上海同济华康职业培训学校,虹口,全媒体运营师（创意策划）[S400071],高级/三级
2.00E+14,上海同济华康职业培训学校,虹口,全媒体运营师（流量运营）[S400071],高级/三级
2.00E+14,上海同济华康职业培训学校,虹口,全媒体运营师（流量运营）[S400071],中级/四级
2.00E+14,上海同济华康职业培训学校,虹口,养老护理员[S300038],高级/三级
2.00E+14,上海同济华康职业培训学校,虹口,养老护理员[S300038],中级/四级
2.00E+14,上海同济华康职业培训学校,虹口,养老护理员[S300038],初级/五级
2.00E+14,上海同济华康职业培训学校,虹口,养老护理员[S300060],初级/五级
2.00E+14,上海同济华康职业培训学校,虹口,养老护理员[S300060],中级/四级
2.00E+14,上海同济华康职业培训学校,虹口,养老护理员[S300060],高级/三级
2.00E+14,上海同济华康职业培训学校,虹口,医疗护理员[S300094],初级/五级
2.00E+14,上海同济华康职业培训学校,虹口,医疗护理员[S300094],中级/四级
2.00E+14,上海同济华康职业培训学校,虹口,医疗护理员[S300094],高级/三级
2.00E+14,上海同济华康职业培训学校,虹口,婴幼儿发展引导员（育婴员）[S300011],中级/四级
2.00E+14,上海同济华康职业培训学校,虹口,婴幼儿发展引导员（育婴员）[S300011],高级/三级
2.00E+14,上海同济华康职业培训学校,虹口,家政服务员（家庭照护员）[S300031],高级/三级
2.00E+14,上海同济华康职业培训学校,虹口,家政服务员（家庭照护员）[S300031],初级/五级
2.00E+14,上海同济华康职业培训学校,虹口,家政服务员（家庭照护员）[S300031],中级/四级
2.00E+14,上海同济华康职业培训学校,虹口,家政服务员（家庭照护员）[S300039],高级/三级
2.00E+14,上海同济华康职业培训学校,虹口,家政服务员（家庭照护员）[S300039],中级/四级
2.00E+14,上海同济华康职业培训学校,虹口,家政服务员（家庭照护员）[S300039],初级/五级
2.00E+14,上海同济华康职业培训学校,虹口,家政服务员（母婴护理员）[S300039],初级/五级
2.00E+14,上海同济华康职业培训学校,虹口,家政服务员（母婴护理员）[S300039],中级/四级
2.00E+14,上海同济华康职业培训学校,虹口,家政服务员（母婴护理员）[S300039],高级/三级
2.00E+14,上海桥智职业培训中心,普陀,电工[S100004],初级/五级
2.00E+14,上海桥智职业培训中心,普陀,茶艺师[S300009],初级/五级
2.00E+14,上海桥智职业培训中心,普陀,茶艺师[S300009],中级/四级
2.00E+14,上海市致立学前教育职业技能培训中心,静安,保育师[S300011],初级/五级
2.00E+14,上海市致立学前教育职业技能培训中心,静安,保育师[S300011],中级/四级
2.00E+14,上海市致立学前教育职业技能培训中心,静安,保育师[S300011],高级/三级
2.00E+14,上海市致立学前教育职业技能培训中心,静安,婴幼儿发展引导员（育婴员）[S300011],初级/五级
2.00E+14,上海市致立学前教育职业技能培训中心,静安,婴幼儿发展引导员（育婴员）[S300011],中级/四级
2.00E+14,上海市致立学前教育职业技能培训中心,静安,婴幼儿发展引导员（育婴员）[S300011],高级/三级
2.00E+14,上海电气李斌技师学院,杨浦,企业人力资源管理师[S300015],中级/四级
2.00E+14,上海电气李斌技师学院,杨浦,企业人力资源管理师[S300015],高级/三级
2.00E+14,上海电气李斌技师学院,杨浦,企业人力资源管理师[S300015],技师/二级
2.00E+14,上海电气李斌技师学院,杨浦,劳动关系协调师[S300016],中级/四级
2.00E+14,上海电气李斌技师学院,杨浦,劳动关系协调师[S300016],高级/三级
2.00E+14,上海电气李斌技师学院,杨浦,工业机器人系统操作员[S200018],中级/四级
2.00E+14,上海电气李斌技师学院,杨浦,工业机器人系统操作员[S200018],高级/三级
2.00E+14,上海电气李斌技师学院,杨浦,工业机器人系统运维员[S200018],中级/四级
2.00E+14,上海电气李斌技师学院,杨浦,工业机器人系统运维员[S200018],高级/三级
2.00E+14,上海电气李斌技师学院,杨浦,机修钳工[S600003],初级/五级
2.00E+14,上海电气李斌技师学院,杨浦,机修钳工[S600003],中级/四级
2.00E+14,上海电气李斌技师学院,杨浦,机修钳工[S600003],高级/三级
2.00E+14,上海电气李斌技师学院,杨浦,机修钳工[S600003],技师/二级
2.00E+14,上海电气李斌技师学院,杨浦,机床装调维修工（数控机床机械装调维修）[S100001],中级/四级
2.00E+14,上海电气李斌技师学院,杨浦,机床装调维修工（数控机床机械装调维修）[S100001],高级/三级
2.00E+14,上海电气李斌技师学院,杨浦,电工[S100004],技师/二级
2.00E+14,上海电气李斌技师学院,杨浦,电工[S100004],高级/三级
2.00E+14,上海电气李斌技师学院,杨浦,电工[S100004],中级/四级
2.00E+14,上海电气李斌技师学院,杨浦,电工[S100004],初级/五级
2.00E+14,上海电气李斌技师学院,杨浦,网络与信息安全管理员（互联网信息审核员）[S100017],中级/四级
2.00E+14,上海电气李斌技师学院,杨浦,网络与信息安全管理员（互联网信息审核员）[S100017],高级/三级
2.00E+14,上海电气李斌技师学院,杨浦,网络与信息安全管理员（互联网信息审核员）[S100017],技师/二级
2.00E+14,上海电气李斌技师学院,杨浦,车工（数控车工）[S100001],中级/四级
2.00E+14,上海电气李斌技师学院,杨浦,车工（数控车工）[S100001],高级/三级
2.00E+14,上海电气李斌技师学院,杨浦,车工（数控车工）[S100001],技师/二级
2.00E+14,上海电气李斌技师学院,杨浦,铣工（数控铣工）[S100001],中级/四级
2.00E+14,上海电气李斌技师学院,杨浦,铣工（数控铣工）[S100001],高级/三级
2.00E+14,上海电气李斌技师学院,杨浦,铣工（数控铣工）[S100001],技师/二级
2.00E+14,上海市现代食品职业技能培训中心,徐汇,中式面点师[S300013],初级/五级
2.00E+14,上海市现代食品职业技能培训中心,徐汇,中式面点师[S300013],中级/四级
2.00E+14,上海市现代食品职业技能培训中心,徐汇,中式面点师[S300013],高级/三级
2.00E+14,上海市现代食品职业技能培训中心,徐汇,咖啡师[S400042],高级/三级
2.00E+14,上海市现代食品职业技能培训中心,徐汇,咖啡师[S400042],中级/四级
2.00E+14,上海市现代食品职业技能培训中心,徐汇,咖啡师[S400042],初级/五级
2.00E+14,上海市现代食品职业技能培训中心,徐汇,西式面点师[S300013],初级/五级
2.00E+14,上海市现代食品职业技能培训中心,徐汇,西式面点师[S300013],中级/四级
2.00E+14,上海市现代食品职业技能培训中心,徐汇,西式面点师[S300013],高级/三级
2.00E+14,上海市现代食品职业技能培训中心,徐汇,西式面点师[S300013],技师/二级
2.00E+14,上海市现代食品职业技能培训中心,徐汇,西式面点师[S300013],高级技师/一级
2.00E+14,上海申华职业技术培训中心,普陀,机修钳工[S600003],初级/五级
2.00E+14,上海申华职业技术培训中心,普陀,机修钳工[S600003],中级/四级
2.00E+14,上海申华职业技术培训中心,普陀,机修钳工[S600003],高级/三级
2.00E+14,上海申华职业技术培训中心,普陀,机床装调维修工（数控机床机械装调维修）[S100001],中级/四级
2.00E+14,上海申华职业技术培训中心,普陀,电工[S100004],高级/三级
2.00E+14,上海申华职业技术培训中心,普陀,电工[S100004],中级/四级
2.00E+14,上海申华职业技术培训中心,普陀,电工[S100004],初级/五级
2.00E+14,上海申华职业技术培训中心,普陀,车工（数控车工）[S100001],中级/四级
2.00E+14,上海申华职业技术培训中心,普陀,铣工（数控铣工）[S100001],中级/四级
2.00E+14,上海谊信职业技能培训中心,普陀,企业人力资源管理师[S300015],中级/四级
2.00E+14,上海谊信职业技能培训中心,普陀,企业人力资源管理师[S300015],高级/三级
2.00E+14,上海谊信职业技能培训中心,普陀,动画制作员[S400022],中级/四级
2.00E+14,上海谊信职业技能培训中心,普陀,动画制作员[S400022],高级/三级
2.00E+14,上海谊信职业技能培训中心,普陀,电工[S100004],高级/三级
2.00E+14,上海谊信职业技能培训中心,普陀,电工[S100004],中级/四级
2.00E+14,上海市闵行春致职业技术培训中心,闵行,家政服务员（家务服务员）[S300039],初级/五级
2.00E+14,上海市闵行春致职业技术培训中心,闵行,家政服务员（家务服务员）[S300039],中级/四级
2.00E+14,上海市闵行春致职业技术培训中心,闵行,家政服务员（家务服务员）[S300039],高级/三级
2.00E+14,上海市闵行春致职业技术培训中心,闵行,家政服务员（家庭照护员）[S300031],高级/三级
2.00E+14,上海市闵行春致职业技术培训中心,闵行,家政服务员（家庭照护员）[S300031],中级/四级
2.00E+14,上海市闵行春致职业技术培训中心,闵行,家政服务员（家庭照护员）[S300039],高级/三级
2.00E+14,上海市闵行春致职业技术培训中心,闵行,家政服务员（家庭照护员）[S300039],中级/四级
2.00E+14,上海市闵行春致职业技术培训中心,闵行,家政服务员（家庭照护员）[S300039],初级/五级
2.00E+14,上海市闵行春致职业技术培训中心,闵行,家政服务员（母婴护理员）[S300039],初级/五级
2.00E+14,上海市闵行春致职业技术培训中心,闵行,家政服务员（母婴护理员）[S300039],中级/四级
2.00E+14,上海市闵行春致职业技术培训中心,闵行,家政服务员（母婴护理员）[S300039],高级/三级
2.00E+14,上海市青年技术培训中心,静安,保育师[S300011],初级/五级
2.00E+14,上海市青年技术培训中心,静安,保育师[S300011],中级/四级
2.00E+14,上海市青年技术培训中心,静安,美发师[S300008],初级/五级
2.00E+14,上海市青年技术培训中心,静安,美发师[S300008],中级/四级
2.00E+14,上海市青年技术培训中心,静安,美容师[S300008],初级/五级
2.00E+14,上海市青年技术培训中心,静安,美容师[S300008],中级/四级
2.00E+14,上海市浦东一建职业技能培训中心,浦东,建筑信息模型技术员[S300052],中级/四级
2.00E+14,上海市奉浦工商职业技术培训中心,奉贤,人工智能训练师[S400054],中级/四级
2.00E+14,上海市奉浦工商职业技术培训中心,奉贤,人工智能训练师[S400054],高级/三级
2.00E+14,上海市奉浦工商职业技术培训中心,奉贤,机修钳工[S600003],初级/五级
2.00E+14,上海市奉浦工商职业技术培训中心,奉贤,机修钳工[S600003],中级/四级
2.00E+14,上海市奉浦工商职业技术培训中心,奉贤,机修钳工[S600003],高级/三级
2.00E+14,上海市奉浦工商职业技术培训中心,奉贤,电工[S100004],技师/二级
2.00E+14,上海市奉浦工商职业技术培训中心,奉贤,电工[S100004],高级/三级
2.00E+14,上海市奉浦工商职业技术培训中心,奉贤,电工[S100004],中级/四级
2.00E+14,上海市奉浦工商职业技术培训中心,奉贤,电工[S100004],初级/五级
2.00E+14,上海市北职业技术培训中心,静安,健康照护师（长期照护师）[S500077],初级/五级
2.00E+14,上海市北职业技术培训中心,静安,健康照护师（长期照护师）[S500077],中级/四级
2.00E+14,上海市北职业技术培训中心,静安,健康照护师（长期照护师）[S500077],高级/三级
2.00E+14,上海市北职业技术培训中心,静安,养老护理员[S300038],高级/三级
2.00E+14,上海市北职业技术培训中心,静安,养老护理员[S300038],中级/四级
2.00E+14,上海市北职业技术培训中心,静安,养老护理员[S300038],初级/五级
2.00E+14,上海市北职业技术培训中心,静安,养老护理员[S300060],初级/五级
2.00E+14,上海市北职业技术培训中心,静安,养老护理员[S300060],中级/四级
2.00E+14,上海市北职业技术培训中心,静安,养老护理员[S300060],高级/三级
2.00E+14,上海市北职业技术培训中心,静安,劳动关系协调师[S300016],中级/四级
2.00E+14,上海市北职业技术培训中心,静安,婴幼儿发展引导员（育婴员）[S300011],初级/五级
2.00E+14,上海市北职业技术培训中心,静安,婴幼儿发展引导员（育婴员）[S300011],中级/四级
2.00E+14,上海市北职业技术培训中心,静安,家政服务员[S300039],技师/二级
2.00E+14,上海市北职业技术培训中心,静安,家政服务员（家务服务员）[S300039],初级/五级
2.00E+14,上海市北职业技术培训中心,静安,家政服务员（家务服务员）[S300039],中级/四级
2.00E+14,上海市北职业技术培训中心,静安,家政服务员（家务服务员）[S300039],高级/三级
2.00E+14,上海市北职业技术培训中心,静安,家政服务员（家庭照护员）[S300039],高级/三级
2.00E+14,上海市北职业技术培训中心,静安,家政服务员（母婴护理员）[S300039],初级/五级
2.00E+14,上海市北职业技术培训中心,静安,家政服务员（母婴护理员）[S300039],中级/四级
2.00E+14,上海市北职业技术培训中心,静安,家政服务员（母婴护理员）[S300039],高级/三级
2.00E+14,上海维纳职业技术培训学校,浦东,劳动关系协调师[S300016],中级/四级
2.00E+14,上海华宁职业技术培训学校,闵行,机修钳工[S600003],初级/五级
2.00E+14,上海华宁职业技术培训学校,闵行,机修钳工[S600003],中级/四级
2.00E+14,上海华宁职业技术培训学校,闵行,电工[S100004],中级/四级
2.00E+14,上海华宁职业技术培训学校,闵行,电工[S100004],初级/五级
2.00E+14,上海华宁职业技术培训学校,闵行,网络与信息安全管理员（互联网信息审核员）[S100017],中级/四级
2.00E+14,上海华宁职业技术培训学校,闵行,网络与信息安全管理员（互联网信息审核员）[S100017],高级/三级
2.00E+14,上海华宁职业技术培训学校,闵行,网络与信息安全管理员（信息安全管理员）[S100017],中级/四级
2.00E+14,上海华宁职业技术培训学校,闵行,网络与信息安全管理员（信息安全管理员）[S100017],高级/三级
2.00E+14,上海华宁职业技术培训学校,闵行,网络与信息安全管理员（网络安全管理员）[S100017],中级/四级
2.00E+14,上海华宁职业技术培训学校,闵行,网络与信息安全管理员（网络安全管理员）[S100017],高级/三级
2.00E+14,上海华宁职业技术培训学校,闵行,车工[S100001],初级/五级
2.00E+14,上海华宁职业技术培训学校,闵行,车工（数控车工）[S100001],中级/四级
2.00E+14,上海华宁职业技术培训学校,闵行,车工（数控车工）[S100001],高级/三级
2.00E+14,上海华宁职业技术培训学校,闵行,铣工（数控铣工）[S100001],中级/四级
2.00E+14,上海华宁职业技术培训学校,闵行,铣工（数控铣工）[S100001],高级/三级
2.00E+14,上海华东电力职业技能培训中心,闵行,机修钳工[S600003],初级/五级
2.00E+14,上海黄浦区插花花艺职业技术培训学校,黄浦,插花花艺师[S600024],高级/三级
2.00E+14,上海黄浦区插花花艺职业技术培训学校,黄浦,插花花艺师[S600024],中级/四级
2.00E+14,上海黄浦区插花花艺职业技术培训学校,黄浦,插花花艺师[S600024],初级/五级
2.00E+14,上海国际汽车城人才培训学院,嘉定,中式面点师[S300013],初级/五级
2.00E+14,上海国际汽车城人才培训学院,嘉定,企业人力资源管理师[S300015],中级/四级
2.00E+14,上海国际汽车城人才培训学院,嘉定,企业人力资源管理师[S300015],高级/三级
2.00E+14,上海国际汽车城人才培训学院,嘉定,劳动关系协调师[S300016],高级/三级
2.00E+14,上海盛达职业技能培训中心,宝山,中式面点师[S300013],初级/五级
2.00E+14,上海盛达职业技能培训中心,宝山,中式面点师[S300013],中级/四级
2.00E+14,上海盛达职业技能培训中心,宝山,制冷空调系统安装维修工[S600007],初级/五级
2.00E+14,上海盛达职业技能培训中心,宝山,制冷空调系统安装维修工[S600007],中级/四级
2.00E+14,上海盛达职业技能培训中心,宝山,插花花艺师[S600024],中级/四级
2.00E+14,上海盛达职业技能培训中心,宝山,插花花艺师[S600024],初级/五级
2.00E+14,上海市保卫干部培训中心,虹口,人工智能训练师[S400054],高级/三级
2.00E+14,上海市保卫干部培训中心,虹口,计算机维修工[S300033],高级/三级
2.00E+14,上海莘闵职业技术培训学校,闵行,人工智能训练师[S300040],中级/四级
2.00E+14,上海莘闵职业技术培训学校,闵行,人工智能训练师[S300040],高级/三级
2.00E+14,上海莘闵职业技术培训学校,闵行,人工智能训练师[S400054],中级/四级
2.00E+14,上海莘闵职业技术培训学校,闵行,人工智能训练师[S400054],高级/三级
2.00E+14,上海莘闵职业技术培训学校,闵行,人工智能训练师[S500053],高级/三级
2.00E+14,上海莘闵职业技术培训学校,闵行,电工[S100004],技师/二级
2.00E+14,上海莘闵职业技术培训学校,闵行,电工[S100004],高级/三级
2.00E+14,上海莘闵职业技术培训学校,闵行,电工[S100004],中级/四级
2.00E+14,上海莘闵职业技术培训学校,闵行,电工[S100004],初级/五级
2.00E+14,上海新艺职业技能培训学校,浦东,保育师[S300011],初级/五级
2.00E+14,上海新艺职业技能培训学校,浦东,保育师[S300011],中级/四级
2.00E+14,上海新艺职业技能培训学校,浦东,养老护理员[S300038],中级/四级
2.00E+14,上海新艺职业技能培训学校,浦东,养老护理员[S300038],初级/五级
2.00E+14,上海新艺职业技能培训学校,浦东,婴幼儿发展引导员（育婴员）[S300011],初级/五级
2.00E+14,上海新艺职业技能培训学校,浦东,婴幼儿发展引导员（育婴员）[S300011],中级/四级
2.00E+14,上海新艺职业技能培训学校,浦东,家政服务员（家庭照护员）[S300039],高级/三级
2.00E+14,上海新艺职业技能培训学校,浦东,家政服务员（家庭照护员）[S300039],中级/四级
2.00E+14,上海新艺职业技能培训学校,浦东,家政服务员（家庭照护员）[S300039],初级/五级
2.00E+14,上海新艺职业技能培训学校,浦东,家政服务员（母婴护理员）[S300039],初级/五级
2.00E+14,上海新艺职业技能培训学校,浦东,家政服务员（母婴护理员）[S300039],中级/四级
2.00E+14,上海新艺职业技能培训学校,浦东,家政服务员（母婴护理员）[S300039],高级/三级
2.00E+14,上海市先劲教育专修学院,黄浦,健康照护师（长期照护师）[S500077],初级/五级
2.00E+14,上海市先劲教育专修学院,黄浦,健康照护师（长期照护师）[S500077],中级/四级
2.00E+14,上海市先劲教育专修学院,黄浦,健康照护师（长期照护师）[S500077],高级/三级
2.00E+14,上海市先劲教育专修学院,黄浦,养老护理员[S300038],高级/三级
2.00E+14,上海市先劲教育专修学院,黄浦,养老护理员[S300038],中级/四级
2.00E+14,上海市先劲教育专修学院,黄浦,养老护理员[S300038],初级/五级
2.00E+14,上海市先劲教育专修学院,黄浦,养老护理员[S300060],初级/五级
2.00E+14,上海市先劲教育专修学院,黄浦,养老护理员[S300060],中级/四级
2.00E+14,上海市先劲教育专修学院,黄浦,养老护理员[S300060],高级/三级
2.00E+14,上海市先劲教育专修学院,黄浦,婴幼儿发展引导员（育婴员）[S300011],初级/五级
2.00E+14,上海市先劲教育专修学院,黄浦,家政服务员（家庭照护员）[S300031],高级/三级
2.00E+14,上海市先劲教育专修学院,黄浦,家政服务员（家庭照护员）[S300039],高级/三级
2.00E+14,上海市先劲教育专修学院,黄浦,家政服务员（家庭照护员）[S500065],高级/三级
2.00E+14,上海市先劲教育专修学院,黄浦,职业培训师[S300015],高级/三级
2.00E+14,上海市茶业职业培训中心,虹口,茶艺师[S300009],初级/五级
2.00E+14,上海市茶业职业培训中心,虹口,茶艺师[S300009],中级/四级
2.00E+14,上海市茶业职业培训中心,虹口,茶艺师[S300009],高级/三级
2.00E+14,上海市茶业职业培训中心,虹口,评茶师[S300009],初级/五级
2.00E+14,上海市茶业职业培训中心,虹口,评茶师[S300009],中级/四级
2.00E+14,上海市茶业职业培训中心,虹口,评茶师[S300009],高级/三级
2.00E+14,上海浦东新区安全生产培训中心,浦东,供应链管理师[S300031],高级/三级
2.00E+14,上海浦东新区安全生产培训中心,浦东,供应链管理师[S300031],技师/二级
2.00E+14,上海浦东新区安全生产培训中心,浦东,供应链管理师[S500063],高级/三级
2.00E+14,上海浦东新区安全生产培训中心,浦东,电工[S100004],初级/五级
2.00E+14,上海中冶宝钢技术职业技能培训中心,宝山,机修钳工[S600003],初级/五级
2.00E+14,上海中冶宝钢技术职业技能培训中心,宝山,机修钳工[S600003],中级/四级
2.00E+14,上海中冶宝钢技术职业技能培训中心,宝山,机修钳工[S600003],高级/三级
2.00E+14,上海中冶宝钢技术职业技能培训中心,宝山,焊工（电焊工）[S100050],初级/五级
2.00E+14,上海中冶宝钢技术职业技能培训中心,宝山,焊工（电焊工）[S100050],中级/四级
2.00E+14,上海中冶宝钢技术职业技能培训中心,宝山,焊工（电焊工）[S100050],高级/三级
2.00E+14,上海中冶宝钢技术职业技能培训中心,宝山,电工[S100004],高级/三级
2.00E+14,上海中冶宝钢技术职业技能培训中心,宝山,电工[S100004],中级/四级
2.00E+14,上海中冶宝钢技术职业技能培训中心,宝山,电工[S100004],初级/五级
2.00E+14,上海助友职业技术培训中心,长宁,互联网营销师（直播销售员）[S500023],中级/四级
2.00E+14,上海助友职业技术培训中心,长宁,互联网营销师（直播销售员）[S500023],高级/三级
2.00E+14,上海助友职业技术培训中心,长宁,人工智能训练师[S400054],高级/三级
2.00E+14,上海助友职业技术培训中心,长宁,全媒体运营师（流量运营）[S300070],高级/三级
2.00E+14,上海助友职业技术培训中心,长宁,全媒体运营师（直播运营）[S300070],高级/三级
2.00E+14,上海助友职业技术培训中心,长宁,全媒体运营师（视听运营）[S300070],高级/三级
2.00E+14,上海助友职业技术培训中心,长宁,职业培训师[S300015],高级/三级
2.00E+14,上海市中特职业培训学校,闵行,中式烹调师[S300013],初级/五级
2.00E+14,上海市中特职业培训学校,闵行,中式烹调师[S300013],中级/四级
2.00E+14,上海市中特职业培训学校,闵行,中式烹调师[S300013],高级/三级
2.00E+14,上海市中特职业培训学校,闵行,中式面点师[S300013],初级/五级
2.00E+14,上海市中特职业培训学校,闵行,美容师[S300008],初级/五级
2.00E+14,上海市中特职业培训学校,闵行,美容师[S300008],中级/四级
2.00E+14,上海市中特职业培训学校,闵行,西式面点师[S300013],初级/五级
2.00E+14,上海市中特职业培训学校,闵行,西式面点师[S300013],中级/四级
2.00E+14,上海市中特职业培训学校,闵行,西式面点师[S300013],高级/三级
2.00E+14,上海城市职业培训学校,徐汇,保育师[S300011],初级/五级
2.00E+14,上海城市职业培训学校,徐汇,保育师[S300011],中级/四级
2.00E+14,上海城市职业培训学校,徐汇,保育师[S300011],高级/三级
2.00E+14,上海城市职业培训学校,徐汇,婴幼儿发展引导员（育婴员）[S300011],初级/五级
2.00E+14,上海城市职业培训学校,徐汇,婴幼儿发展引导员（育婴员）[S300011],中级/四级
2.00E+14,上海城市职业培训学校,徐汇,婴幼儿发展引导员（育婴员）[S300011],高级/三级
2.00E+14,上海市浦东软件园职业技能培训中心,浦东,人工智能训练师[S300040],高级/三级
2.00E+14,上海市浦东软件园职业技能培训中心,浦东,人工智能训练师[S400054],高级/三级
2.00E+14,上海市浦东软件园职业技能培训中心,浦东,人工智能训练师[S500053],高级/三级
2.00E+14,上海市浦东软件园职业技能培训中心,浦东,网络与信息安全管理员（信息安全管理员）[S400054],高级/三级
2.00E+14,上海市浦东软件园职业技能培训中心,浦东,计算机程序设计员[S300032],高级/三级
2.00E+14,上海市浦东软件园职业技能培训中心,浦东,计算机程序设计员[S400054],高级/三级
2.01E+14,上海文华美美职业培训学校,长宁,服装制版师（裁剪服装制版师）[S300043],中级/四级
2.01E+14,上海文华美美职业培训学校,长宁,服装制版师（裁剪服装制版师）[S300043],高级/三级
2.01E+14,上海慧谷职业技能培训中心,闵行,计算机程序设计员[S400021],中级/四级
2.01E+14,上海慧谷职业技能培训中心,闵行,计算机程序设计员[S400021],高级/三级
2.01E+14,上海景格职业技术培训学校,嘉定,汽车维修工（汽车机械维修工）[S200005],初级/五级
2.01E+14,上海景格职业技术培训学校,嘉定,汽车维修工（汽车机械维修工）[S200005],中级/四级
2.01E+14,上海景格职业技术培训学校,嘉定,汽车维修工（汽车机械维修工）[S200005],高级/三级
2.01E+14,上海景格职业技术培训学校,嘉定,计算机软件测试员[S300032],高级/三级
2.01E+14,上海地铁职业技能培训学校,闵行,企业人力资源管理师[S300015],中级/四级
2.01E+14,上海地铁职业技能培训学校,闵行,企业人力资源管理师[S300015],高级/三级
2.01E+14,上海地铁职业技能培训学校,闵行,职业培训师[S300015],技师/二级
2.01E+14,上海地铁职业技能培训学校,闵行,职业培训师[S300015],高级/三级
2.01E+14,上海嘉华职业技能培训中心,嘉定,中式烹调师[S300013],初级/五级
2.01E+14,上海嘉华职业技能培训中心,嘉定,中式面点师[S300013],初级/五级
2.01E+14,上海嘉华职业技能培训中心,嘉定,中式面点师[S300013],中级/四级
2.01E+14,上海嘉华职业技能培训中心,嘉定,中式面点师[S300013],高级/三级
2.01E+14,上海嘉华职业技能培训中心,嘉定,企业人力资源管理师[S300015],中级/四级
2.01E+14,上海嘉华职业技能培训中心,嘉定,保健按摩师[S300008],高级/三级
2.01E+14,上海嘉华职业技能培训中心,嘉定,保健按摩师[S300008],中级/四级
2.01E+14,上海嘉华职业技能培训中心,嘉定,保健按摩师[S300008],初级/五级
2.01E+14,上海嘉华职业技能培训中心,嘉定,保卫管理员[S300044],高级/三级
2.01E+14,上海嘉华职业技能培训中心,嘉定,保育师[S300011],初级/五级
2.01E+14,上海嘉华职业技能培训中心,嘉定,保育师[S300011],中级/四级
2.01E+14,上海嘉华职业技能培训中心,嘉定,保育师[S300011],高级/三级
2.01E+14,上海嘉华职业技能培训中心,嘉定,咖啡师[S400042],高级/三级
2.01E+14,上海嘉华职业技能培训中心,嘉定,咖啡师[S400042],中级/四级
2.01E+14,上海嘉华职业技能培训中心,嘉定,咖啡师[S400042],初级/五级
2.01E+14,上海嘉华职业技能培训中心,嘉定,家政服务员（家务服务员）[S300039],初级/五级
2.01E+14,上海嘉华职业技能培训中心,嘉定,家政服务员（家务服务员）[S300039],中级/四级
2.01E+14,上海嘉华职业技能培训中心,嘉定,家政服务员（家务服务员）[S300039],高级/三级
2.01E+14,上海嘉华职业技能培训中心,嘉定,形象设计师[S300008],高级/三级
2.01E+14,上海嘉华职业技能培训中心,嘉定,美容师[S300008],初级/五级
2.01E+14,上海嘉华职业技能培训中心,嘉定,美容师[S300008],中级/四级
2.01E+14,上海嘉华职业技能培训中心,嘉定,美容师[S300008],高级/三级
2.01E+14,上海嘉华职业技能培训中心,嘉定,西式面点师[S300013],初级/五级
2.01E+14,上海远东现代职业培训中心,静安,贵金属首饰与宝玉石检测员[300025],初级/五级
2.01E+14,上海远东现代职业培训中心,静安,贵金属首饰与宝玉石检测员[S300051],初级/五级
2.01E+14,上海远东现代职业培训中心,静安,贵金属首饰与宝玉石检测员（宝石检验员）[S300051],高级/三级
2.01E+14,上海远东现代职业培训中心,静安,贵金属首饰与宝玉石检测员（宝石检验员）[S300051],中级/四级
2.01E+14,上海新仙霞职业培训中心,长宁,人工智能训练师[S300040],中级/四级
2.01E+14,上海新仙霞职业培训中心,长宁,人工智能训练师[S300040],高级/三级
2.01E+14,上海新仙霞职业培训中心,长宁,人工智能训练师[S400054],中级/四级
2.01E+14,上海新仙霞职业培训中心,长宁,人工智能训练师[S400054],高级/三级
2.01E+14,上海新仙霞职业培训中心,长宁,企业人力资源管理师[S300015],中级/四级
2.01E+14,上海新仙霞职业培训中心,长宁,企业人力资源管理师[S300015],高级/三级
2.01E+14,上海新仙霞职业培训中心,长宁,企业人力资源管理师[S300015],技师/二级
2.01E+14,上海新仙霞职业培训中心,长宁,劳动关系协调师[S300016],中级/四级
2.01E+14,上海新仙霞职业培训中心,长宁,劳动关系协调师[S300016],高级/三级
2.01E+14,上海新仙霞职业培训中心,长宁,劳动关系协调师[S300016],技师/二级
2.01E+14,上海新仙霞职业培训中心,长宁,家政服务员（家务服务员）[S300039],初级/五级
2.01E+14,上海新仙霞职业培训中心,长宁,家政服务员（家务服务员）[S300039],中级/四级
2.01E+14,上海新仙霞职业培训中心,长宁,家政服务员（家务服务员）[S300039],高级/三级
2.01E+14,上海新仙霞职业培训中心,长宁,家政服务员（母婴护理员）[S300039],初级/五级
2.01E+14,上海新仙霞职业培训中心,长宁,家政服务员（母婴护理员）[S300039],中级/四级
2.01E+14,上海新仙霞职业培训中心,长宁,家政服务员（母婴护理员）[S300039],高级/三级
2.01E+14,上海新仙霞职业培训中心,长宁,智能楼宇管理员[S600014],中级/四级
2.01E+14,上海新仙霞职业培训中心,长宁,智能楼宇管理员[S600014],高级/三级
2.01E+14,上海新仙霞职业培训中心,长宁,智能楼宇管理员[S600014],技师/二级
2.01E+14,上海新仙霞职业培训中心,长宁,智能楼宇管理员[S600014],高级技师/一级
2.01E+14,上海新仙霞职业培训中心,长宁,物业管理师[S300037],中级/四级
2.01E+14,上海新仙霞职业培训中心,长宁,物业管理师[S300037],高级/三级
2.01E+14,上海新仙霞职业培训中心,长宁,物联网安装调试员[S300041],高级/三级
2.01E+14,上海新仙霞职业培训中心,长宁,物联网安装调试员[S300041],初级/五级
2.01E+14,上海新仙霞职业培训中心,长宁,物联网安装调试员[S300041],中级/四级
2.01E+14,上海新仙霞职业培训中心,长宁,电工[S100004],高级/三级
2.01E+14,上海新仙霞职业培训中心,长宁,电工[S100004],中级/四级
2.01E+14,上海新仙霞职业培训中心,长宁,电工[S100004],初级/五级
2.01E+14,上海新仙霞职业培训中心,长宁,职业培训师[S300015],技师/二级
2.01E+14,上海新仙霞职业培训中心,长宁,职业培训师[S300015],高级技师/一级
2.01E+14,上海新仙霞职业培训中心,长宁,职业培训师[S300015],高级/三级
2.01E+14,上海闵行丹森现代教育培训中心,闵行,中式烹调师[S300013],初级/五级
2.01E+14,上海闵行丹森现代教育培训中心,闵行,中式烹调师[S300013],中级/四级
2.01E+14,上海闵行丹森现代教育培训中心,闵行,中式烹调师[S300013],高级/三级
2.01E+14,上海闵行丹森现代教育培训中心,闵行,中式烹调师[S300013],技师/二级
2.01E+14,上海闵行丹森现代教育培训中心,闵行,中式面点师[S300013],初级/五级
2.01E+14,上海闵行丹森现代教育培训中心,闵行,中式面点师[S300013],中级/四级
2.01E+14,上海闵行丹森现代教育培训中心,闵行,保育师[S300011],初级/五级
2.01E+14,上海闵行丹森现代教育培训中心,闵行,保育师[S300011],中级/四级
2.01E+14,上海闵行丹森现代教育培训中心,闵行,保育师[S300011],高级/三级
2.01E+14,上海闵行丹森现代教育培训中心,闵行,养老护理员[S300038],中级/四级
2.01E+14,上海闵行丹森现代教育培训中心,闵行,养老护理员[S300038],初级/五级
2.01E+14,上海闵行丹森现代教育培训中心,闵行,婴幼儿发展引导员（育婴员）[S300011],初级/五级
2.01E+14,上海闵行丹森现代教育培训中心,闵行,婴幼儿发展引导员（育婴员）[S300011],中级/四级
2.01E+14,上海闵行丹森现代教育培训中心,闵行,婴幼儿发展引导员（育婴员）[S300011],高级/三级
2.01E+14,上海闵行丹森现代教育培训中心,闵行,家政服务员（家务服务员）[S300039],初级/五级
2.01E+14,上海闵行丹森现代教育培训中心,闵行,家政服务员（家务服务员）[S300039],中级/四级
2.01E+14,上海闵行丹森现代教育培训中心,闵行,家政服务员（家务服务员）[S300039],高级/三级
2.01E+14,上海闵行丹森现代教育培训中心,闵行,家政服务员（家庭照护员）[S300039],高级/三级
2.01E+14,上海闵行丹森现代教育培训中心,闵行,家政服务员（家庭照护员）[S300039],中级/四级
2.01E+14,上海闵行丹森现代教育培训中心,闵行,家政服务员（家庭照护员）[S300039],初级/五级
2.01E+14,上海闵行丹森现代教育培训中心,闵行,家政服务员（母婴护理员）[S300039],初级/五级
2.01E+14,上海闵行丹森现代教育培训中心,闵行,家政服务员（母婴护理员）[S300039],中级/四级
2.01E+14,上海闵行丹森现代教育培训中心,闵行,家政服务员（母婴护理员）[S300039],高级/三级
2.01E+14,上海闵行丹森现代教育培训中心,闵行,美容师[S300008],初级/五级
2.01E+14,上海闵行丹森现代教育培训中心,闵行,美容师[S300008],中级/四级
2.01E+14,上海闵行丹森现代教育培训中心,闵行,茶艺师[S300009],初级/五级
2.01E+14,上海闵行丹森现代教育培训中心,闵行,茶艺师[S300009],中级/四级
2.01E+14,上海闵行丹森现代教育培训中心,闵行,西式面点师[S300013],初级/五级
2.01E+14,上海闵行丹森现代教育培训中心,闵行,西式面点师[S300013],中级/四级
2.01E+14,上海市育儿职业技能培训中心,静安,保育师[S300011],初级/五级
2.01E+14,上海市育儿职业技能培训中心,静安,保育师[S300011],中级/四级
2.01E+14,上海市育儿职业技能培训中心,静安,保育师[S300011],高级/三级
2.01E+14,上海市育儿职业技能培训中心,静安,婴幼儿发展引导员（育婴员）[S300011],初级/五级
2.01E+14,上海市育儿职业技能培训中心,静安,婴幼儿发展引导员（育婴员）[S300011],中级/四级
2.01E+14,上海市育儿职业技能培训中心,静安,婴幼儿发展引导员（育婴员）[S300011],高级/三级
2.01E+14,上海市育儿职业技能培训中心,静安,家政服务员（母婴护理员）[S300039],初级/五级
2.01E+14,上海华联家维职业技能培训中心,黄浦,中央空调系统运行操作员[S600007],初级/五级
2.01E+14,上海华联家维职业技能培训中心,黄浦,中央空调系统运行操作员[S600007],中级/四级
2.01E+14,上海华联家维职业技能培训中心,黄浦,制冷空调系统安装维修工[S600007],初级/五级
2.01E+14,上海华联家维职业技能培训中心,黄浦,制冷空调系统安装维修工[S600007],中级/四级
2.01E+14,上海华联家维职业技能培训中心,黄浦,婴幼儿发展引导员（育婴员）[S300011],初级/五级
2.01E+14,上海新东坊形象艺术培训学校,徐汇,形象设计师[S300008],高级/三级
2.01E+14,上海新东坊形象艺术培训学校,徐汇,形象设计师[S300008],技师/二级
2.01E+14,上海新东坊形象艺术培训学校,徐汇,形象设计师[S300008],高级技师/一级
2.01E+14,上海新东坊形象艺术培训学校,徐汇,美发师[S300008],初级/五级
2.01E+14,上海新东坊形象艺术培训学校,徐汇,美发师[S300008],中级/四级
2.01E+14,上海新东坊形象艺术培训学校,徐汇,美发师[S300008],高级/三级
2.01E+14,上海新东坊形象艺术培训学校,徐汇,美发师[S300008],技师/二级
2.01E+14,上海新东坊形象艺术培训学校,徐汇,美发师[S300008],高级技师/一级
2.01E+14,上海新东坊形象艺术培训学校,徐汇,美容师[S300008],初级/五级
2.01E+14,上海新东坊形象艺术培训学校,徐汇,美容师[S300008],中级/四级
2.01E+14,上海新东坊形象艺术培训学校,徐汇,美容师[S300008],高级/三级
2.01E+14,上海新东坊形象艺术培训学校,徐汇,美容师[S300008],技师/二级
2.01E+14,上海新东坊形象艺术培训学校,徐汇,美容师[S300008],高级技师/一级
2.01E+14,上海新东坊形象艺术培训学校,徐汇,美甲师[S300008],高级/三级
2.01E+14,上海新东坊形象艺术培训学校,徐汇,美甲师[S300008],中级/四级
2.01E+14,上海新东坊形象艺术培训学校,徐汇,美甲师[S300008],初级/五级
2.01E+14,上海烹饪餐饮职业技术培训中心,黄浦,中式烹调师[S300013],初级/五级
2.01E+14,上海烹饪餐饮职业技术培训中心,黄浦,中式烹调师[S300013],中级/四级
2.01E+14,上海烹饪餐饮职业技术培训中心,黄浦,中式烹调师[S300013],高级/三级
2.01E+14,上海烹饪餐饮职业技术培训中心,黄浦,中式烹调师[S300013],技师/二级
2.01E+14,上海烹饪餐饮职业技术培训中心,黄浦,中式烹调师[S300013],高级技师/一级
2.01E+14,上海烹饪餐饮职业技术培训中心,黄浦,中式面点师[S300013],初级/五级
2.01E+14,上海烹饪餐饮职业技术培训中心,黄浦,中式面点师[S300013],中级/四级
2.01E+14,上海烹饪餐饮职业技术培训中心,黄浦,中式面点师[S300013],高级/三级
2.01E+14,上海烹饪餐饮职业技术培训中心,黄浦,中式面点师[S300013],技师/二级
2.01E+14,上海烹饪餐饮职业技术培训中心,黄浦,中式面点师[S300013],高级技师/一级
2.01E+14,上海烹饪餐饮职业技术培训中心,黄浦,西式烹调师[S600012],初级/五级
2.01E+14,上海烹饪餐饮职业技术培训中心,黄浦,西式烹调师[S600012],中级/四级
2.01E+14,上海烹饪餐饮职业技术培训中心,黄浦,西式烹调师[S600012],高级/三级
2.01E+14,上海烹饪餐饮职业技术培训中心,黄浦,西式烹调师[S600012],技师/二级
2.01E+14,上海烹饪餐饮职业技术培训中心,黄浦,西式烹调师[S600012],高级技师/一级
2.01E+14,上海烹饪餐饮职业技术培训中心,黄浦,西式面点师[S300013],初级/五级
2.01E+14,上海烹饪餐饮职业技术培训中心,黄浦,西式面点师[S300013],中级/四级
2.01E+14,上海烹饪餐饮职业技术培训中心,黄浦,西式面点师[S300013],高级/三级
2.01E+14,上海烹饪餐饮职业技术培训中心,黄浦,西式面点师[S300013],技师/二级
2.01E+14,上海烹饪餐饮职业技术培训中心,黄浦,西式面点师[S300013],高级技师/一级
2.01E+14,上海张江生物医药职业技能培训中心,浦东,职业培训师[S300015],高级/三级
2.01E+14,上海浦东新区浦发保安职业培训中心,浦东,保卫管理员[S300044],高级/三级
2.01E+14,上海浦东新区浦发保安职业培训中心,浦东,保卫管理员[S300044],技师/二级
2.01E+14,上海眼镜职业培训中心,浦东,眼镜定配工[S300010],初级/五级
2.01E+14,上海眼镜职业培训中心,浦东,眼镜定配工[S300010],中级/四级
2.01E+14,上海眼镜职业培训中心,浦东,眼镜定配工[S300010],高级/三级
2.01E+14,上海眼镜职业培训中心,浦东,眼镜验光师[S300010],初级/五级
2.01E+14,上海眼镜职业培训中心,浦东,眼镜验光师[S300010],中级/四级
2.01E+14,上海眼镜职业培训中心,浦东,眼镜验光师[S300010],技师/二级
2.01E+14,上海眼镜职业培训中心,浦东,眼镜验光师[S300010],高级技师/一级
2.01E+14,上海眼镜职业培训中心,浦东,眼镜验光师[S300010],高级/三级
2.01E+14,上海杨浦区昭源进修学校,杨浦,企业人力资源管理师[S300015],中级/四级
2.01E+14,上海高新职业技术培训中心,虹口,计算机软件测试员[S300032],高级/三级
2.01E+14,上海浦东群星职业技术培训中心,浦东,中式烹调师[S300013],初级/五级
2.01E+14,上海浦东群星职业技术培训中心,浦东,中式烹调师[S300013],中级/四级
2.01E+14,上海浦东群星职业技术培训中心,浦东,中式面点师[S300013],初级/五级
2.01E+14,上海浦东群星职业技术培训中心,浦东,人工智能训练师[S300040],初级/五级
2.01E+14,上海浦东群星职业技术培训中心,浦东,人工智能训练师[S300040],中级/四级
2.01E+14,上海浦东群星职业技术培训中心,浦东,动画制作员[S400022],中级/四级
2.01E+14,上海浦东群星职业技术培训中心,浦东,动画制作员[S400022],高级/三级
2.01E+14,上海浦东群星职业技术培训中心,浦东,印前处理和制作员（平版制版员）[S600025],初级/五级
2.01E+14,上海浦东群星职业技术培训中心,浦东,印前处理和制作员（平版制版员）[S600025],中级/四级
2.01E+14,上海浦东群星职业技术培训中心,浦东,电子竞技员[S500027],初级/五级
2.01E+14,上海浦东群星职业技术培训中心,浦东,电子竞技员[S500027],中级/四级
2.01E+14,上海浦东群星职业技术培训中心,浦东,西式面点师[S300013],初级/五级
2.01E+14,上海浦东群星职业技术培训中心,浦东,西式面点师[S300013],中级/四级
2.01E+14,上海浦东群星职业技术培训中心,浦东,西式面点师[S300056],初级/五级
2.01E+14,上海浦东群星职业技术培训中心,浦东,计算机维修工[S300033],中级/四级
2.01E+14,上海浦东群星职业技术培训中心,浦东,计算机维修工[S300033],初级/五级
2.01E+14,上海浦东群星职业技术培训中心,浦东,计算机维修工[S300033],高级/三级
2.01E+14,上海海盾安全技术培训中心,徐汇,网络与信息安全管理员（网络安全管理员）[S400054],中级/四级
2.01E+14,上海海盾安全技术培训中心,徐汇,网络与信息安全管理员（网络安全管理员）[S400054],高级/三级
2.01E+14,上海利普职业培训学校,静安,计算机程序设计员[S400021],中级/四级
2.01E+14,上海环球职业技术培训学校,闵行,保育师[S300011],初级/五级
2.01E+14,上海环球职业技术培训学校,闵行,保育师[S300011],中级/四级
2.01E+14,上海环球职业技术培训学校,闵行,婴幼儿发展引导员（育婴员）[S300011],初级/五级
2.01E+14,上海环球职业技术培训学校,闵行,婴幼儿发展引导员（育婴员）[S300011],中级/四级
2.01E+14,上海伯乐职业培训中心,徐汇,人工智能训练师[S300040],中级/四级
2.01E+14,上海伯乐职业培训中心,徐汇,人工智能训练师[S300040],高级/三级
2.01E+14,上海伯乐职业培训中心,徐汇,人工智能训练师[S400054],中级/四级
2.01E+14,上海伯乐职业培训中心,徐汇,人工智能训练师[S400054],高级/三级
2.01E+14,上海伯乐职业培训中心,徐汇,人工智能训练师[S500053],高级/三级
2.01E+14,上海伯乐职业培训中心,徐汇,人工智能训练师[S500053],中级/四级
2.01E+14,上海伯乐职业培训中心,徐汇,全媒体运营师（创意策划）[S400071],中级/四级
2.01E+14,上海伯乐职业培训中心,徐汇,全媒体运营师（创意策划）[S400071],高级/三级
2.01E+14,上海伯乐职业培训中心,徐汇,全媒体运营师（数据分析）[S400071],高级/三级
2.01E+14,上海伯乐职业培训中心,徐汇,全媒体运营师（流量运营）[S300070],高级/三级
2.01E+14,上海伯乐职业培训中心,徐汇,全媒体运营师（流量运营）[S400071],高级/三级
2.01E+14,上海伯乐职业培训中心,徐汇,全媒体运营师（视听运营）[S300070],高级/三级
2.01E+14,上海伯乐职业培训中心,徐汇,全媒体运营师（视听运营）[S400071],高级/三级
2.01E+14,上海伯乐职业培训中心,徐汇,商品营业员[S200019],初级/五级
2.01E+14,上海伯乐职业培训中心,徐汇,商品营业员[S200019],高级/三级
2.01E+14,上海伯乐职业培训中心,徐汇,商品营业员[S200019],中级/四级
2.01E+14,上海伯乐职业培训中心,徐汇,网络与信息安全管理员（信息安全管理员）[S100017],中级/四级
2.01E+14,上海伯乐职业培训中心,徐汇,网络与信息安全管理员（信息安全管理员）[S100017],高级/三级
2.01E+14,上海伯乐职业培训中心,徐汇,网络与信息安全管理员（信息安全管理员）[S400054],中级/四级
2.01E+14,上海伯乐职业培训中心,徐汇,网络与信息安全管理员（信息安全管理员）[S400054],高级/三级
2.01E+14,上海伯乐职业培训中心,徐汇,网络与信息安全管理员（信息安全管理员）[S500053],高级/三级
2.01E+14,上海伯乐职业培训中心,徐汇,网络与信息安全管理员（信息安全管理员）[S500053],中级/四级
2.01E+14,上海伯乐职业培训中心,徐汇,连锁经营管理师[S500023],中级/四级
2.01E+14,上海伯乐职业培训中心,徐汇,连锁经营管理师[S500023],高级/三级
2.01E+14,上海伯乐职业培训中心,徐汇,连锁经营管理师[S500023],技师/二级
2.01E+14,上海伯乐职业培训中心,徐汇,连锁经营管理师[S500023],高级技师/一级
2.01E+14,上海松江区华亭培训学校,松江,互联网营销师（商品选品员）[S300031],高级/三级
2.01E+14,上海松江区华亭培训学校,松江,互联网营销师（商品选品员）[S300031],中级/四级
2.01E+14,上海松江区华亭培训学校,松江,互联网营销师（商品选品员）[S300031],初级/五级
2.01E+14,上海松江区华亭培训学校,松江,人工智能训练师[S300040],高级/三级
2.01E+14,上海松江区华亭培训学校,松江,人工智能训练师[S500053],高级/三级
2.01E+14,上海松江区华亭培训学校,松江,人工智能训练师[S500053],中级/四级
2.01E+14,上海松江区华亭培训学校,松江,制冷空调系统安装维修工[S600007],初级/五级
2.01E+14,上海松江区华亭培训学校,松江,制冷空调系统安装维修工[S600007],中级/四级
2.01E+14,上海松江区华亭培训学校,松江,制冷空调系统安装维修工[S600007],高级/三级
2.01E+14,上海松江区华亭培训学校,松江,制冷空调系统安装维修工[S600007],技师/二级
2.01E+14,上海松江区华亭培训学校,松江,制冷空调系统安装维修工[S600007],高级技师/一级
2.01E+14,上海松江区华亭培训学校,松江,家政服务员（家庭照护员）[S300039],高级/三级
2.01E+14,上海松江区华亭培训学校,松江,家政服务员（家庭照护员）[S300039],中级/四级
2.01E+14,上海松江区华亭培训学校,松江,家政服务员（家庭照护员）[S300039],初级/五级
2.01E+14,上海松江区华亭培训学校,松江,电子商务师（网商）[S300030],中级/四级
2.01E+14,上海松江区华亭培训学校,松江,电子商务师（网商）[S300030],高级/三级
2.01E+14,上海松江区华亭培训学校,松江,电子商务师（网商）[S300030],技师/二级
2.01E+14,上海松江区华亭培训学校,松江,电子商务师（网商）[S300031],中级/四级
2.01E+14,上海松江区华亭培训学校,松江,电子商务师（网商）[S300031],高级/三级
2.01E+14,上海松江区华亭培训学校,松江,计算机维修工[S300033],中级/四级
2.01E+14,上海松江区华亭培训学校,松江,计算机维修工[S300033],初级/五级
2.01E+14,上海松江区华亭培训学校,松江,计算机维修工[S300033],高级/三级
2.01E+14,上海新天地职业技术学校,浦东,中式烹调师[S300013],初级/五级
2.01E+14,上海新天地职业技术学校,浦东,中式烹调师[S300013],中级/四级
2.01E+14,上海新天地职业技术学校,浦东,中式烹调师[S300013],高级/三级
2.01E+14,上海新天地职业技术学校,浦东,中式烹调师[S300013],技师/二级
2.01E+14,上海新天地职业技术学校,浦东,电子竞技运营师[S300029],中级/四级
2.01E+14,上海新天地职业技术学校,浦东,电子竞技运营师[S300029],高级/三级
2.01E+14,上海新天地职业技术学校,浦东,美容师[S300008],初级/五级
2.01E+14,上海新天地职业技术学校,浦东,西式烹调师[S300013],高级/三级
2.01E+14,上海新天地职业技术学校,浦东,西式烹调师[S300013],技师/二级
2.01E+14,上海新天地职业技术学校,浦东,西式烹调师[S600012],初级/五级
2.01E+14,上海新天地职业技术学校,浦东,西式烹调师[S600012],中级/四级
2.01E+14,上海新天地职业技术学校,浦东,西式面点师[S300013],初级/五级
2.01E+14,上海新天地职业技术学校,浦东,西式面点师[S300013],中级/四级
2.01E+14,上海新天地职业技术学校,浦东,西式面点师[S300013],高级/三级
2.01E+14,上海新天地职业技术学校,浦东,西式面点师[S300013],技师/二级
2.01E+14,上海松江区卫生职业进修学校,松江,保育师[S300011],初级/五级
2.01E+14,上海松江区卫生职业进修学校,松江,保育师[S300011],中级/四级
2.01E+14,上海松江区卫生职业进修学校,松江,健康照护师（长期照护师）[S500077],初级/五级
2.01E+14,上海松江区卫生职业进修学校,松江,健康照护师（长期照护师）[S500077],中级/四级
2.01E+14,上海松江区卫生职业进修学校,松江,健康照护师（长期照护师）[S500077],高级/三级
2.01E+14,上海松江区卫生职业进修学校,松江,全媒体运营师（创意策划）[S400071],中级/四级
2.01E+14,上海松江区卫生职业进修学校,松江,全媒体运营师（创意策划）[S400071],高级/三级
2.01E+14,上海松江区卫生职业进修学校,松江,养老护理员[S300038],高级/三级
2.01E+14,上海松江区卫生职业进修学校,松江,养老护理员[S300038],中级/四级
2.01E+14,上海松江区卫生职业进修学校,松江,养老护理员[S300038],初级/五级
2.01E+14,上海松江区卫生职业进修学校,松江,养老护理员[S300060],初级/五级
2.01E+14,上海松江区卫生职业进修学校,松江,养老护理员[S300060],中级/四级
2.01E+14,上海松江区卫生职业进修学校,松江,养老护理员[S300060],高级/三级
2.01E+14,上海松江区卫生职业进修学校,松江,包装设计师[S500046],技师/二级
2.01E+14,上海松江区卫生职业进修学校,松江,包装设计师[S500046],高级/三级
2.01E+14,上海松江区卫生职业进修学校,松江,包装设计师[S500046],中级/四级
2.01E+14,上海松江区卫生职业进修学校,松江,职业培训师[S300015],技师/二级
2.01E+14,上海松江区卫生职业进修学校,松江,职业培训师[S300015],高级/三级
2.01E+14,上海松江区卫生职业进修学校,松江,计算机维修工[S300033],中级/四级
2.01E+14,上海松江区卫生职业进修学校,松江,计算机维修工[S300033],初级/五级
2.01E+14,上海松江区卫生职业进修学校,松江,计算机维修工[S300033],高级/三级
2.01E+14,上海济光高级职业技能培训中心,宝山,保育师[S300011],初级/五级
2.01E+14,上海济光高级职业技能培训中心,宝山,保育师[S300011],中级/四级
2.01E+14,上海济光高级职业技能培训中心,宝山,养老护理员[S300038],中级/四级
2.01E+14,上海济光高级职业技能培训中心,宝山,养老护理员[S300038],初级/五级
2.01E+14,上海济光高级职业技能培训中心,宝山,网络与信息安全管理员（互联网信息审核员）[S100017],中级/四级
2.01E+14,上海济光高级职业技能培训中心,宝山,网络与信息安全管理员（信息安全管理员）[S100017],中级/四级
2.01E+14,上海济光高级职业技能培训中心,宝山,网络与信息安全管理员（网络安全管理员）[S100017],中级/四级
2.01E+14,上海远见职业技术培训中心,静安,保育师[S300011],初级/五级
2.01E+14,上海远见职业技术培训中心,静安,保育师[S300011],中级/四级
2.01E+14,上海远见职业技术培训中心,静安,养老护理员[S300038],中级/四级
2.01E+14,上海远见职业技术培训中心,静安,养老护理员[S300038],初级/五级
2.01E+14,上海远见职业技术培训中心,静安,婴幼儿发展引导员（育婴员）[S300011],初级/五级
2.01E+14,上海远见职业技术培训中心,静安,家政服务员（家务服务员）[S300039],初级/五级
2.01E+14,上海远见职业技术培训中心,静安,家政服务员（母婴护理员）[S300039],初级/五级
2.01E+14,上海远见职业技术培训中心,静安,物业管理师[S300037],中级/四级
2.01E+14,上海远见职业技术培训中心,静安,物业管理师[S300037],高级/三级
2.01E+14,上海远见职业技术培训中心,静安,电子商务师（网商）[S300030],中级/四级
2.01E+14,上海松江云间职业技能培训中心,松江,互联网营销师（直播销售员）[S500023],初级/五级
2.01E+14,上海松江云间职业技能培训中心,松江,互联网营销师（直播销售员）[S500023],中级/四级
2.01E+14,上海松江云间职业技能培训中心,松江,互联网营销师（直播销售员）[S500023],高级/三级
2.01E+14,上海松江云间职业技能培训中心,松江,人工智能训练师[S300040],初级/五级
2.01E+14,上海松江云间职业技能培训中心,松江,人工智能训练师[S300040],中级/四级
2.01E+14,上海松江云间职业技能培训中心,松江,人工智能训练师[S300040],高级/三级
2.01E+14,上海松江云间职业技能培训中心,松江,供应链管理师[S200020],技师/二级
2.01E+14,上海松江云间职业技能培训中心,松江,供应链管理师[S200020],高级/三级
2.01E+14,上海松江云间职业技能培训中心,松江,供应链管理师[S300031],高级/三级
2.01E+14,上海松江云间职业技能培训中心,松江,劳动关系协调师[S300016],中级/四级
2.01E+14,上海松江云间职业技能培训中心,松江,劳动关系协调师[S300016],高级/三级
2.01E+14,上海松江云间职业技能培训中心,松江,劳动关系协调师[S300016],技师/二级
2.01E+14,上海松江云间职业技能培训中心,松江,呼叫中心服务员[S300031],高级/三级
2.01E+14,上海松江云间职业技能培训中心,松江,呼叫中心服务员[S300031],中级/四级
2.01E+14,上海松江云间职业技能培训中心,松江,呼叫中心服务员[S300031],初级/五级
2.01E+14,上海松江云间职业技能培训中心,松江,政务服务办事员[S300031],初级/五级
2.01E+14,上海松江云间职业技能培训中心,松江,政务服务办事员[S300031],中级/四级
2.01E+14,上海松江云间职业技能培训中心,松江,政务服务办事员[S300031],高级/三级
2.01E+14,上海松江云间职业技能培训中心,松江,计算机软件测试员[S300032],技师/二级
2.01E+14,上海松江云间职业技能培训中心,松江,计算机软件测试员[S300032],高级/三级
2.01E+14,上海漕河泾开发区人才发展培训中心,徐汇,人工智能训练师[S500053],高级/三级
2.01E+14,上海漕河泾开发区人才发展培训中心,徐汇,人工智能训练师[S500053],中级/四级
2.01E+14,上海漕河泾开发区人才发展培训中心,徐汇,计算机程序设计员[S400021],高级/三级
2.01E+14,上海漕河泾开发区人才发展培训中心,徐汇,计算机软件测试员[S300032],技师/二级
2.01E+14,上海创意职业技能培训中心,浦东,动画制作员[S400022],中级/四级
2.01E+14,上海创意职业技能培训中心,浦东,动画制作员[S400022],高级/三级
2.01E+14,上海金山区成人教育职业技能培训中心,金山,互联网营销师（直播销售员）[S500023],初级/五级
2.01E+14,上海金山区成人教育职业技能培训中心,金山,互联网营销师（直播销售员）[S500023],中级/四级
2.01E+14,上海金山区成人教育职业技能培训中心,金山,企业人力资源管理师[S300015],中级/四级
2.01E+14,上海金山区成人教育职业技能培训中心,金山,劳动关系协调师[S300016],高级/三级
2.01E+14,上海百联职业技术学校,宝山,互联网营销师（商品选品员）[S300031],中级/四级
2.01E+14,上海百联职业技术学校,宝山,互联网营销师（商品选品员）[S300031],初级/五级
2.01E+14,上海百联职业技术学校,宝山,物流服务师[S300035],高级/三级
2.01E+14,上海电气职业技术学校,普陀,机修钳工[S600003],初级/五级
2.01E+14,上海电气职业技术学校,普陀,机修钳工[S600003],中级/四级
2.01E+14,上海电气职业技术学校,普陀,电工[S100004],中级/四级
2.01E+14,上海电气职业技术学校,普陀,电工[S100004],初级/五级
2.01E+14,上海电气职业技术学校,普陀,车工[S100001],初级/五级
2.01E+14,上海电气职业技术学校,普陀,车工（数控车工）[S100001],中级/四级
2.01E+14,上海崇明竞一职业技术培训中心,崇明,中式烹调师[S300013],初级/五级
2.01E+14,上海崇明竞一职业技术培训中心,崇明,中式烹调师[S300013],中级/四级
2.01E+14,上海崇明竞一职业技术培训中心,崇明,中式烹调师[S300013],高级/三级
2.01E+14,上海崇明竞一职业技术培训中心,崇明,家政服务员（家务服务员）[S300039],初级/五级
2.01E+14,上海俊柯职业技术培训学校,闵行,互联网营销师（直播销售员）[S500023],初级/五级
2.01E+14,上海俊柯职业技术培训学校,闵行,互联网营销师（直播销售员）[S500023],中级/四级
2.01E+14,上海俊柯职业技术培训学校,闵行,形象设计师[S300008],高级/三级
2.01E+14,上海俊柯职业技术培训学校,闵行,美容师[S300008],初级/五级
2.01E+14,上海俊柯职业技术培训学校,闵行,美容师[S300008],中级/四级
2.01E+14,上海俊柯职业技术培训学校,闵行,美甲师[S300008],高级/三级
2.01E+14,上海俊柯职业技术培训学校,闵行,美甲师[S300008],中级/四级
2.01E+14,上海俊柯职业技术培训学校,闵行,美甲师[S300008],初级/五级
2.01E+14,上海新静安职业技能培训中心,静安,中式烹调师[S300013],初级/五级
2.01E+14,上海新静安职业技能培训中心,静安,中式烹调师[S300013],中级/四级
2.01E+14,上海新静安职业技能培训中心,静安,中式面点师[S300013],初级/五级
2.01E+14,上海新静安职业技能培训中心,静安,中式面点师[S300013],中级/四级
2.01E+14,上海新静安职业技能培训中心,静安,动画制作员[S400022],中级/四级
2.01E+14,上海新静安职业技能培训中心,静安,家政服务员（家务服务员）[S300039],初级/五级
2.01E+14,上海新静安职业技能培训中心,静安,家政服务员（家务服务员）[S300039],中级/四级
2.01E+14,上海新静安职业技能培训中心,静安,家政服务员（家务服务员）[S300039],高级/三级
2.01E+14,上海新静安职业技能培训中心,静安,家政服务员（家庭照护员）[S300039],高级/三级
2.01E+14,上海新静安职业技能培训中心,静安,家政服务员（家庭照护员）[S300039],中级/四级
2.01E+14,上海新静安职业技能培训中心,静安,家政服务员（家庭照护员）[S300039],初级/五级
2.01E+14,上海新静安职业技能培训中心,静安,美发师[S300008],初级/五级
2.01E+14,上海新静安职业技能培训中心,静安,美发师[S300008],中级/四级
2.01E+14,上海新静安职业技能培训中心,静安,美容师[S300008],初级/五级
2.01E+14,上海新静安职业技能培训中心,静安,美容师[S300008],中级/四级
2.01E+14,上海新静安职业技能培训中心,静安,西式面点师[S300013],初级/五级
2.01E+14,上海新静安职业技能培训中心,静安,西式面点师[S300013],中级/四级
2.01E+14,上海新静安职业技能培训中心,静安,计算机维修工[S300033],中级/四级
2.01E+14,上海新静安职业技能培训中心,静安,计算机维修工[S300033],初级/五级
2.01E+14,上海新静安职业技能培训中心,静安,计算机维修工[S300033],高级/三级
2.01E+14,上海张江创新学院,浦东,企业人力资源管理师[S300015],中级/四级
2.01E+14,上海张江创新学院,浦东,计算机程序设计员[S400021],中级/四级
2.01E+14,上海张江创新学院,浦东,计算机软件测试员[S300032],高级/三级
2.01E+14,上海浦东新区安全技术培训中心,浦东,养老护理员[S300038],初级/五级
2.01E+14,上海浦东新区安全技术培训中心,浦东,焊工（电焊工）[S100050],初级/五级
2.01E+14,上海浦东新区安全技术培训中心,浦东,茶艺师[S300009],初级/五级
2.01E+14,上海浦东新区安全技术培训中心,浦东,茶艺师[S300009],中级/四级
2.01E+14,上海竣豪职业技能培训中心,长宁,人工智能训练师[S300040],中级/四级
2.01E+14,上海竣豪职业技能培训中心,长宁,人工智能训练师[S300040],高级/三级
2.01E+14,上海竣豪职业技能培训中心,长宁,人工智能训练师[S400054],高级/三级
2.01E+14,上海竣豪职业技能培训中心,长宁,人工智能训练师[S500053],高级/三级
2.01E+14,上海竣豪职业技能培训中心,长宁,贵金属首饰与宝玉石检测员[S300051],初级/五级
2.01E+14,上海竣豪职业技能培训中心,长宁,贵金属首饰与宝玉石检测员（宝石检验员）[S300051],高级/三级
2.01E+14,上海竣豪职业技能培训中心,长宁,贵金属首饰与宝玉石检测员（宝石检验员）[S300051],中级/四级
2.01E+14,上海松江区新技术培训学校,松江,供应链管理师[400042],技师/二级
2.01E+14,上海松江区新技术培训学校,松江,供应链管理师[S200020],高级/三级
2.01E+14,上海松江区新技术培训学校,松江,保育师[S300011],初级/五级
2.01E+14,上海松江区新技术培训学校,松江,保育师[S300011],中级/四级
2.01E+14,上海松江区新技术培训学校,松江,保育师[S300011],高级/三级
2.01E+14,上海松江区新技术培训学校,松江,全媒体运营师（直播运营）[S300070],中级/四级
2.01E+14,上海松江区新技术培训学校,松江,全媒体运营师（直播运营）[S300070],高级/三级
2.01E+14,上海松江区新技术培训学校,松江,全媒体运营师（视听运营）[S300070],中级/四级
2.01E+14,上海松江区新技术培训学校,松江,全媒体运营师（视听运营）[S300070],高级/三级
2.01E+14,上海松江区新技术培训学校,松江,广告设计师[S300049],高级/三级
2.01E+14,上海松江区新技术培训学校,松江,广告设计师[S300049],技师/二级
2.01E+14,上海松江区新技术培训学校,松江,电子商务师[400029],高级/三级
2.01E+14,上海松江区新技术培训学校,松江,电子商务师（网商）[S300030],中级/四级
2.01E+14,上海长宁万宏工业职业技能培训中心,长宁,保育师[S300011],初级/五级
2.01E+14,上海长宁万宏工业职业技能培训中心,长宁,保育师[S300011],中级/四级
2.01E+14,上海长宁万宏工业职业技能培训中心,长宁,健康照护师（长期照护师）[S500077],初级/五级
2.01E+14,上海长宁万宏工业职业技能培训中心,长宁,健康照护师（长期照护师）[S500077],中级/四级
2.01E+14,上海长宁万宏工业职业技能培训中心,长宁,健康照护师（长期照护师）[S500077],高级/三级
2.01E+14,上海长宁万宏工业职业技能培训中心,长宁,养老护理员[S300038],高级/三级
2.01E+14,上海长宁万宏工业职业技能培训中心,长宁,养老护理员[S300038],中级/四级
2.01E+14,上海长宁万宏工业职业技能培训中心,长宁,养老护理员[S300038],初级/五级
2.01E+14,上海长宁万宏工业职业技能培训中心,长宁,养老护理员[S300060],初级/五级
2.01E+14,上海长宁万宏工业职业技能培训中心,长宁,养老护理员[S300060],中级/四级
2.01E+14,上海维丽娅职业技术培训学校,长宁,美容师[S300008],初级/五级
2.01E+14,上海维丽娅职业技术培训学校,长宁,美容师[S300008],中级/四级
2.01E+14,上海维丽娅职业技术培训学校,长宁,美甲师[S300008],中级/四级
2.01E+14,上海维丽娅职业技术培训学校,长宁,美甲师[S300008],初级/五级
2.01E+14,上海诚之医药商业培训中心,虹口,康复辅助技术咨询师[S300067],初级/五级
2.01E+14,上海诚之医药商业培训中心,虹口,康复辅助技术咨询师[S300067],中级/四级
2.01E+14,上海汇众益智职业技能培训学校,虹口,动画制作员[S400022],中级/四级
2.01E+14,上海市普陀华英教育培训中心,普陀,电子商务师（网商）[S300030],中级/四级
2.01E+14,上海市普陀华英教育培训中心,普陀,美容师[S300008],初级/五级
2.01E+14,上海国际银行金融专修学院,杨浦,茶艺师[S300009],初级/五级
2.01E+14,上海黄浦区黄埔职业技能培训学校,黄浦,中式烹调师[S300013],初级/五级
2.01E+14,上海黄浦区黄埔职业技能培训学校,黄浦,中式烹调师[S300013],中级/四级
2.01E+14,上海黄浦区黄埔职业技能培训学校,黄浦,中式烹调师[S300013],高级/三级
2.01E+14,上海黄浦区黄埔职业技能培训学校,黄浦,中式烹调师[S300013],技师/二级
2.01E+14,上海黄浦区黄埔职业技能培训学校,黄浦,中式烹调师[S300013],高级技师/一级
2.01E+14,上海黄浦区黄埔职业技能培训学校,黄浦,中式面点师[S300013],初级/五级
2.01E+14,上海黄浦区黄埔职业技能培训学校,黄浦,中式面点师[S300013],中级/四级
2.01E+14,上海黄浦区黄埔职业技能培训学校,黄浦,中式面点师[S300013],高级/三级
2.01E+14,上海黄浦区黄埔职业技能培训学校,黄浦,中式面点师[S300013],技师/二级
2.01E+14,上海黄浦区黄埔职业技能培训学校,黄浦,西式面点师[S300013],初级/五级
2.01E+14,上海黄浦区黄埔职业技能培训学校,黄浦,西式面点师[S300013],中级/四级
2.01E+14,上海黄浦区黄埔职业技能培训学校,黄浦,食品安全管理师[S300093],初级/五级
2.01E+14,上海黄浦区黄埔职业技能培训学校,黄浦,食品安全管理师[S300093],中级/四级
2.01E+14,上海黄浦区黄埔职业技能培训学校,黄浦,食品安全管理师[S300093],高级/三级
2.01E+14,上海奉贤区育秀职业技能培训中心,奉贤,企业人力资源管理师[S300015],中级/四级
2.01E+14,上海奉贤区育秀职业技能培训中心,奉贤,企业人力资源管理师[S300015],高级/三级
2.01E+14,上海广贤职业技术培训学校,闵行,养老护理员[S300038],中级/四级
2.01E+14,上海广贤职业技术培训学校,闵行,养老护理员[S300038],初级/五级
2.01E+14,上海广贤职业技术培训学校,闵行,婴幼儿发展引导员（育婴员）[S300011],初级/五级
2.01E+14,上海广贤职业技术培训学校,闵行,婴幼儿发展引导员（育婴员）[S300011],中级/四级
2.01E+14,上海广贤职业技术培训学校,闵行,家政服务员（母婴护理员）[S300039],初级/五级
2.01E+14,上海广贤职业技术培训学校,闵行,电工[S100004],中级/四级
2.01E+14,上海广贤职业技术培训学校,闵行,电工[S100004],初级/五级
2.01E+14,上海金山区新起点职业技术培训中心,金山,插花花艺师[S600024],高级/三级
2.01E+14,上海金山区新起点职业技术培训中心,金山,插花花艺师[S600024],中级/四级
2.01E+14,上海金山区新起点职业技术培训中心,金山,插花花艺师[S600024],初级/五级
2.01E+14,上海金山区新起点职业技术培训中心,金山,电工[S100004],高级/三级
2.01E+14,上海金山区新起点职业技术培训中心,金山,电工[S100004],中级/四级
2.01E+14,上海金山区新起点职业技术培训中心,金山,电工[S100004],初级/五级
2.01E+14,上海金山区新起点职业技术培训中心,金山,美容师[S300008],初级/五级
2.01E+14,上海金山区新起点职业技术培训中心,金山,美容师[S300008],中级/四级
2.01E+14,上海金山区新起点职业技术培训中心,金山,职业培训师[S300015],高级/三级
2.01E+14,上海金山区新起点职业技术培训中心,金山,茶艺师[S300009],初级/五级
2.01E+14,上海金山区新起点职业技术培训中心,金山,茶艺师[S300009],中级/四级
2.01E+14,上海金山区新起点职业技术培训中心,金山,评茶师[S300009],初级/五级
2.01E+14,上海金山区新起点职业技术培训中心,金山,评茶师[S300009],中级/四级
2.01E+14,上海市保安职业技能学校,黄浦,保卫管理员[S300044],高级/三级
2.01E+14,上海市保安职业技能学校,黄浦,保卫管理员[S300044],技师/二级
2.01E+14,上海市保安职业技能学校,黄浦,保卫管理员[S300044],高级技师/一级
2.01E+14,上海金山区兴诚建设职业技术培训中心,金山,企业人力资源管理师[S300015],中级/四级
2.01E+14,上海金山区兴诚建设职业技术培训中心,金山,企业人力资源管理师[S300015],高级/三级
2.01E+14,上海金山区兴诚建设职业技术培训中心,金山,供应链管理师[S200020],技师/二级
2.01E+14,上海金山区兴诚建设职业技术培训中心,金山,供应链管理师[S200020],高级/三级
2.01E+14,上海金山区兴诚建设职业技术培训中心,金山,全媒体运营师（创意策划）[S400071],中级/四级
2.01E+14,上海金山区兴诚建设职业技术培训中心,金山,全媒体运营师（创意策划）[S400071],高级/三级
2.01E+14,上海金山区兴诚建设职业技术培训中心,金山,全媒体运营师（流量运营）[S300070],中级/四级
2.01E+14,上海金山区兴诚建设职业技术培训中心,金山,全媒体运营师（流量运营）[S300070],高级/三级
2.01E+14,上海金山区兴诚建设职业技术培训中心,金山,全媒体运营师（视听运营）[S300070],中级/四级
2.01E+14,上海金山区兴诚建设职业技术培训中心,金山,全媒体运营师（视听运营）[S300070],高级/三级
2.01E+14,上海金山区兴诚建设职业技术培训中心,金山,劳动关系协调师[S300016],中级/四级
2.01E+14,上海金山区兴诚建设职业技术培训中心,金山,劳动关系协调师[S300016],高级/三级
2.01E+14,上海金山区兴诚建设职业技术培训中心,金山,智能楼宇管理员[S600014],中级/四级
2.01E+14,上海金山区兴诚建设职业技术培训中心,金山,智能楼宇管理员[S600014],高级/三级
2.01E+14,上海新健康进修学院,杨浦,全媒体运营师（创意策划）[S400071],中级/四级
2.01E+14,上海新健康进修学院,杨浦,全媒体运营师（创意策划）[S400071],高级/三级
2.01E+14,上海新健康进修学院,杨浦,全媒体运营师（直播运营）[S300070],中级/四级
2.01E+14,上海新健康进修学院,杨浦,全媒体运营师（直播运营）[S300070],高级/三级
2.01E+14,上海善护念职业技能培训学校,虹口,保健按摩师[S300008],中级/四级
2.01E+14,上海善护念职业技能培训学校,虹口,保健按摩师[S300008],初级/五级
2.01E+14,上海浦东新区环保职业技能培训中心,浦东,电工[S100004],中级/四级
2.01E+14,上海浦东新区环保职业技能培训中心,浦东,电工[S100004],初级/五级
2.01E+14,上海尼普顿职业培训学校,静安,人工智能训练师[S300040],初级/五级
2.01E+14,上海尼普顿职业培训学校,静安,人工智能训练师[S300040],中级/四级
2.01E+14,上海尼普顿职业培训学校,静安,人工智能训练师[S300040],高级/三级
2.01E+14,上海尼普顿职业培训学校,静安,人工智能训练师[S400054],中级/四级
2.01E+14,上海尼普顿职业培训学校,静安,人工智能训练师[S400054],高级/三级
2.01E+14,上海尼普顿职业培训学校,静安,人工智能训练师[S500053],高级/三级
2.01E+14,上海尼普顿职业培训学校,静安,人工智能训练师[S500053],中级/四级
2.01E+14,上海尼普顿职业培训学校,静安,企业人力资源管理师[S300015],中级/四级
2.01E+14,上海尼普顿职业培训学校,静安,全媒体运营师（创意策划）[S400071],中级/四级
2.01E+14,上海尼普顿职业培训学校,静安,全媒体运营师（创意策划）[S400071],高级/三级
2.01E+14,上海尼普顿职业培训学校,静安,全媒体运营师（流量运营）[S300070],中级/四级
2.01E+14,上海尼普顿职业培训学校,静安,全媒体运营师（流量运营）[S300070],高级/三级
2.01E+14,上海尼普顿职业培训学校,静安,全媒体运营师（视听运营）[S300070],中级/四级
2.01E+14,上海尼普顿职业培训学校,静安,全媒体运营师（视听运营）[S300070],高级/三级
2.01E+14,上海尼普顿职业培训学校,静安,包装设计师[S500046],高级/三级
2.01E+14,上海尼普顿职业培训学校,静安,包装设计师[S500046],中级/四级
2.01E+14,上海尼普顿职业培训学校,静安,形象设计师[S300008],高级/三级
2.01E+14,上海尼普顿职业培训学校,静安,形象设计师[S300008],初级/五级
2.01E+14,上海尼普顿职业培训学校,静安,形象设计师[S300008],中级/四级
2.01E+14,上海尼普顿职业培训学校,静安,电子商务师（网商）[S300030],中级/四级
2.01E+14,上海尼普顿职业培训学校,静安,电子商务师（网商）[S300030],高级/三级
2.01E+14,上海尼普顿职业培训学校,静安,美容师[S300008],初级/五级
2.01E+14,上海尼普顿职业培训学校,静安,美甲师[S300008],初级/五级
2.01E+14,上海金山区张堰职业技能培训中心,金山,养老护理员[S300038],中级/四级
2.01E+14,上海金山区张堰职业技能培训中心,金山,养老护理员[S300038],初级/五级
2.01E+14,上海金山区张堰职业技能培训中心,金山,养老护理员[S300060],中级/四级
2.01E+14,上海新知职业技术培训学校,闵行,互联网营销师（商品选品员）[S300031],高级/三级
2.01E+14,上海新知职业技术培训学校,闵行,互联网营销师（商品选品员）[S300031],中级/四级
2.01E+14,上海新知职业技术培训学校,闵行,人工智能训练师[S400054],中级/四级
2.01E+14,上海新知职业技术培训学校,闵行,人工智能训练师[S400054],高级/三级
2.01E+14,上海新知职业技术培训学校,闵行,企业人力资源管理师[S300015],中级/四级
2.01E+14,上海新知职业技术培训学校,闵行,企业人力资源管理师[S300015],高级/三级
2.01E+14,上海新知职业技术培训学校,闵行,供应链管理师[S300031],高级/三级
2.01E+14,上海新知职业技术培训学校,闵行,呼叫中心服务员[S300031],高级/三级
2.01E+14,上海新知职业技术培训学校,闵行,呼叫中心服务员[S300031],中级/四级
2.01E+14,上海新知职业技术培训学校,闵行,电子商务师（网商）[S300030],中级/四级
2.01E+14,上海新知职业技术培训学校,闵行,电子商务师（网商）[S300030],高级/三级
2.01E+14,上海新知职业技术培训学校,闵行,计算机维修工[S300033],中级/四级
2.01E+14,上海新知职业技术培训学校,闵行,计算机维修工[S300033],初级/五级
2.01E+14,上海新知职业技术培训学校,闵行,计算机维修工[S300033],高级/三级
2.01E+14,上海临港漕河泾人才有限公司,徐汇,人工智能训练师[S300040],高级/三级
2.01E+14,上海临港漕河泾人才有限公司,徐汇,人工智能训练师[S400054],高级/三级
2.01E+14,上海临港漕河泾人才有限公司,徐汇,人工智能训练师[S500053],高级/三级
2.01E+14,上海临港漕河泾人才有限公司,徐汇,人工智能训练师[S500053],中级/四级
2.01E+14,上海临港漕河泾人才有限公司,徐汇,企业人力资源管理师[S300015],中级/四级
2.01E+14,上海临港漕河泾人才有限公司,徐汇,企业人力资源管理师[S300015],高级/三级
2.01E+14,上海临港漕河泾人才有限公司,徐汇,全媒体运营师（创意策划）[S400071],高级/三级
2.01E+14,上海临港漕河泾人才有限公司,徐汇,全媒体运营师（视听运营）[S400071],高级/三级
2.01E+14,上海临港漕河泾人才有限公司,徐汇,计算机软件测试员[S300032],高级/三级
2.01E+14,上海市浦东现代医药技术培训中心,浦东,养老护理员[S300038],中级/四级
2.01E+14,上海市浦东现代医药技术培训中心,浦东,养老护理员[S300038],初级/五级
2.01E+14,上海思妍丽职业技术培训学校,闵行,形象设计师[S300008],高级/三级
2.01E+14,上海思妍丽职业技术培训学校,闵行,美容师[S300008],初级/五级
2.01E+14,上海思妍丽职业技术培训学校,闵行,美容师[S300008],中级/四级
2.01E+14,上海思妍丽职业技术培训学校,闵行,美容师[S300008],高级/三级
2.01E+14,上海市青浦启能培训学校,青浦,保育师[S300011],初级/五级
2.01E+14,上海市青浦启能培训学校,青浦,婴幼儿发展引导员（育婴员）[S300011],中级/四级
2.01E+14,上海市青浦启能培训学校,青浦,婴幼儿发展引导员（育婴员）[S300011],高级/三级
2.01E+14,上海市嘉定职业技能培训中心,嘉定,中式面点师[S300013],中级/四级
2.01E+14,上海市嘉定职业技能培训中心,嘉定,劳动关系协调师[S300016],中级/四级
2.01E+14,上海市嘉定职业技能培训中心,嘉定,劳动关系协调师[S300016],技师/二级
2.01E+14,上海市嘉定职业技能培训中心,嘉定,电工[S100004],高级/三级
2.01E+14,上海市嘉定职业技能培训中心,嘉定,电工[S100004],中级/四级
2.01E+14,上海市嘉定职业技能培训中心,嘉定,电工[S100004],初级/五级
2.01E+14,上海市嘉定职业技能培训中心,嘉定,西式面点师[S300013],初级/五级
2.01E+14,上海市嘉定职业技能培训中心,嘉定,西式面点师[S300013],中级/四级
2.01E+14,上海市嘉定职业技能培训中心,嘉定,西式面点师[S300013],高级/三级
2.01E+14,上海市嘉定职业技能培训中心,嘉定,西式面点师[S300056],高级/三级
2.01E+14,上海市嘉定职业技能培训中心,嘉定,计算机维修工[S300033],中级/四级
2.01E+14,上海市嘉定职业技能培训中心,嘉定,计算机维修工[S300033],初级/五级
2.01E+14,上海市嘉定职业技能培训中心,嘉定,计算机维修工[S300033],高级/三级
2.01E+14,上海领禾培训中心有限公司,黄浦,人工智能训练师[300044],高级/三级
2.01E+14,上海领禾培训中心有限公司,黄浦,人工智能训练师[400040],高级/三级
2.01E+14,上海领禾培训中心有限公司,黄浦,人工智能训练师[S300040],高级/三级
2.01E+14,上海领禾培训中心有限公司,黄浦,人工智能训练师[S400054],高级/三级
2.01E+14,上海领禾培训中心有限公司,黄浦,人工智能训练师[S500053],高级/三级
2.01E+14,上海领禾培训中心有限公司,黄浦,企业人力资源管理师[400047],高级/三级
2.01E+14,上海领禾培训中心有限公司,黄浦,企业人力资源管理师[S300015],高级/三级
2.01E+14,上海百联商贸进修学院,杨浦,职业培训师[S300015],高级/三级
2.01E+14,上海杨浦区吉易训进修学校,杨浦,养老护理员[S300038],中级/四级
2.01E+14,上海杨浦区吉易训进修学校,杨浦,养老护理员[S300038],初级/五级
2.01E+14,上海杨浦区吉易训进修学校,杨浦,物业管理师[S300037],中级/四级
2.01E+14,上海杨浦区吉易训进修学校,杨浦,物业管理师[S300037],高级/三级
2.01E+14,上海永琪美容美发技能培训学校,闵行,形象设计师[S300008],高级/三级
2.01E+14,上海永琪美容美发技能培训学校,闵行,美发师[S300008],初级/五级
2.01E+14,上海永琪美容美发技能培训学校,闵行,美发师[S300008],中级/四级
2.01E+14,上海永琪美容美发技能培训学校,闵行,美容师[S300008],初级/五级
2.01E+14,上海永琪美容美发技能培训学校,闵行,美容师[S300008],中级/四级
2.01E+14,上海永琪美容美发技能培训学校,闵行,美容师[S300008],高级/三级
2.01E+14,上海市崇明竖职教育培训中心,崇明,中式烹调师[S300013],初级/五级
2.01E+14,上海市崇明竖职教育培训中心,崇明,中式烹调师[S300013],中级/四级
2.01E+14,上海市崇明竖职教育培训中心,崇明,中式烹调师[S300013],高级/三级
2.01E+14,上海市崇明竖职教育培训中心,崇明,中式烹调师[S300013],技师/二级
2.01E+14,上海市崇明竖职教育培训中心,崇明,咖啡师[S400042],高级/三级
2.01E+14,上海市崇明竖职教育培训中心,崇明,咖啡师[S400042],中级/四级
2.01E+14,上海市崇明竖职教育培训中心,崇明,咖啡师[S400042],初级/五级
2.01E+14,上海市崇明竖职教育培训中心,崇明,园林绿化工[S300034],高级/三级
2.01E+14,上海市崇明竖职教育培训中心,崇明,园林绿化工[S300034],初级/五级
2.01E+14,上海市崇明竖职教育培训中心,崇明,园林绿化工[S300034],中级/四级
2.01E+14,上海市崇明竖职教育培训中心,崇明,插花花艺师[S600024],高级/三级
2.01E+14,上海市崇明竖职教育培训中心,崇明,插花花艺师[S600024],中级/四级
2.01E+14,上海市崇明竖职教育培训中心,崇明,插花花艺师[S600024],初级/五级
2.01E+14,上海市崇明竖职教育培训中心,崇明,机修钳工[S600003],初级/五级
2.01E+14,上海市崇明竖职教育培训中心,崇明,机修钳工[S600003],中级/四级
2.01E+14,上海市崇明竖职教育培训中心,崇明,电工[S100004],中级/四级
2.01E+14,上海市崇明竖职教育培训中心,崇明,电工[S100004],初级/五级
2.01E+14,上海市崇明竖职教育培训中心,崇明,营养配餐员[S300013],中级/四级
2.01E+14,上海市崇明竖职教育培训中心,崇明,营养配餐员[S300013],高级/三级
2.01E+14,上海市崇明竖职教育培训中心,崇明,车工[S100001],初级/五级
2.01E+14,上海市崇明竖职教育培训中心,崇明,车工（数控车工）[S100001],中级/四级
2.01E+14,上海市崇明竖职教育培训中心,崇明,车工（数控车工）[S100001],高级/三级
2.01E+14,上海市崇明竖职教育培训中心,崇明,铣工（数控铣工）[S100001],中级/四级
2.01E+14,上海市崇明竖职教育培训中心,崇明,铣工（数控铣工）[S100001],高级/三级
2.01E+14,上海市崇明竖职教育培训中心,崇明,餐厅服务员[S300013],高级/三级
2.01E+14,上海市崇明竖职教育培训中心,崇明,餐厅服务员[S300013],中级/四级
2.01E+14,上海市崇明竖职教育培训中心,崇明,餐厅服务员[S300013],初级/五级
2.01E+14,上海市北高新园区职业技能培训中心,静安,劳动关系协调师[S300016],中级/四级
2.01E+14,上海市北高新园区职业技能培训中心,静安,计算机程序设计员[400001],高级/三级
2.01E+14,上海市北高新园区职业技能培训中心,静安,计算机程序设计员[S300032],高级/三级
2.01E+14,上海市北高新园区职业技能培训中心,静安,计算机程序设计员[S400022],中级/四级
2.01E+14,上海外服人力资源咨询有限公司,黄浦,人工智能训练师[S300040],中级/四级
2.01E+14,上海外服人力资源咨询有限公司,黄浦,人工智能训练师[S300040],高级/三级
2.01E+14,上海外服人力资源咨询有限公司,黄浦,人工智能训练师[S400054],中级/四级
2.01E+14,上海外服人力资源咨询有限公司,黄浦,人工智能训练师[S400054],高级/三级
2.01E+14,上海外服人力资源咨询有限公司,黄浦,人工智能训练师[S500053],高级/三级
2.01E+14,上海外服人力资源咨询有限公司,黄浦,人工智能训练师[S500053],中级/四级
2.01E+14,上海外服人力资源咨询有限公司,黄浦,企业人力资源管理师[S300015],中级/四级
2.01E+14,上海外服人力资源咨询有限公司,黄浦,企业人力资源管理师[S300015],高级/三级
2.01E+14,上海外服人力资源咨询有限公司,黄浦,劳动关系协调师[S300016],中级/四级
2.01E+14,上海外服人力资源咨询有限公司,黄浦,劳动关系协调师[S300016],高级/三级
2.01E+14,上海外服人力资源咨询有限公司,黄浦,家政服务员（家庭照护员）[S300031],高级/三级
2.01E+14,上海外服人力资源咨询有限公司,黄浦,家政服务员（家庭照护员）[S300039],高级/三级
2.01E+14,上海外服人力资源咨询有限公司,黄浦,家政服务员（家庭照护员）[S500065],高级/三级
2.01E+14,上海外服人力资源咨询有限公司,黄浦,职业培训师[S300015],高级/三级
2.01E+14,上海博思堂职业技能培训学校,虹口,保育师[S300011],初级/五级
2.01E+14,上海博思堂职业技能培训学校,虹口,保育师[S300011],中级/四级
2.01E+14,上海博思堂职业技能培训学校,虹口,保育师[S300011],高级/三级
2.01E+14,上海博思堂职业技能培训学校,虹口,动画制作员[S400022],中级/四级
2.01E+14,上海博思堂职业技能培训学校,虹口,婴幼儿发展引导员（育婴员）[S300011],初级/五级
2.01E+14,上海博思堂职业技能培训学校,虹口,婴幼儿发展引导员（育婴员）[S300011],中级/四级
2.01E+14,上海博思堂职业技能培训学校,虹口,婴幼儿发展引导员（育婴员）[S300011],高级/三级
2.01E+14,上海一致心理咨询职业技能培训中心,杨浦,养老护理员[S300038],初级/五级
2.01E+14,上海杨浦区康健进修学校,杨浦,养老护理员[S300038],高级/三级
2.01E+14,上海杨浦区康健进修学校,杨浦,养老护理员[S300038],中级/四级
2.01E+14,上海杨浦区康健进修学校,杨浦,养老护理员[S300038],初级/五级
2.01E+14,上海江源职业技能培训中心,宝山,企业人力资源管理师[S300015],中级/四级
2.01E+14,上海博润教育培训学校,宝山,保育师[S300011],初级/五级
2.01E+14,上海博润教育培训学校,宝山,保育师[S300011],中级/四级
2.01E+14,上海博润教育培训学校,宝山,婴幼儿发展引导员（育婴员）[S300011],初级/五级
2.01E+14,上海博润教育培训学校,宝山,婴幼儿发展引导员（育婴员）[S300011],中级/四级
2.01E+14,上海松江区同舟职业技能培训学校,松江,中式面点师[S300013],初级/五级
2.01E+14,上海松江区同舟职业技能培训学校,松江,中式面点师[S300013],中级/四级
2.01E+14,上海松江区同舟职业技能培训学校,松江,茶艺师[S300009],初级/五级
2.01E+14,上海松江区同舟职业技能培训学校,松江,茶艺师[S300009],中级/四级
2.01E+14,上海松江区同舟职业技能培训学校,松江,西式面点师[S300013],初级/五级
2.01E+14,上海松江区同舟职业技能培训学校,松江,西式面点师[S300013],中级/四级
2.01E+14,上海浦东临港科技职业技能培训中心,浦东,中式烹调师[S300013],初级/五级
2.01E+14,上海浦东临港科技职业技能培训中心,浦东,中式烹调师[S300013],中级/四级
2.01E+14,上海浦东临港科技职业技能培训中心,浦东,中式面点师[S300013],初级/五级
2.01E+14,上海浦东临港科技职业技能培训中心,浦东,中式面点师[S300013],中级/四级
2.01E+14,上海浦东临港科技职业技能培训中心,浦东,机修钳工[S600003],初级/五级
2.01E+14,上海浦东临港科技职业技能培训中心,浦东,机修钳工[S600003],中级/四级
2.01E+14,上海浦东临港科技职业技能培训中心,浦东,电工[S100004],高级/三级
2.01E+14,上海浦东临港科技职业技能培训中心,浦东,电工[S100004],中级/四级
2.01E+14,上海浦东临港科技职业技能培训中心,浦东,电工[S100004],初级/五级
2.01E+14,上海浦东临港科技职业技能培训中心,浦东,西式烹调师[S600012],初级/五级
2.01E+14,上海浦东临港科技职业技能培训中心,浦东,西式烹调师[S600012],中级/四级
2.01E+14,上海浦东临港科技职业技能培训中心,浦东,车工[S100001],初级/五级
2.01E+14,上海浦东临港科技职业技能培训中心,浦东,车工（数控车工）[S100001],中级/四级
2.01E+14,上海浦东临港科技职业技能培训中心,浦东,车工（数控车工）[S100001],高级/三级
2.01E+14,上海浦东临港科技职业技能培训中心,浦东,铣工（数控铣工）[S100001],中级/四级
2.01E+14,上海浦东临港科技职业技能培训中心,浦东,铣工（数控铣工）[S100001],高级/三级
2.01E+14,上海浦东新区云凌职业技术培训学校,浦东,供应链管理师[S200020],技师/二级
2.01E+14,上海浦东新区云凌职业技术培训学校,浦东,供应链管理师[S200020],高级/三级
2.01E+14,上海浦东新区云凌职业技术培训学校,浦东,电子竞技运营师[S300029],中级/四级
2.01E+14,上海浦东新区云凌职业技术培训学校,浦东,电子竞技运营师[S300029],高级/三级
2.01E+14,上海杨浦区三才培训中心,杨浦,企业人力资源管理师[S300015],中级/四级
2.01E+14,上海杨浦区三才培训中心,杨浦,企业人力资源管理师[S300015],高级/三级
2.01E+14,上海杨浦区三才培训中心,杨浦,企业人力资源管理师[S300015],技师/二级
2.01E+14,上海杨浦区三才培训中心,杨浦,企业人力资源管理师[S300015],高级技师/一级
2.01E+14,上海杨浦区三才培训中心,杨浦,劳动关系协调师[S300016],中级/四级
2.01E+14,上海杨浦区三才培训中心,杨浦,劳动关系协调师[S300016],高级/三级
2.01E+14,上海杨浦区三才培训中心,杨浦,劳动关系协调师[S300016],技师/二级
2.01E+14,上海杨浦区三才培训中心,杨浦,职业培训师[S300015],技师/二级
2.01E+14,上海杨浦区三才培训中心,杨浦,职业培训师[S300015],高级技师/一级
2.01E+14,上海杨浦区三才培训中心,杨浦,职业培训师[S300015],高级/三级
2.01E+14,上海东方工艺美术职业技术培训学校,闵行,插花花艺师[S600024],中级/四级
2.01E+14,上海东方工艺美术职业技术培训学校,闵行,插花花艺师[S600024],初级/五级
2.01E+14,上海华是进修学院,徐汇,人工智能训练师[S300040],初级/五级
2.01E+14,上海华是进修学院,徐汇,人工智能训练师[S300040],中级/四级
2.01E+14,上海华是进修学院,徐汇,人工智能训练师[S300040],高级/三级
2.01E+14,上海华是进修学院,徐汇,人工智能训练师[S400054],中级/四级
2.01E+14,上海华是进修学院,徐汇,人工智能训练师[S400054],高级/三级
2.01E+14,上海华是进修学院,徐汇,人工智能训练师[S500053],高级/三级
2.01E+14,上海华是进修学院,徐汇,人工智能训练师[S500053],中级/四级
2.01E+14,上海华是进修学院,徐汇,全媒体运营师（创意策划）[S400071],高级/三级
2.01E+14,上海华是进修学院,徐汇,全媒体运营师（直播运营）[S300070],中级/四级
2.01E+14,上海华是进修学院,徐汇,全媒体运营师（直播运营）[S300070],高级/三级
2.01E+14,上海华是进修学院,徐汇,全媒体运营师（直播运营）[S400071],中级/四级
2.01E+14,上海华是进修学院,徐汇,全媒体运营师（直播运营）[S400071],高级/三级
2.01E+14,上海华是进修学院,徐汇,全媒体运营师（视听运营）[S300070],高级/三级
2.01E+14,上海华是进修学院,徐汇,全媒体运营师（视听运营）[S400071],高级/三级
2.01E+14,上海闵行区杏林密钥职业技能培训学校,闵行,美容师[S300008],初级/五级
2.01E+14,上海闵行区杏林密钥职业技能培训学校,闵行,美容师[S300008],中级/四级
2.01E+14,上海闵行区杏林密钥职业技能培训学校,闵行,美容师[S300008],高级/三级
2.01E+14,上海闵行区杏林密钥职业技能培训学校,闵行,美甲师[S300008],中级/四级
2.01E+14,上海闵行区杏林密钥职业技能培训学校,闵行,美甲师[S300008],初级/五级
2.01E+14,上海哲美职业技能培训有限公司,松江,美容师[S300008],初级/五级
2.01E+14,上海哲美职业技能培训有限公司,松江,美容师[S300008],中级/四级
2.01E+14,上海联明职业技能培训中心,浦东,人工智能训练师[S500053],中级/四级
2.01E+14,上海联明职业技能培训中心,浦东,保卫管理员[300052],高级/三级
2.01E+14,上海联明职业技能培训中心,浦东,养老护理员[S300038],高级/三级
2.01E+14,上海联明职业技能培训中心,浦东,养老护理员[S300038],中级/四级
2.01E+14,上海联明职业技能培训中心,浦东,养老护理员[S300038],初级/五级
2.01E+14,上海联明职业技能培训中心,浦东,养老护理员[S300060],初级/五级
2.01E+14,上海联明职业技能培训中心,浦东,养老护理员[S300060],中级/四级
2.01E+14,上海联明职业技能培训中心,浦东,计算机维修工[S300033],中级/四级
2.01E+14,上海联明职业技能培训中心,浦东,计算机维修工[S300033],高级/三级
2.01E+14,上海天路保安培训学校,普陀,保卫管理员[S300044],高级/三级
2.01E+14,上海金山区学坊进修学院,金山,供应链管理师[S200020],技师/二级
2.01E+14,上海金山区学坊进修学院,金山,供应链管理师[S300031],高级/三级
2.01E+14,上海金山区学坊进修学院,金山,全媒体运营师（直播运营）[S300070],中级/四级
2.01E+14,上海金山区学坊进修学院,金山,全媒体运营师（直播运营）[S300070],高级/三级
2.01E+14,上海金山区学坊进修学院,金山,全媒体运营师（直播运营）[S400071],中级/四级
2.01E+14,上海金山区学坊进修学院,金山,全媒体运营师（直播运营）[S400071],高级/三级
2.01E+14,上海金山区学坊进修学院,金山,全媒体运营师（视听运营）[S300070],中级/四级
2.01E+14,上海金山区学坊进修学院,金山,全媒体运营师（视听运营）[S300070],高级/三级
2.01E+14,上海金山区学坊进修学院,金山,全媒体运营师（视听运营）[S400071],高级/三级
2.01E+14,上海金山区学坊进修学院,金山,全媒体运营师（视听运营）[S400071],中级/四级
2.01E+14,上海金山区学坊进修学院,金山,呼叫中心服务员[S300031],高级/三级
2.01E+14,上海金山区学坊进修学院,金山,呼叫中心服务员[S300031],中级/四级
2.01E+14,上海金山区学坊进修学院,金山,呼叫中心服务员[S300031],初级/五级
2.01E+14,上海金山区学坊进修学院,金山,室内装饰设计师[S300031],高级/三级
2.01E+14,上海金山区学坊进修学院,金山,家政服务员（家务服务员）[S300031],高级/三级
2.01E+14,上海金山区学坊进修学院,金山,家政服务员（家务服务员）[S300039],初级/五级
2.01E+14,上海金山区学坊进修学院,金山,家政服务员（家务服务员）[S300039],中级/四级
2.01E+14,上海金山区学坊进修学院,金山,家政服务员（家务服务员）[S300039],高级/三级
2.01E+14,上海金山区学坊进修学院,金山,家政服务员（家庭照护员）[S300031],高级/三级
2.01E+14,上海金山区学坊进修学院,金山,家政服务员（家庭照护员）[S300039],高级/三级
2.01E+14,上海金山区学坊进修学院,金山,家政服务员（家庭照护员）[S300039],中级/四级
2.01E+14,上海金山区学坊进修学院,金山,家政服务员（家庭照护员）[S300039],初级/五级
2.01E+14,上海金山区学坊进修学院,金山,计算机维修工[S300033],中级/四级
2.01E+14,上海金山区学坊进修学院,金山,计算机维修工[S300033],初级/五级
2.01E+14,上海金山区学坊进修学院,金山,计算机维修工[S300033],高级/三级
2.01E+14,上海卫生行业职业技能培训中心,静安,养老护理员[S300038],中级/四级
2.01E+14,上海卫生行业职业技能培训中心,静安,养老护理员[S300038],初级/五级
2.01E+14,上海卫生行业职业技能培训中心,静安,医疗护理员[S300094],初级/五级
2.01E+14,上海卫生行业职业技能培训中心,静安,医疗护理员[S300094],中级/四级
2.01E+14,上海卫生行业职业技能培训中心,静安,医疗护理员[S300094],高级/三级
2.01E+14,上海卫生行业职业技能培训中心,静安,家政服务员（母婴护理员）[S300039],初级/五级
2.01E+14,上海民丰职业技能培训学校,嘉定,企业人力资源管理师[S300015],中级/四级
2.01E+14,上海民丰职业技能培训学校,嘉定,计算机维修工[S300033],初级/五级
2.01E+14,上海正能量职业技能培训中心,青浦,健康照护师[S500077],高级/三级
2.01E+14,上海正能量职业技能培训中心,青浦,健康照护师（长期照护师）[S500077],初级/五级
2.01E+14,上海正能量职业技能培训中心,青浦,健康照护师（长期照护师）[S500077],中级/四级
2.01E+14,上海正能量职业技能培训中心,青浦,健康照护师（长期照护师）[S500077],高级/三级
2.01E+14,上海正能量职业技能培训中心,青浦,养老护理员[S300038],高级/三级
2.01E+14,上海正能量职业技能培训中心,青浦,养老护理员[S300038],中级/四级
2.01E+14,上海正能量职业技能培训中心,青浦,养老护理员[S300038],初级/五级
2.01E+14,上海正能量职业技能培训中心,青浦,养老护理员[S300060],初级/五级
2.01E+14,上海正能量职业技能培训中心,青浦,养老护理员[S300060],中级/四级
2.01E+14,上海正能量职业技能培训中心,青浦,养老护理员[S300060],高级/三级
2.01E+14,上海正能量职业技能培训中心,青浦,婴幼儿发展引导员（育婴员）[S300011],初级/五级
2.01E+14,上海正能量职业技能培训中心,青浦,婴幼儿发展引导员（育婴员）[S300011],中级/四级
2.01E+14,上海正能量职业技能培训中心,青浦,智能楼宇管理员[S600014],中级/四级
2.01E+14,上海正能量职业技能培训中心,青浦,智能楼宇管理员[S600014],高级/三级
2.01E+14,上海正能量职业技能培训中心,青浦,有害生物防制员[300037],高级/三级
2.01E+14,上海正能量职业技能培训中心,青浦,有害生物防制员[300037],中级/四级
2.01E+14,上海正能量职业技能培训中心,青浦,有害生物防制员[300037],初级/五级
2.01E+14,上海市嘉定震川培训中心,嘉定,企业人力资源管理师[400047],高级/三级
2.01E+14,上海市嘉定震川培训中心,嘉定,企业人力资源管理师[S300015],中级/四级
2.01E+14,上海科创职业培训有限公司,普陀,健康照护师（长期照护师）[S500077],初级/五级
2.01E+14,上海科创职业培训有限公司,普陀,健康照护师（长期照护师）[S500077],中级/四级
2.01E+14,上海科创职业培训有限公司,普陀,健康照护师（长期照护师）[S500077],高级/三级
2.01E+14,上海科创职业培训有限公司,普陀,养老护理员[300010],初级/五级
2.01E+14,上海科创职业培训有限公司,普陀,养老护理员[S300038],高级/三级
2.01E+14,上海科创职业培训有限公司,普陀,养老护理员[S300038],中级/四级
2.01E+14,上海科创职业培训有限公司,普陀,养老护理员[S300038],初级/五级
2.01E+14,上海科创职业培训有限公司,普陀,养老护理员[S300060],初级/五级
2.01E+14,上海科创职业培训有限公司,普陀,养老护理员[S300060],中级/四级
2.01E+14,上海科创职业培训有限公司,普陀,养老护理员[S300060],高级/三级
2.01E+14,上海科创职业培训有限公司,普陀,家政服务员（家庭照护员）[S300031],高级/三级
2.01E+14,上海科创职业培训有限公司,普陀,家政服务员（家庭照护员）[S300039],高级/三级
2.01E+14,上海茸欣职业技术培训中心,松江,企业人力资源管理师[S300015],中级/四级
2.01E+14,上海茸欣职业技术培训中心,松江,企业人力资源管理师[S300015],高级/三级
2.01E+14,上海茸欣职业技术培训中心,松江,电工[S100004],中级/四级
2.01E+14,上海茸欣职业技术培训中心,松江,电工[S100004],初级/五级
2.01E+14,上海市电梯培训中心,虹口,电梯安装维修工[S300006],初级/五级
2.01E+14,上海市电梯培训中心,虹口,电梯安装维修工[S300006],中级/四级
2.01E+14,上海市电梯培训中心,虹口,电梯安装维修工[S300006],高级/三级
2.01E+14,上海新鼎邦艺术职业培训学校,闵行,插花花艺师[S600024],高级/三级
2.01E+14,上海新鼎邦艺术职业培训学校,闵行,插花花艺师[S600024],中级/四级
2.01E+14,上海新鼎邦艺术职业培训学校,闵行,插花花艺师[S600024],初级/五级
2.01E+14,上海新鼎邦艺术职业培训学校,闵行,茶艺师[S300009],初级/五级
2.01E+14,上海新鼎邦艺术职业培训学校,闵行,茶艺师[S300009],中级/四级
2.01E+14,上海新鼎邦艺术职业培训学校,闵行,茶艺师[S300009],高级/三级
2.01E+14,上海新鼎邦艺术职业培训学校,闵行,茶艺师[S300062],初级/五级
2.01E+14,上海新鼎邦艺术职业培训学校,闵行,茶艺师[S300062],中级/四级
2.01E+14,上海新鼎邦艺术职业培训学校,闵行,茶艺师[S300062],高级/三级
2.01E+14,上海新鼎邦艺术职业培训学校,闵行,评茶师[S300009],初级/五级
2.01E+14,上海新鼎邦艺术职业培训学校,闵行,评茶师[S300009],中级/四级
2.01E+14,上海新鼎邦艺术职业培训学校,闵行,评茶师[S300009],高级/三级
2.01E+14,上海新鼎邦艺术职业培训学校,闵行,评茶师[S300062],初级/五级
2.01E+14,上海新鼎邦艺术职业培训学校,闵行,评茶师[S300062],中级/四级
2.01E+14,上海新鼎邦艺术职业培训学校,闵行,评茶师[S300062],高级/三级
2.01E+14,上海松江联阳职业技能培训学校,松江,保育师[S300011],初级/五级
2.01E+14,上海松江联阳职业技能培训学校,松江,养老护理员[S300038],高级/三级
2.01E+14,上海松江联阳职业技能培训学校,松江,养老护理员[S300038],中级/四级
2.01E+14,上海松江联阳职业技能培训学校,松江,养老护理员[S300038],初级/五级
2.01E+14,上海松江联阳职业技能培训学校,松江,婴幼儿发展引导员（育婴员）[S300011],初级/五级
2.02E+14,上海君汇教育培训有限公司,松江,企业人力资源管理师[S300015],中级/四级
2.02E+14,上海青浦区智源进修学校,青浦,中式面点师[S300013],初级/五级
2.02E+14,上海青浦区智源进修学校,青浦,企业人力资源管理师[S300015],高级/三级
2.02E+14,上海青浦区智源进修学校,青浦,企业人力资源管理师[S300015],技师/二级
2.02E+14,上海青浦区智源进修学校,青浦,养老护理员[S300038],中级/四级
2.02E+14,上海青浦区智源进修学校,青浦,养老护理员[S300038],初级/五级
2.02E+14,上海青浦区智源进修学校,青浦,养老护理员[S300060],初级/五级
2.02E+14,上海青浦区智源进修学校,青浦,养老护理员[S300060],中级/四级
2.02E+14,上海青浦区智源进修学校,青浦,劳动关系协调师[S300016],中级/四级
2.02E+14,上海青浦区智源进修学校,青浦,劳动关系协调师[S300016],高级/三级
2.02E+14,上海青浦区智源进修学校,青浦,劳动关系协调师[S300016],技师/二级
2.02E+14,上海青浦区智源进修学校,青浦,职业培训师[S300015],高级/三级
2.02E+14,上海青浦区新思维职业培训中心,青浦,全媒体运营师（创意策划）[S400071],中级/四级
2.02E+14,上海青浦区新思维职业培训中心,青浦,全媒体运营师（创意策划）[S400071],高级/三级
2.02E+14,上海青浦区新思维职业培训中心,青浦,广告设计师[S300049],高级/三级
2.02E+14,上海青浦区新思维职业培训中心,青浦,广告设计师[S600089],高级/三级
2.02E+14,上海青浦区新思维职业培训中心,青浦,汽车维修工（汽车机械维修工）[S200005],初级/五级
2.02E+14,上海青浦区新思维职业培训中心,青浦,汽车维修工（汽车机械维修工）[S200005],中级/四级
2.02E+14,上海青浦区新思维职业培训中心,青浦,汽车维修工（汽车机械维修工）[S200005],高级/三级
2.02E+14,上海青浦区新思维职业培训中心,青浦,汽车维修工（汽车机械维修工）[S200005],技师/二级
2.02E+14,上海青浦区新思维职业培训中心,青浦,汽车维修工（汽车机械维修工）[S200005],高级技师/一级
2.02E+14,上海青浦区新思维职业培训中心,青浦,汽车维修工（汽车美容装潢工）[S200005],初级/五级
2.02E+14,上海青浦区新思维职业培训中心,青浦,汽车维修工（汽车美容装潢工）[S200005],中级/四级
2.02E+14,上海青浦区新思维职业培训中心,青浦,汽车维修工（汽车车身整形修复工）[S200005],初级/五级
2.02E+14,上海青浦区新思维职业培训中心,青浦,汽车维修工（汽车车身整形修复工）[S200005],中级/四级
2.02E+14,上海青浦区新思维职业培训中心,青浦,汽车维修工（汽车车身整形修复工）[S200005],高级/三级
2.02E+14,上海青浦区新思维职业培训中心,青浦,汽车维修工（汽车车身整形修复工）[S200005],技师/二级
2.02E+14,上海吉益盟教育培训有限公司,浦东,插花花艺师[S600024],中级/四级
2.02E+14,上海吉益盟教育培训有限公司,浦东,插花花艺师[S600024],初级/五级
2.02E+14,上海吉益盟教育培训有限公司,浦东,茶艺师[S300009],初级/五级
2.02E+14,上海吉益盟教育培训有限公司,浦东,茶艺师[S300009],中级/四级
2.02E+14,上海吉益盟教育培训有限公司,浦东,茶艺师[S300009],高级/三级
2.02E+14,上海吉益盟教育培训有限公司,浦东,评茶师[S300009],初级/五级
2.02E+14,上海吉益盟教育培训有限公司,浦东,评茶师[S300009],中级/四级
2.02E+14,上海吉益盟教育培训有限公司,浦东,评茶师[S300009],高级/三级
2.02E+14,上海安欣职业技能培训中心,嘉定,养老护理员[S300038],高级/三级
2.02E+14,上海安欣职业技能培训中心,嘉定,养老护理员[S300038],中级/四级
2.02E+14,上海安欣职业技能培训中心,嘉定,养老护理员[S300038],初级/五级
2.02E+14,上海安欣职业技能培训中心,嘉定,茶艺师[S300009],初级/五级
2.02E+14,上海安欣职业技能培训中心,嘉定,茶艺师[S300009],中级/四级
2.02E+14,上海炜峰职业技能培训学校,奉贤,供应链管理师[S300031],高级/三级
2.02E+14,上海炜峰职业技能培训学校,奉贤,养老护理员[S300038],中级/四级
2.02E+14,上海炜峰职业技能培训学校,奉贤,养老护理员[S300038],初级/五级
2.02E+14,上海炜峰职业技能培训学校,奉贤,广告设计师[S300049],高级/三级
2.02E+14,上海闵行区浦江电商职业培训学校,闵行,互联网营销师（直播销售员）[S500023],初级/五级
2.02E+14,上海闵行区浦江电商职业培训学校,闵行,互联网营销师（直播销售员）[S500023],中级/四级
2.02E+14,上海闵行区浦江电商职业培训学校,闵行,人工智能训练师[S400054],中级/四级
2.02E+14,上海闵行区浦江电商职业培训学校,闵行,人工智能训练师[S400054],高级/三级
2.02E+14,上海闵行区浦江电商职业培训学校,闵行,人工智能训练师[S500053],高级/三级
2.02E+14,上海闵行区浦江电商职业培训学校,闵行,人工智能训练师[S500053],中级/四级
2.02E+14,上海闵行区浦江电商职业培训学校,闵行,电子商务师（网商）[S300030],中级/四级
2.02E+14,上海贤达职业技能培训学校,奉贤,互联网营销师（直播销售员）[S500023],初级/五级
2.02E+14,上海贤达职业技能培训学校,奉贤,互联网营销师（直播销售员）[S500023],中级/四级
2.02E+14,上海贤达职业技能培训学校,奉贤,互联网营销师（直播销售员）[S500023],高级/三级
2.02E+14,上海贤达职业技能培训学校,奉贤,人工智能训练师[S400054],高级/三级
2.02E+14,上海贤达职业技能培训学校,奉贤,供应链管理师[S300031],高级/三级
2.02E+14,上海贤达职业技能培训学校,奉贤,全媒体运营师（流量运营）[S300070],高级/三级
2.02E+14,上海贤达职业技能培训学校,奉贤,全媒体运营师（直播运营）[S300070],高级/三级
2.02E+14,上海贤达职业技能培训学校,奉贤,全媒体运营师（视听运营）[S300070],高级/三级
2.02E+14,上海贤达职业技能培训学校,奉贤,包装设计师[S500046],高级/三级
2.02E+14,上海贤达职业技能培训学校,奉贤,包装设计师[S500046],中级/四级
2.02E+14,上海贤达职业技能培训学校,奉贤,园林绿化工[S300034],初级/五级
2.02E+14,上海贤达职业技能培训学校,奉贤,园林绿化工[S300034],中级/四级
2.02E+14,上海贤达职业技能培训学校,奉贤,无人机驾驶员[S400075],初级/五级
2.02E+14,上海贤达职业技能培训学校,奉贤,无人机驾驶员（航拍无人机驾驶员）[S400075],中级/四级
2.02E+14,上海贤达职业技能培训学校,奉贤,无人机驾驶员（航拍无人机驾驶员）[S400075],高级/三级
2.02E+14,上海贤达职业技能培训学校,奉贤,机修钳工[S600003],初级/五级
2.02E+14,上海贤达职业技能培训学校,奉贤,机修钳工[S600003],中级/四级
2.02E+14,上海贤达职业技能培训学校,奉贤,汽车维修工（汽车机械维修工）[S200005],初级/五级
2.02E+14,上海贤达职业技能培训学校,奉贤,汽车维修工（汽车机械维修工）[S200005],中级/四级
2.02E+14,上海贤达职业技能培训学校,奉贤,电子商务师（网商）[S300030],中级/四级
2.02E+14,上海贤达职业技能培训学校,奉贤,电子商务师（网商）[S300030],高级/三级
2.02E+14,上海贤达职业技能培训学校,奉贤,网络与信息安全管理员（互联网信息审核员）[S100017],中级/四级
2.02E+14,上海贤达职业技能培训学校,奉贤,网络与信息安全管理员（互联网信息审核员）[S100017],高级/三级
2.02E+14,上海贤达职业技能培训学校,奉贤,网络与信息安全管理员（信息安全管理员）[S100017],中级/四级
2.02E+14,上海贤达职业技能培训学校,奉贤,网络与信息安全管理员（信息安全管理员）[S300073],高级/三级
2.02E+14,上海贤达职业技能培训学校,奉贤,网络与信息安全管理员（网络安全管理员）[S100017],中级/四级
2.02E+14,上海松江区孜汇职业技能培训中心,松江,家政服务员（家务服务员）[S300039],初级/五级
2.02E+14,上海松江区孜汇职业技能培训中心,松江,物业管理师[S300037],中级/四级
2.02E+14,上海松江区孜汇职业技能培训中心,松江,物业管理师[S300037],高级/三级
2.02E+14,上海普陀区华大职业培训学校,普陀,企业人力资源管理师[S300015],中级/四级
2.02E+14,上海普陀区华大职业培训学校,普陀,企业人力资源管理师[S300015],高级/三级
2.02E+14,上海富华职业技能培训学校,虹口,保卫管理员[S300044],高级/三级
2.02E+14,上海金山区涵宇职业培训学校,金山,养老护理员[S300038],高级/三级
2.02E+14,上海金山区涵宇职业培训学校,金山,养老护理员[S300038],中级/四级
2.02E+14,上海金山区涵宇职业培训学校,金山,养老护理员[S300038],初级/五级
2.02E+14,上海金山区涵宇职业培训学校,金山,美容师[S300008],初级/五级
2.02E+14,上海金山区涵宇职业培训学校,金山,美容师[S300008],中级/四级
2.02E+14,上海金山区赞企职业技术培训中心,金山,工程测量员[100064],初级/五级
2.02E+14,上海金山区赞企职业技术培训中心,金山,工程测量员[100066],中级/四级
2.02E+14,上海金山区赞企职业技术培训中心,金山,无人机驾驶员[S400075],初级/五级
2.02E+14,上海金山区赞企职业技术培训中心,金山,无人机驾驶员（航拍无人机驾驶员）[S400075],中级/四级
2.02E+14,上海金山区赞企职业技术培训中心,金山,无人机驾驶员（航拍无人机驾驶员）[S400075],高级/三级
2.02E+14,上海闵行区圣博职业技能培训中心,闵行,养老护理员[S300038],高级/三级
2.02E+14,上海闵行区圣博职业技能培训中心,闵行,养老护理员[S300038],中级/四级
2.02E+14,上海闵行区圣博职业技能培训中心,闵行,养老护理员[S300038],初级/五级
2.02E+14,上海闵行区圣博职业技能培训中心,闵行,养老护理员[S300060],初级/五级
2.02E+14,上海闵行区圣博职业技能培训中心,闵行,养老护理员[S300060],中级/四级
2.02E+14,上海闵行区圣博职业技能培训中心,闵行,养老护理员[S300060],高级/三级
2.02E+14,上海闵行区圣博职业技能培训中心,闵行,家政服务员（家庭照护员）[S300031],高级/三级
2.02E+14,上海闵行区圣博职业技能培训中心,闵行,家政服务员（家庭照护员）[S300039],高级/三级
2.02E+14,上海闵行区圣博职业技能培训中心,闵行,家政服务员（母婴护理员）[S300039],初级/五级
2.02E+14,上海闵行区爱登堡职业技能培训学校,闵行,电梯安装维修工[S300006],初级/五级
2.02E+14,上海闵行区爱登堡职业技能培训学校,闵行,电梯安装维修工[S300006],中级/四级
2.02E+14,上海闵行区爱登堡职业技能培训学校,闵行,电梯安装维修工[S300006],高级/三级
2.02E+14,上海闵行区爱登堡职业技能培训学校,闵行,电梯安装维修工[S300006],技师/二级
2.02E+14,上海普陀区融沃职业技能培训中心,普陀,人工智能训练师[S400054],中级/四级
2.02E+14,上海普陀区融沃职业技能培训中心,普陀,人工智能训练师[S400054],高级/三级
2.02E+14,上海普陀区融沃职业技能培训中心,普陀,人工智能训练师[S500053],高级/三级
2.02E+14,上海普陀区融沃职业技能培训中心,普陀,人工智能训练师[S500053],中级/四级
2.02E+14,上海普陀区融沃职业技能培训中心,普陀,全媒体运营师（视听运营）[S300070],中级/四级
2.02E+14,上海普陀区融沃职业技能培训中心,普陀,全媒体运营师（视听运营）[S300070],高级/三级
2.02E+14,上海普陀区融沃职业技能培训中心,普陀,劳动关系协调师[S300016],高级/三级
2.02E+14,上海普陀区融沃职业技能培训中心,普陀,包装设计师[S500046],高级/三级
2.02E+14,上海普陀区融沃职业技能培训中心,普陀,包装设计师[S500046],中级/四级
2.02E+14,上海普陀区融沃职业技能培训中心,普陀,家政服务员（家务服务员）[S300039],初级/五级
2.02E+14,上海普陀区融沃职业技能培训中心,普陀,电子商务师（网商）[S300030],中级/四级
2.02E+14,上海普陀区融沃职业技能培训中心,普陀,电子商务师（网商）[S300030],高级/三级
2.02E+14,上海普陀区融沃职业技能培训中心,普陀,电子商务师（网商）[S300031],中级/四级
2.02E+14,上海普陀区融沃职业技能培训中心,普陀,电子商务师（网商）[S300031],高级/三级
2.02E+14,上海闵行区安泰保安培训学校,闵行,保卫管理员[S300044],高级/三级
2.02E+14,上海闵行区安泰保安培训学校,闵行,保卫管理员[S300044],技师/二级
2.02E+14,上海闵行区安泰保安培训学校,闵行,保卫管理员[S300044],高级技师/一级
2.02E+14,上海长江职业技能培训学校,长宁,保卫管理员[S300044],高级/三级
2.02E+14,上海甜爱职业技能培训中心,静安,养老护理员[S300038],中级/四级
2.02E+14,上海甜爱职业技能培训中心,静安,养老护理员[S300038],初级/五级
2.02E+14,上海甜爱职业技能培训中心,静安,家政服务员（家务服务员）[S300039],初级/五级
2.02E+14,上海甜爱职业技能培训中心,静安,家政服务员（母婴护理员）[S300039],初级/五级
2.02E+14,上海众拓教育培训有限公司,松江,中式面点师[S300013],初级/五级
2.02E+14,上海众拓教育培训有限公司,松江,中式面点师[S300013],中级/四级
2.02E+14,上海众拓教育培训有限公司,松江,互联网营销师（直播销售员）[S500023],初级/五级
2.02E+14,上海众拓教育培训有限公司,松江,互联网营销师（直播销售员）[S500023],中级/四级
2.02E+14,上海众拓教育培训有限公司,松江,互联网营销师（直播销售员）[S500023],高级/三级
2.02E+14,上海众拓教育培训有限公司,松江,人工智能训练师[400040],高级/三级
2.02E+14,上海众拓教育培训有限公司,松江,人工智能训练师[S300040],初级/五级
2.02E+14,上海众拓教育培训有限公司,松江,人工智能训练师[S300040],中级/四级
2.02E+14,上海众拓教育培训有限公司,松江,人工智能训练师[S400054],中级/四级
2.02E+14,上海众拓教育培训有限公司,松江,人工智能训练师[S400054],高级/三级
2.02E+14,上海众拓教育培训有限公司,松江,人工智能训练师[S500053],高级/三级
2.02E+14,上海众拓教育培训有限公司,松江,人工智能训练师[S500053],中级/四级
2.02E+14,上海众拓教育培训有限公司,松江,保卫管理员[S300044],高级/三级
2.02E+14,上海众拓教育培训有限公司,松江,全媒体运营师（数据分析）[S400071],高级/三级
2.02E+14,上海众拓教育培训有限公司,松江,全媒体运营师（流量运营）[S300070],中级/四级
2.02E+14,上海众拓教育培训有限公司,松江,全媒体运营师（流量运营）[S300070],高级/三级
2.02E+14,上海众拓教育培训有限公司,松江,全媒体运营师（流量运营）[S400071],高级/三级
2.02E+14,上海众拓教育培训有限公司,松江,全媒体运营师（流量运营）[S400071],中级/四级
2.02E+14,上海众拓教育培训有限公司,松江,全媒体运营师（直播运营）[S300070],中级/四级
2.02E+14,上海众拓教育培训有限公司,松江,全媒体运营师（直播运营）[S300070],高级/三级
2.02E+14,上海众拓教育培训有限公司,松江,全媒体运营师（直播运营）[S400071],中级/四级
2.02E+14,上海众拓教育培训有限公司,松江,全媒体运营师（直播运营）[S400071],高级/三级
2.02E+14,上海众拓教育培训有限公司,松江,全媒体运营师（视听运营）[S300070],中级/四级
2.02E+14,上海众拓教育培训有限公司,松江,全媒体运营师（视听运营）[S300070],高级/三级
2.02E+14,上海众拓教育培训有限公司,松江,全媒体运营师（视听运营）[S400071],高级/三级
2.02E+14,上海众拓教育培训有限公司,松江,全媒体运营师（视听运营）[S400071],中级/四级
2.02E+14,上海众拓教育培训有限公司,松江,形象设计师[S300008],高级/三级
2.02E+14,上海众拓教育培训有限公司,松江,形象设计师[S300008],技师/二级
2.02E+14,上海众拓教育培训有限公司,松江,网络与信息安全管理员（互联网信息审核员）[S100017],中级/四级
2.02E+14,上海众拓教育培训有限公司,松江,网络与信息安全管理员（互联网信息审核员）[S100017],高级/三级
2.02E+14,上海众拓教育培训有限公司,松江,计算机软件测试员[S300032],技师/二级
2.02E+14,上海众拓教育培训有限公司,松江,计算机软件测试员[S300032],高级/三级
2.02E+14,上海德才教育培训中心,杨浦,保卫管理员[S300044],高级/三级
2.02E+14,上海宜创职业技能培训有限公司,静安,保育师[S300011],初级/五级
2.02E+14,上海宜创职业技能培训有限公司,静安,保育师[S300011],中级/四级
2.02E+14,上海宜创职业技能培训有限公司,静安,养老护理员[S300038],初级/五级
2.02E+14,上海宜创职业技能培训有限公司,静安,婴幼儿发展引导员（育婴员）[S300011],初级/五级
2.02E+14,上海宜创职业技能培训有限公司,静安,婴幼儿发展引导员（育婴员）[S300011],中级/四级
2.02E+14,上海新迎园职业技能培训中心,嘉定,中式面点师[S300013],初级/五级
2.02E+14,上海新迎园职业技能培训中心,嘉定,中式面点师[S300013],中级/四级
2.02E+14,上海新迎园职业技能培训中心,嘉定,中式面点师[S300013],高级/三级
2.02E+14,上海新迎园职业技能培训中心,嘉定,西式面点师[S300013],初级/五级
2.02E+14,上海新迎园职业技能培训中心,嘉定,西式面点师[S300013],中级/四级
2.02E+14,上海浦东蓝天消防安全培训中心,浦东,人工智能数据标注[S200057],专项职业能力
2.02E+14,上海浦东蓝天消防安全培训中心,浦东,人工智能模型运用[S200057],专项职业能力
2.02E+14,上海浦东蓝天消防安全培训中心,浦东,人工智能训练师[S300040],初级/五级
2.02E+14,上海浦东蓝天消防安全培训中心,浦东,人工智能训练师[S400054],中级/四级
2.02E+14,上海浦东蓝天消防安全培训中心,浦东,人工智能训练师[S400054],高级/三级
2.02E+14,上海浦东蓝天消防安全培训中心,浦东,企业人力资源管理师[S300015],中级/四级
2.02E+14,上海浦东蓝天消防安全培训中心,浦东,企业人力资源管理师[S300015],高级/三级
2.02E+14,上海浦东蓝天消防安全培训中心,浦东,全媒体运营师（直播运营）[S300070],高级/三级
2.02E+14,上海浦东蓝天消防安全培训中心,浦东,全媒体运营师（直播运营）[S400071],高级/三级
2.02E+14,上海浦东蓝天消防安全培训中心,浦东,劳动关系协调师[S300016],高级/三级
2.02E+14,上海浦东蓝天消防安全培训中心,浦东,职业培训师[S300015],高级/三级
2.02E+14,上海浦东蓝天消防安全培训中心,浦东,计算机程序设计员[S400021],高级/三级
2.02E+14,上海新曼烹饪培训有限公司,金山,中式烹调师[S300013],初级/五级
2.02E+14,上海新曼烹饪培训有限公司,金山,中式烹调师[S300013],中级/四级
2.02E+14,上海新曼烹饪培训有限公司,金山,西式烹调师[S600012],初级/五级
2.02E+14,上海新曼烹饪培训有限公司,金山,西式烹调师[S600012],中级/四级
2.02E+14,上海新曼烹饪培训有限公司,金山,西式面点师[S300013],初级/五级
2.02E+14,上海新曼烹饪培训有限公司,金山,西式面点师[S300013],中级/四级
2.02E+14,上海创就教育培训有限公司,虹口,企业人力资源管理师[S300015],中级/四级
2.02E+14,上海创就教育培训有限公司,虹口,劳动关系协调师[S300016],高级/三级
2.02E+14,上海吴淞口国际邮轮培训有限公司,宝山,养老护理员[S300038],初级/五级
2.02E+14,上海吴淞口国际邮轮培训有限公司,宝山,养老护理员[S300060],初级/五级
2.02E+14,上海吴淞口国际邮轮培训有限公司,宝山,电子商务师（网商）[S300030],中级/四级
2.02E+14,上海吴淞口国际邮轮培训有限公司,宝山,电子商务师（网商）[S300030],高级/三级
2.02E+14,上海吴淞口国际邮轮培训有限公司,宝山,计算机维修工[S300033],中级/四级
2.02E+14,上海吴淞口国际邮轮培训有限公司,宝山,计算机维修工[S300033],初级/五级
2.02E+14,上海吴淞口国际邮轮培训有限公司,宝山,计算机维修工[S300033],高级/三级
2.02E+14,上海君客职业技能培训学校,静安,咖啡师[S400042],高级/三级
2.02E+14,上海君客职业技能培训学校,静安,咖啡师[S400042],中级/四级
2.02E+14,上海君客职业技能培训学校,静安,咖啡师[S400042],初级/五级
2.02E+14,上海君客职业技能培训学校,静安,调酒师[S300013],初级/五级
2.02E+14,上海闵行区佳明技能培训学校,闵行,养老护理员[S300038],高级/三级
2.02E+14,上海闵行区佳明技能培训学校,闵行,养老护理员[S300038],中级/四级
2.02E+14,上海闵行区佳明技能培训学校,闵行,养老护理员[S300038],初级/五级
2.02E+14,上海闵行区佳明技能培训学校,闵行,家政服务员（母婴护理员）[S300039],初级/五级
2.02E+14,上海致晶职业技能培训有限公司,浦东,养老护理员[S300038],高级/三级
2.02E+14,上海致晶职业技能培训有限公司,浦东,养老护理员[S300038],中级/四级
2.02E+14,上海致晶职业技能培训有限公司,浦东,养老护理员[S300038],初级/五级
2.02E+14,上海青浦区怡学职业培训学校,青浦,咖啡师[S400042],高级/三级
2.02E+14,上海青浦区怡学职业培训学校,青浦,咖啡师[S400042],中级/四级
2.02E+14,上海青浦区怡学职业培训学校,青浦,咖啡师[S400042],初级/五级
2.02E+14,上海闵行区嘉东职业技能培训学校,闵行,保育师[S300011],初级/五级
2.02E+14,上海闵行区嘉东职业技能培训学校,闵行,保育师[S300011],中级/四级
2.02E+14,上海闵行区嘉东职业技能培训学校,闵行,保育师[S300011],高级/三级
2.02E+14,上海闵行区嘉东职业技能培训学校,闵行,养老护理员[S300038],高级/三级
2.02E+14,上海闵行区嘉东职业技能培训学校,闵行,养老护理员[S300038],中级/四级
2.02E+14,上海闵行区嘉东职业技能培训学校,闵行,养老护理员[S300038],初级/五级
2.02E+14,上海闵行区嘉东职业技能培训学校,闵行,婴幼儿发展引导员（育婴员）[S300011],初级/五级
2.02E+14,上海闵行区嘉东职业技能培训学校,闵行,婴幼儿发展引导员（育婴员）[S300011],中级/四级
2.02E+14,上海闵行区嘉东职业技能培训学校,闵行,婴幼儿发展引导员（育婴员）[S300011],高级/三级
2.02E+14,上海闵行区嘉东职业技能培训学校,闵行,家政服务员（家务服务员）[S300039],高级/三级
2.02E+14,上海闵行区嘉东职业技能培训学校,闵行,家政服务员（家庭照护员）[S300039],高级/三级
2.02E+14,上海闵行区嘉东职业技能培训学校,闵行,家政服务员（家庭照护员）[S300039],中级/四级
2.02E+14,上海闵行区嘉东职业技能培训学校,闵行,家政服务员（母婴护理员）[S300039],初级/五级
2.02E+14,上海闵行区嘉东职业技能培训学校,闵行,家政服务员（母婴护理员）[S300039],中级/四级
2.02E+14,上海闵行区嘉东职业技能培训学校,闵行,家政服务员（母婴护理员）[S300039],高级/三级
2.02E+14,上海浦东智慧消防安全职业技能培训中心,浦东,保卫管理员[S300044],高级/三级
2.02E+14,上海蜚腾职业技能培训有限公司,浦东,供应链管理师[S200020],高级/三级
2.02E+14,上海蜚腾职业技能培训有限公司,浦东,供应链管理师[S300031],高级/三级
2.02E+14,上海德梁安全培训中心,闵行,保卫管理员[S300044],高级/三级
2.02E+14,上海德梁安全培训中心,闵行,保卫管理员[S300044],技师/二级
2.02E+14,上海德梁安全培训中心,闵行,保卫管理员[S300044],高级技师/一级
2.02E+14,上海宝宏职业培训学校,宝山,网络与信息安全管理员（互联网信息审核员）[S100017],中级/四级
2.02E+14,上海宝宏职业培训学校,宝山,网络与信息安全管理员（互联网信息审核员）[S100017],高级/三级
2.02E+14,上海宝宏职业培训学校,宝山,网络与信息安全管理员（信息安全管理员）[S100017],中级/四级
2.02E+14,上海宝宏职业培训学校,宝山,网络与信息安全管理员（信息安全管理员）[S100017],高级/三级
2.02E+14,上海宝宏职业培训学校,宝山,网络与信息安全管理员（网络安全管理员）[S100017],中级/四级
2.02E+14,上海宝宏职业培训学校,宝山,网络与信息安全管理员（网络安全管理员）[S100017],高级/三级
2.02E+14,上海宝宏职业培训学校,宝山,美容师[S300008],初级/五级
2.02E+14,上海宝宏职业培训学校,宝山,美容师[S300008],中级/四级
2.02E+14,上海松江区慧修职业技能培训中心,松江,养老护理员[S300038],高级/三级
2.02E+14,上海松江区慧修职业技能培训中心,松江,养老护理员[S300038],中级/四级
2.02E+14,上海松江区慧修职业技能培训中心,松江,养老护理员[S300038],初级/五级
2.02E+14,上海松江区慧修职业技能培训中心,松江,婴幼儿发展引导员（育婴员）[S300011],初级/五级
2.02E+14,上海松江区慧修职业技能培训中心,松江,家政服务员（家庭照护员）[S300039],高级/三级
2.02E+14,上海松江区慧修职业技能培训中心,松江,家政服务员（家庭照护员）[S300039],中级/四级
2.02E+14,上海松江区慧修职业技能培训中心,松江,家政服务员（家庭照护员）[S300039],初级/五级
2.02E+14,上海理想职业技能培训学校,虹口,人工智能训练师[S400054],高级/三级
2.02E+14,上海理想职业技能培训学校,虹口,呼叫中心服务员[S300031],初级/五级
2.02E+14,上海理想职业技能培训学校,虹口,呼叫中心服务员[S300061],高级/三级
2.02E+14,上海理想职业技能培训学校,虹口,插花花艺师[S600024],初级/五级
2.02E+14,上海静安区中焙职业培训学校,静安,中式面点师[S300013],初级/五级
2.02E+14,上海静安区中焙职业培训学校,静安,中式面点师[S300013],中级/四级
2.02E+14,上海静安区中焙职业培训学校,静安,中式面点师[S300013],高级/三级
2.02E+14,上海静安区中焙职业培训学校,静安,西式面点师[S300013],初级/五级
2.02E+14,上海静安区中焙职业培训学校,静安,西式面点师[S300013],中级/四级
2.02E+14,上海静安区中焙职业培训学校,静安,西式面点师[S300013],高级/三级
2.02E+14,上海静安区中焙职业培训学校,静安,西式面点师[S300013],技师/二级
2.02E+14,上海德弘养老护理技术培训学校,奉贤,养老护理员[S300038],中级/四级
2.02E+14,上海德弘养老护理技术培训学校,奉贤,养老护理员[S300038],初级/五级
2.02E+14,上海市公共安全技能培训学校,杨浦,互联网营销师（直播销售员）[S500023],初级/五级
2.02E+14,上海市公共安全技能培训学校,杨浦,互联网营销师（直播销售员）[S500023],中级/四级
2.02E+14,上海市公共安全技能培训学校,杨浦,互联网营销师（直播销售员）[S500023],高级/三级
2.02E+14,上海市公共安全技能培训学校,杨浦,人工智能训练师[S300040],初级/五级
2.02E+14,上海市公共安全技能培训学校,杨浦,人工智能训练师[S300040],中级/四级
2.02E+14,上海市公共安全技能培训学校,杨浦,人工智能训练师[S300040],高级/三级
2.02E+14,上海市公共安全技能培训学校,杨浦,人工智能训练师[S400054],中级/四级
2.02E+14,上海市公共安全技能培训学校,杨浦,人工智能训练师[S400054],高级/三级
2.02E+14,上海市公共安全技能培训学校,杨浦,人工智能训练师[S500053],高级/三级
2.02E+14,上海市公共安全技能培训学校,杨浦,人工智能训练师[S500053],中级/四级
2.02E+14,上海市公共安全技能培训学校,杨浦,供应链管理师[S200020],技师/二级
2.02E+14,上海市公共安全技能培训学校,杨浦,供应链管理师[S200020],高级/三级
2.02E+14,上海市公共安全技能培训学校,杨浦,保育师[S300011],初级/五级
2.02E+14,上海市公共安全技能培训学校,杨浦,保育师[S300011],中级/四级
2.02E+14,上海市公共安全技能培训学校,杨浦,保育师[S300011],高级/三级
2.02E+14,上海市公共安全技能培训学校,杨浦,养老护理员[S300038],高级/三级
2.02E+14,上海市公共安全技能培训学校,杨浦,养老护理员[S300038],中级/四级
2.02E+14,上海市公共安全技能培训学校,杨浦,养老护理员[S300038],初级/五级
2.02E+14,上海市公共安全技能培训学校,杨浦,商品营业员[S200019],初级/五级
2.02E+14,上海市公共安全技能培训学校,杨浦,商品营业员[S200019],中级/四级
2.02E+14,上海市公共安全技能培训学校,杨浦,婴幼儿发展引导员[S300011],中级/四级
2.02E+14,上海市公共安全技能培训学校,杨浦,婴幼儿发展引导员[S300011],高级/三级
2.02E+14,上海市公共安全技能培训学校,杨浦,婴幼儿发展引导员（育婴员）[S300011],初级/五级
2.02E+14,上海市公共安全技能培训学校,杨浦,婴幼儿发展引导员（育婴员）[S300011],中级/四级
2.02E+14,上海市公共安全技能培训学校,杨浦,婴幼儿发展引导员（育婴员）[S300011],高级/三级
2.02E+14,上海市公共安全技能培训学校,杨浦,家政服务员（家务服务员）[300019],初级/五级
2.02E+14,上海市公共安全技能培训学校,杨浦,家政服务员（家务服务员）[S300031],高级/三级
2.02E+14,上海市公共安全技能培训学校,杨浦,家政服务员（家务服务员）[S300031],初级/五级
2.02E+14,上海市公共安全技能培训学校,杨浦,家政服务员（家务服务员）[S300031],中级/四级
2.02E+14,上海市公共安全技能培训学校,杨浦,家政服务员（家务服务员）[S300039],初级/五级
2.02E+14,上海市公共安全技能培训学校,杨浦,家政服务员（家务服务员）[S300039],中级/四级
2.02E+14,上海市公共安全技能培训学校,杨浦,家政服务员（家务服务员）[S300039],高级/三级
2.02E+14,上海市公共安全技能培训学校,杨浦,家政服务员（家庭照护员）[S300031],高级/三级
2.02E+14,上海市公共安全技能培训学校,杨浦,家政服务员（家庭照护员）[S300031],初级/五级
2.02E+14,上海市公共安全技能培训学校,杨浦,家政服务员（家庭照护员）[S300031],中级/四级
2.02E+14,上海市公共安全技能培训学校,杨浦,家政服务员（家庭照护员）[S300039],高级/三级
2.02E+14,上海市公共安全技能培训学校,杨浦,家政服务员（家庭照护员）[S300039],中级/四级
2.02E+14,上海市公共安全技能培训学校,杨浦,家政服务员（家庭照护员）[S300039],初级/五级
2.02E+14,上海市公共安全技能培训学校,杨浦,家政服务员（家庭照护员）[S500065],初级/五级
2.02E+14,上海市公共安全技能培训学校,杨浦,家政服务员（家庭照护员）[S500065],中级/四级
2.02E+14,上海市公共安全技能培训学校,杨浦,家政服务员（家庭照护员）[S500065],高级/三级
2.02E+14,上海市公共安全技能培训学校,杨浦,家政服务员（母婴护理员）[S300039],初级/五级
2.02E+14,上海市公共安全技能培训学校,杨浦,家政服务员（母婴护理员）[S300039],中级/四级
2.02E+14,上海市公共安全技能培训学校,杨浦,家政服务员（母婴护理员）[S300039],高级/三级
2.02E+14,上海市公共安全技能培训学校,杨浦,汽车维修工（汽车美容装潢工）[S200005],初级/五级
2.02E+14,上海市公共安全技能培训学校,杨浦,电子商务师（网商）[S300030],中级/四级
2.02E+14,上海市公共安全技能培训学校,杨浦,电子商务师（网商）[S300030],高级/三级
2.02E+14,上海市公共安全技能培训学校,杨浦,职业培训师[S300015],技师/二级
2.02E+14,上海市公共安全技能培训学校,杨浦,职业培训师[S300015],高级技师/一级
2.02E+14,上海市公共安全技能培训学校,杨浦,职业培训师[S300015],高级/三级
2.02E+14,上海市公共安全技能培训学校,杨浦,连锁经营管理师[S500023],中级/四级
2.02E+14,上海市公共安全技能培训学校,杨浦,连锁经营管理师[S500023],高级/三级
2.02E+14,上海市公共安全技能培训学校,杨浦,食品安全管理师[S300093],初级/五级
2.02E+14,上海市公共安全技能培训学校,杨浦,食品安全管理师[S300093],中级/四级
2.02E+14,上海市公共安全技能培训学校,杨浦,食品安全管理师[S300093],高级/三级
2.02E+14,上海浦东新区育源职业技能培训学校,浦东,企业人力资源管理师[S300015],中级/四级
2.02E+14,上海浦东新区育源职业技能培训学校,浦东,企业人力资源管理师[S300015],高级/三级
2.02E+14,上海浦东新区育源职业技能培训学校,浦东,保健按摩师[S300008],高级/三级
2.02E+14,上海浦东新区育源职业技能培训学校,浦东,保健按摩师[S300008],中级/四级
2.02E+14,上海浦东新区育源职业技能培训学校,浦东,保健按摩师[S300008],初级/五级
2.02E+14,上海浦东新区育源职业技能培训学校,浦东,保育师[S300011],初级/五级
2.02E+14,上海浦东新区育源职业技能培训学校,浦东,养老护理员[S300038],高级/三级
2.02E+14,上海浦东新区育源职业技能培训学校,浦东,养老护理员[S300038],中级/四级
2.02E+14,上海浦东新区育源职业技能培训学校,浦东,养老护理员[S300038],初级/五级
2.02E+14,上海浦东新区育源职业技能培训学校,浦东,劳动关系协调师[S300016],中级/四级
2.02E+14,上海浦东新区育源职业技能培训学校,浦东,劳动关系协调师[S300016],高级/三级
2.02E+14,上海浦东新区育源职业技能培训学校,浦东,呼叫中心服务员[S300031],高级/三级
2.02E+14,上海浦东新区育源职业技能培训学校,浦东,呼叫中心服务员[S300031],中级/四级
2.02E+14,上海浦东新区育源职业技能培训学校,浦东,呼叫中心服务员[S300031],初级/五级
2.02E+14,上海浦东新区育源职业技能培训学校,浦东,呼叫中心服务员[S300061],初级/五级
2.02E+14,上海浦东新区育源职业技能培训学校,浦东,呼叫中心服务员[S300061],中级/四级
2.02E+14,上海浦东新区育源职业技能培训学校,浦东,呼叫中心服务员[S300061],高级/三级
2.02E+14,上海浦东新区育源职业技能培训学校,浦东,婴幼儿发展引导员（育婴员）[S300011],初级/五级
2.02E+14,上海浦东新区育源职业技能培训学校,浦东,家政服务员（母婴护理员）[S300039],初级/五级
2.02E+14,上海浦东新区育源职业技能培训学校,浦东,形象设计师[S300008],高级/三级
2.02E+14,上海浦东新区育源职业技能培训学校,浦东,美容师[S300008],初级/五级
2.02E+14,上海浦东新区育源职业技能培训学校,浦东,美容师[S300008],中级/四级
2.02E+14,上海浦东新区育源职业技能培训学校,浦东,职业培训师[S300015],高级/三级
2.02E+14,上海浦东新区育源职业技能培训学校,浦东,西式面点师[S300013],初级/五级
2.02E+14,上海浦东新区育源职业技能培训学校,浦东,西式面点师[S300013],中级/四级
2.02E+14,上海浦东迪吉健康职业技能培训中心,浦东,养老护理员[S300038],中级/四级
2.02E+14,上海浦东迪吉健康职业技能培训中心,浦东,养老护理员[S300038],初级/五级
2.02E+14,上海浦东迪吉健康职业技能培训中心,浦东,养老护理员[S300060],中级/四级
2.02E+14,上海睿群职业培训学校,宝山,人工智能数据标注[S200057],专项职业能力
2.02E+14,上海睿群职业培训学校,宝山,人工智能模型运用[S200057],专项职业能力
2.02E+14,上海睿群职业培训学校,宝山,人工智能训练师[S400054],中级/四级
2.02E+14,上海睿群职业培训学校,宝山,人工智能训练师[S400054],高级/三级
2.02E+14,上海睿群职业培训学校,宝山,人工智能训练师[S500053],高级/三级
2.02E+14,上海睿群职业培训学校,宝山,供应链管理师[S300031],高级/三级
2.02E+14,上海睿群职业培训学校,宝山,保育师[S300011],初级/五级
2.02E+14,上海睿群职业培训学校,宝山,保育师[S300011],中级/四级
2.02E+14,上海睿群职业培训学校,宝山,保育师[S300011],高级/三级
2.02E+14,上海睿群职业培训学校,宝山,健康照护师（长期照护师）[S500077],初级/五级
2.02E+14,上海睿群职业培训学校,宝山,健康照护师（长期照护师）[S500077],中级/四级
2.02E+14,上海睿群职业培训学校,宝山,健康照护师（长期照护师）[S500077],高级/三级
2.02E+14,上海睿群职业培训学校,宝山,全媒体运营师（创意策划）[S400071],高级/三级
2.02E+14,上海睿群职业培训学校,宝山,全媒体运营师（流量运营）[S300070],高级/三级
2.02E+14,上海睿群职业培训学校,宝山,全媒体运营师（直播运营）[S300070],高级/三级
2.02E+14,上海睿群职业培训学校,宝山,全媒体运营师（视听运营）[S300070],高级/三级
2.02E+14,上海睿群职业培训学校,宝山,养老护理员[S300038],高级/三级
2.02E+14,上海睿群职业培训学校,宝山,养老护理员[S300038],中级/四级
2.02E+14,上海睿群职业培训学校,宝山,养老护理员[S300038],初级/五级
2.02E+14,上海睿群职业培训学校,宝山,养老护理员[S300060],初级/五级
2.02E+14,上海睿群职业培训学校,宝山,养老护理员[S300060],中级/四级
2.02E+14,上海睿群职业培训学校,宝山,养老护理员[S300060],高级/三级
2.02E+14,上海睿群职业培训学校,宝山,包装设计师[S500046],高级/三级
2.02E+14,上海睿群职业培训学校,宝山,包装设计师[S500046],中级/四级
2.02E+14,上海睿群职业培训学校,宝山,医疗护理员[S300094],初级/五级
2.02E+14,上海睿群职业培训学校,宝山,医疗护理员[S300094],中级/四级
2.02E+14,上海睿群职业培训学校,宝山,医疗护理员[S300094],高级/三级
2.02E+14,上海睿群职业培训学校,宝山,呼叫中心服务员[S300031],高级/三级
2.02E+14,上海睿群职业培训学校,宝山,婴幼儿发展引导员（育婴员）[S300011],初级/五级
2.02E+14,上海睿群职业培训学校,宝山,婴幼儿发展引导员（育婴员）[S300011],中级/四级
2.02E+14,上海睿群职业培训学校,宝山,婴幼儿发展引导员（育婴员）[S300011],高级/三级
2.02E+14,上海睿群职业培训学校,宝山,家政服务员（家务服务员）[S300031],高级/三级
2.02E+14,上海睿群职业培训学校,宝山,家政服务员（家务服务员）[S300039],高级/三级
2.02E+14,上海睿群职业培训学校,宝山,家政服务员（家庭照护员）[S300039],高级/三级
2.02E+14,上海睿群职业培训学校,宝山,电子竞技员[S500027],初级/五级
2.02E+14,上海睿群职业培训学校,宝山,电子竞技员[S500027],中级/四级
2.02E+14,上海睿群职业培训学校,宝山,电子竞技员[S500027],高级/三级
2.02E+14,上海睿群职业培训学校,宝山,电子竞技运营师[S300029],中级/四级
2.02E+14,上海睿群职业培训学校,宝山,电子竞技运营师[S300029],高级/三级
2.02E+14,上海睿群职业培训学校,宝山,网络与信息安全管理员（互联网信息审核员）[S100017],中级/四级
2.02E+14,上海睿群职业培训学校,宝山,网络与信息安全管理员（互联网信息审核员）[S100017],高级/三级
2.02E+14,上海睿群职业培训学校,宝山,网络与信息安全管理员（信息安全管理员）[S100017],中级/四级
2.02E+14,上海睿群职业培训学校,宝山,网络与信息安全管理员（信息安全管理员）[S100017],高级/三级
2.02E+14,上海睿群职业培训学校,宝山,网络与信息安全管理员（网络安全管理员）[S100017],中级/四级
2.02E+14,上海睿群职业培训学校,宝山,网络与信息安全管理员（网络安全管理员）[S100017],高级/三级
2.02E+14,上海睿群职业培训学校,宝山,计算机软件测试员[S300032],高级/三级
2.02E+14,上海臻致培训学校有限公司,普陀,中式面点师[S300013],初级/五级
2.02E+14,上海臻致培训学校有限公司,普陀,中式面点师[S300013],中级/四级
2.02E+14,上海臻致培训学校有限公司,普陀,中式面点师[S300013],高级/三级
2.02E+14,上海臻致培训学校有限公司,普陀,咖啡师[S400042],高级/三级
2.02E+14,上海臻致培训学校有限公司,普陀,咖啡师[S400042],中级/四级
2.02E+14,上海臻致培训学校有限公司,普陀,咖啡师[S400042],初级/五级
2.02E+14,上海臻致培训学校有限公司,普陀,西式面点师[S300013],初级/五级
2.02E+14,上海臻致培训学校有限公司,普陀,西式面点师[S300013],中级/四级
2.02E+14,上海臻致培训学校有限公司,普陀,西式面点师[S300013],高级/三级
2.02E+14,上海聚嘉培训学校有限公司,嘉定,互联网营销师（商品选品员）[S300031],高级/三级
2.02E+14,上海聚嘉培训学校有限公司,嘉定,互联网营销师（商品选品员）[S300031],中级/四级
2.02E+14,上海聚嘉培训学校有限公司,嘉定,互联网营销师（直播销售员）[S500023],中级/四级
2.02E+14,上海聚嘉培训学校有限公司,嘉定,互联网营销师（直播销售员）[S500023],高级/三级
2.02E+14,上海聚嘉培训学校有限公司,嘉定,人工智能训练师[S300040],中级/四级
2.02E+14,上海聚嘉培训学校有限公司,嘉定,人工智能训练师[S300040],高级/三级
2.02E+14,上海聚嘉培训学校有限公司,嘉定,人工智能训练师[S400054],中级/四级
2.02E+14,上海聚嘉培训学校有限公司,嘉定,人工智能训练师[S400054],高级/三级
2.02E+14,上海聚嘉培训学校有限公司,嘉定,人工智能训练师[S500053],高级/三级
2.02E+14,上海聚嘉培训学校有限公司,嘉定,人工智能训练师[S500053],中级/四级
2.02E+14,上海聚嘉培训学校有限公司,嘉定,企业人力资源管理师[S300015],中级/四级
2.02E+14,上海聚嘉培训学校有限公司,嘉定,企业人力资源管理师[S300015],高级/三级
2.02E+14,上海聚嘉培训学校有限公司,嘉定,企业人力资源管理师[S300015],技师/二级
2.02E+14,上海聚嘉培训学校有限公司,嘉定,供应链管理师[S200020],技师/二级
2.02E+14,上海聚嘉培训学校有限公司,嘉定,供应链管理师[S200020],高级/三级
2.02E+14,上海聚嘉培训学校有限公司,嘉定,供应链管理师[S300031],高级/三级
2.02E+14,上海聚嘉培训学校有限公司,嘉定,供应链管理师[S300031],技师/二级
2.02E+14,上海聚嘉培训学校有限公司,嘉定,保卫管理员[S300044],高级/三级
2.02E+14,上海聚嘉培训学校有限公司,嘉定,保卫管理员[S300044],技师/二级
2.02E+14,上海聚嘉培训学校有限公司,嘉定,保卫管理员[S300044],高级技师/一级
2.02E+14,上海聚嘉培训学校有限公司,嘉定,保育师[S300011],初级/五级
2.02E+14,上海聚嘉培训学校有限公司,嘉定,保育师[S300011],中级/四级
2.02E+14,上海聚嘉培训学校有限公司,嘉定,全媒体运营师（创意策划）[S400071],中级/四级
2.02E+14,上海聚嘉培训学校有限公司,嘉定,全媒体运营师（创意策划）[S400071],高级/三级
2.02E+14,上海聚嘉培训学校有限公司,嘉定,全媒体运营师（数据分析）[S400071],高级/三级
2.02E+14,上海聚嘉培训学校有限公司,嘉定,全媒体运营师（流量运营）[400050],高级/三级
2.02E+14,上海聚嘉培训学校有限公司,嘉定,全媒体运营师（流量运营）[S300070],中级/四级
2.02E+14,上海聚嘉培训学校有限公司,嘉定,全媒体运营师（流量运营）[S300070],高级/三级
2.02E+14,上海聚嘉培训学校有限公司,嘉定,全媒体运营师（流量运营）[S400071],高级/三级
2.02E+14,上海聚嘉培训学校有限公司,嘉定,全媒体运营师（流量运营）[S400071],中级/四级
2.02E+14,上海聚嘉培训学校有限公司,嘉定,全媒体运营师（直播运营）[400050],高级/三级
2.02E+14,上海聚嘉培训学校有限公司,嘉定,全媒体运营师（直播运营）[S300070],中级/四级
2.02E+14,上海聚嘉培训学校有限公司,嘉定,全媒体运营师（直播运营）[S300070],高级/三级
2.02E+14,上海聚嘉培训学校有限公司,嘉定,全媒体运营师（直播运营）[S400071],中级/四级
2.02E+14,上海聚嘉培训学校有限公司,嘉定,全媒体运营师（直播运营）[S400071],高级/三级
2.02E+14,上海聚嘉培训学校有限公司,嘉定,全媒体运营师（视听运营）[S300070],中级/四级
2.02E+14,上海聚嘉培训学校有限公司,嘉定,全媒体运营师（视听运营）[S300070],高级/三级
2.02E+14,上海聚嘉培训学校有限公司,嘉定,全媒体运营师（视听运营）[S400071],高级/三级
2.02E+14,上海聚嘉培训学校有限公司,嘉定,全媒体运营师（视听运营）[S400071],中级/四级
2.02E+14,上海聚嘉培训学校有限公司,嘉定,养老护理员[S300038],高级/三级
2.02E+14,上海聚嘉培训学校有限公司,嘉定,养老护理员[S300038],中级/四级
2.02E+14,上海聚嘉培训学校有限公司,嘉定,养老护理员[S300038],初级/五级
2.02E+14,上海聚嘉培训学校有限公司,嘉定,劳动关系协调师[S300016],中级/四级
2.02E+14,上海聚嘉培训学校有限公司,嘉定,劳动关系协调师[S300016],高级/三级
2.02E+14,上海聚嘉培训学校有限公司,嘉定,劳动关系协调师[S300016],技师/二级
2.02E+14,上海聚嘉培训学校有限公司,嘉定,婴幼儿发展引导员（育婴员）[S300011],初级/五级
2.02E+14,上海聚嘉培训学校有限公司,嘉定,婴幼儿发展引导员（育婴员）[S300011],中级/四级
2.02E+14,上海聚嘉培训学校有限公司,嘉定,物业管理师[S300037],中级/四级
2.02E+14,上海聚嘉培训学校有限公司,嘉定,物业管理师[S300037],高级/三级
2.02E+14,上海聚嘉培训学校有限公司,嘉定,物流服务师[S300035],高级/三级
2.02E+14,上海聚嘉培训学校有限公司,嘉定,电子商务师（网商）[S300030],中级/四级
2.02E+14,上海聚嘉培训学校有限公司,嘉定,电子商务师（网商）[S300030],高级/三级
2.02E+14,上海聚嘉培训学校有限公司,嘉定,电子商务师（网商）[S300031],中级/四级
2.02E+14,上海聚嘉培训学校有限公司,嘉定,电子商务师（网商）[S300031],高级/三级
2.02E+14,上海聚嘉培训学校有限公司,嘉定,电子商务师（网商）[S300069],中级/四级
2.02E+14,上海聚嘉培训学校有限公司,嘉定,电子商务师（网商）[S300069],高级/三级
2.02E+14,上海聚嘉培训学校有限公司,嘉定,职业培训师[S300015],高级/三级
2.02E+14,上海聚嘉培训学校有限公司,嘉定,茶艺师[S300009],中级/四级
2.02E+14,上海聚嘉培训学校有限公司,嘉定,茶艺师[S300009],高级/三级
2.02E+14,上海聚嘉培训学校有限公司,嘉定,西式面点师[S300013],初级/五级
2.02E+14,上海聚嘉培训学校有限公司,嘉定,西式面点师[S300013],中级/四级
2.02E+14,上海奚仲职业技能培训有限公司,浦东,人工智能训练师[S400054],高级/三级
2.02E+14,上海奚仲职业技能培训有限公司,浦东,人工智能训练师[S500053],高级/三级
2.02E+14,上海奚仲职业技能培训有限公司,浦东,插花花艺师[S600024],中级/四级
2.02E+14,上海奚仲职业技能培训有限公司,浦东,插花花艺师[S600024],初级/五级
2.02E+14,上海奚仲职业技能培训有限公司,浦东,电工[S100004],中级/四级
2.02E+14,上海奚仲职业技能培训有限公司,浦东,电工[S100004],初级/五级
2.02E+14,上海奚仲职业技能培训有限公司,浦东,网约配送员[S300036],初级/五级
2.02E+14,上海奚仲职业技能培训有限公司,浦东,计算机程序设计员[S400021],中级/四级
2.02E+14,上海奚仲职业技能培训有限公司,浦东,计算机程序设计员[S400021],高级/三级
2.02E+14,上海浦东新区师源职业技术培训中心,浦东,养老护理员[S300038],中级/四级
2.02E+14,上海浦东新区师源职业技术培训中心,浦东,养老护理员[S300038],初级/五级
2.02E+14,上海浦东新区师源职业技术培训中心,浦东,婴幼儿发展引导员（育婴员）[S300011],初级/五级
2.02E+14,上海浦东新区师源职业技术培训中心,浦东,婴幼儿发展引导员（育婴员）[S300011],中级/四级
2.02E+14,上海浦东新区师源职业技术培训中心,浦东,家政服务员（母婴护理员）[S300039],初级/五级
2.02E+14,上海静安能企电力职业技能培训中心,静安,电工[S100004],中级/四级
2.02E+14,上海静安能企电力职业技能培训中心,静安,电工[S100004],初级/五级
2.02E+14,上海静安能企电力职业技能培训中心,静安,职业培训师[S300015],高级/三级
2.02E+14,上海志达职业技能培训有限公司,普陀,企业人力资源管理师[S300015],中级/四级
2.02E+14,上海志达职业技能培训有限公司,普陀,养老护理员[S300038],中级/四级
2.02E+14,上海志达职业技能培训有限公司,普陀,养老护理员[S300038],初级/五级
2.02E+14,上海青浦区惠茵职业技能培训学校,青浦,中式面点师[S300013],初级/五级
2.02E+14,上海青浦区惠茵职业技能培训学校,青浦,中式面点师[S300013],中级/四级
2.02E+14,上海青浦区惠茵职业技能培训学校,青浦,中式面点师[S300013],高级/三级
2.02E+14,上海青浦区惠茵职业技能培训学校,青浦,互联网营销师（直播销售员）[S500023],初级/五级
2.02E+14,上海青浦区惠茵职业技能培训学校,青浦,互联网营销师（直播销售员）[S500023],中级/四级
2.02E+14,上海青浦区惠茵职业技能培训学校,青浦,互联网营销师（直播销售员）[S500023],高级/三级
2.02E+14,上海青浦区惠茵职业技能培训学校,青浦,人工智能训练师[S300040],初级/五级
2.02E+14,上海青浦区惠茵职业技能培训学校,青浦,人工智能训练师[S400054],中级/四级
2.02E+14,上海青浦区惠茵职业技能培训学校,青浦,人工智能训练师[S400054],高级/三级
2.02E+14,上海青浦区惠茵职业技能培训学校,青浦,保育师[S300011],初级/五级
2.02E+14,上海青浦区惠茵职业技能培训学校,青浦,保育师[S300011],中级/四级
2.02E+14,上海青浦区惠茵职业技能培训学校,青浦,保育师[S300011],高级/三级
2.02E+14,上海青浦区惠茵职业技能培训学校,青浦,健康照护师[S500077],初级/五级
2.02E+14,上海青浦区惠茵职业技能培训学校,青浦,健康照护师[S500077],中级/四级
2.02E+14,上海青浦区惠茵职业技能培训学校,青浦,健康照护师[S500077],高级/三级
2.02E+14,上海青浦区惠茵职业技能培训学校,青浦,全媒体运营师（创意策划）[S400071],中级/四级
2.02E+14,上海青浦区惠茵职业技能培训学校,青浦,全媒体运营师（创意策划）[S400071],高级/三级
2.02E+14,上海青浦区惠茵职业技能培训学校,青浦,医疗护理员[S300094],初级/五级
2.02E+14,上海青浦区惠茵职业技能培训学校,青浦,医疗护理员[S300094],中级/四级
2.02E+14,上海青浦区惠茵职业技能培训学校,青浦,医疗护理员[S300094],高级/三级
2.02E+14,上海青浦区惠茵职业技能培训学校,青浦,婴幼儿发展引导员（育婴员）[S300011],初级/五级
2.02E+14,上海青浦区惠茵职业技能培训学校,青浦,婴幼儿发展引导员（育婴员）[S300011],中级/四级
2.02E+14,上海青浦区惠茵职业技能培训学校,青浦,婴幼儿发展引导员（育婴员）[S300011],高级/三级
2.02E+14,上海青浦区惠茵职业技能培训学校,青浦,茶艺师[S300009],初级/五级
2.02E+14,上海青浦区惠茵职业技能培训学校,青浦,茶艺师[S300009],中级/四级
2.02E+14,上海青浦区惠茵职业技能培训学校,青浦,西式面点师[S300013],初级/五级
2.02E+14,上海青浦区惠茵职业技能培训学校,青浦,西式面点师[S300013],中级/四级
2.02E+14,上海青浦区惠茵职业技能培训学校,青浦,西式面点师[S300013],高级/三级
2.02E+14,上海青浦区惠茵职业技能培训学校,青浦,计算机程序设计员[S300032],高级/三级
2.02E+14,上海青浦区惠茵职业技能培训学校,青浦,计算机程序设计员[S400021],中级/四级
2.02E+14,上海青浦区惠茵职业技能培训学校,青浦,计算机程序设计员[S400054],中级/四级
2.02E+14,上海青浦区惠茵职业技能培训学校,青浦,计算机程序设计员[S400054],高级/三级
2.02E+14,上海青浦区惠茵职业技能培训学校,青浦,餐厅服务员[S300013],高级/三级
2.02E+14,上海青浦区惠茵职业技能培训学校,青浦,餐厅服务员[S300013],中级/四级
2.02E+14,上海青浦区惠茵职业技能培训学校,青浦,餐厅服务员[S300013],初级/五级
2.02E+14,上海金山区卫夷职业技能培训中心,金山,养老护理员[S300038],高级/三级
2.02E+14,上海金山区卫夷职业技能培训中心,金山,养老护理员[S300038],中级/四级
2.02E+14,上海金山区卫夷职业技能培训中心,金山,养老护理员[S300038],初级/五级
2.02E+14,上海金山区卫夷职业技能培训中心,金山,家政服务员（母婴护理员）[S300039],初级/五级
2.02E+14,上海金山区卫夷职业技能培训中心,金山,家政服务员（母婴护理员）[S300039],中级/四级
2.02E+14,上海家策培训中心有限公司,徐汇,健康照护师（长期照护师）[S500077],初级/五级
2.02E+14,上海家策培训中心有限公司,徐汇,健康照护师（长期照护师）[S500077],中级/四级
2.02E+14,上海家策培训中心有限公司,徐汇,健康照护师（长期照护师）[S500077],高级/三级
2.02E+14,上海家策培训中心有限公司,徐汇,养老护理员[S300038],高级/三级
2.02E+14,上海家策培训中心有限公司,徐汇,养老护理员[S300038],中级/四级
2.02E+14,上海家策培训中心有限公司,徐汇,养老护理员[S300038],初级/五级
2.02E+14,上海家策培训中心有限公司,徐汇,养老护理员[S300060],初级/五级
2.02E+14,上海家策培训中心有限公司,徐汇,养老护理员[S300060],中级/四级
2.02E+14,上海家策培训中心有限公司,徐汇,养老护理员[S300060],高级/三级
2.02E+14,上海青浦区时光蜕变职业技能培训学校,青浦,全媒体运营师（流量运营）[S300070],中级/四级
2.02E+14,上海青浦区时光蜕变职业技能培训学校,青浦,全媒体运营师（流量运营）[S300070],高级/三级
2.02E+14,上海青浦区时光蜕变职业技能培训学校,青浦,全媒体运营师（视听运营）[S300070],中级/四级
2.02E+14,上海青浦区时光蜕变职业技能培训学校,青浦,全媒体运营师（视听运营）[S300070],高级/三级
2.02E+14,上海青浦区时光蜕变职业技能培训学校,青浦,形象设计师[S300008],高级/三级
2.02E+14,上海青浦区时光蜕变职业技能培训学校,青浦,形象设计师[S300008],初级/五级
2.02E+14,上海青浦区时光蜕变职业技能培训学校,青浦,形象设计师[S300008],中级/四级
2.02E+14,上海青浦区时光蜕变职业技能培训学校,青浦,美容师[S300008],初级/五级
2.02E+14,上海青浦区时光蜕变职业技能培训学校,青浦,美容师[S300008],中级/四级
2.02E+14,上海青浦区时光蜕变职业技能培训学校,青浦,美容师[S300008],高级/三级
2.02E+14,上海青浦区时光蜕变职业技能培训学校,青浦,美甲师[S300008],高级/三级
2.02E+14,上海青浦区时光蜕变职业技能培训学校,青浦,美甲师[S300008],中级/四级
2.02E+14,上海青浦区时光蜕变职业技能培训学校,青浦,美甲师[S300008],初级/五级
2.02E+14,上海林通职业技能培训学校,虹口,互联网营销师（直播销售员）[S500023],初级/五级
2.02E+14,上海林通职业技能培训学校,虹口,互联网营销师（直播销售员）[S500023],中级/四级
2.02E+14,上海林通职业技能培训学校,虹口,互联网营销师（直播销售员）[S500023],高级/三级
2.02E+14,上海林通职业技能培训学校,虹口,人工智能训练师[S300040],初级/五级
2.02E+14,上海林通职业技能培训学校,虹口,人工智能训练师[S400054],中级/四级
2.02E+14,上海林通职业技能培训学校,虹口,人工智能训练师[S400054],高级/三级
2.02E+14,上海林通职业技能培训学校,虹口,人工智能训练师[S500053],高级/三级
2.02E+14,上海林通职业技能培训学校,虹口,供应链管理师[S300031],高级/三级
2.02E+14,上海林通职业技能培训学校,虹口,供应链管理师[S500063],高级/三级
2.02E+14,上海林通职业技能培训学校,虹口,全媒体运营师（流量运营）[S300070],高级/三级
2.02E+14,上海林通职业技能培训学校,虹口,全媒体运营师（流量运营）[S400071],高级/三级
2.02E+14,上海林通职业技能培训学校,虹口,全媒体运营师（直播运营）[S300070],高级/三级
2.02E+14,上海林通职业技能培训学校,虹口,全媒体运营师（直播运营）[S400071],高级/三级
2.02E+14,上海林通职业技能培训学校,虹口,全媒体运营师（视听运营）[S300070],高级/三级
2.02E+14,上海林通职业技能培训学校,虹口,全媒体运营师（视听运营）[S400071],高级/三级
2.02E+14,上海林通职业技能培训学校,虹口,全媒体运营师（视听运营）[S400071],中级/四级
2.02E+14,上海林通职业技能培训学校,虹口,形象设计师[S300008],高级/三级
2.02E+14,上海林通职业技能培训学校,虹口,物业管理师[S300037],中级/四级
2.02E+14,上海林通职业技能培训学校,虹口,物业管理师[S300037],高级/三级
2.02E+14,上海林通职业技能培训学校,虹口,电子商务师（网商）[S300031],中级/四级
2.02E+14,上海林通职业技能培训学校,虹口,电子商务师（网商）[S300031],高级/三级
2.02E+14,上海林通职业技能培训学校,虹口,网络与信息安全管理员（信息安全管理员）[S300073],高级/三级
2.02E+14,上海林通职业技能培训学校,虹口,网络与信息安全管理员（信息安全管理员）[S400054],高级/三级
2.02E+14,上海林通职业技能培训学校,虹口,网络与信息安全管理员（信息安全管理员）[S500053],高级/三级
2.02E+14,上海林通职业技能培训学校,虹口,网络与信息安全管理员（网络安全管理员）[S300073],高级/三级
2.02E+14,上海林通职业技能培训学校,虹口,网络与信息安全管理员（网络安全管理员）[S400054],高级/三级
2.02E+14,上海林通职业技能培训学校,虹口,美甲师[S300008],中级/四级
2.02E+14,上海林通职业技能培训学校,虹口,美甲师[S300008],初级/五级
2.02E+14,上海糖师师培训学校有限公司,宝山,中式面点师[S300013],初级/五级
2.02E+14,上海糖师师培训学校有限公司,宝山,中式面点师[S300013],中级/四级
2.02E+14,上海糖师师培训学校有限公司,宝山,咖啡师[S400042],中级/四级
2.02E+14,上海糖师师培训学校有限公司,宝山,咖啡师[S400042],初级/五级
2.02E+14,上海糖师师培训学校有限公司,宝山,西式面点师[S300013],初级/五级
2.02E+14,上海糖师师培训学校有限公司,宝山,西式面点师[S300013],中级/四级
2.02E+14,上海巾帼汇职业技能培训有限公司,普陀,中式面点师[S300013],初级/五级
2.02E+14,上海巾帼汇职业技能培训有限公司,普陀,中式面点师[S300013],中级/四级
2.02E+14,上海巾帼汇职业技能培训有限公司,普陀,养老护理员[S300038],高级/三级
2.02E+14,上海巾帼汇职业技能培训有限公司,普陀,养老护理员[S300038],中级/四级
2.02E+14,上海巾帼汇职业技能培训有限公司,普陀,养老护理员[S300038],初级/五级
2.02E+14,上海巾帼汇职业技能培训有限公司,普陀,养老护理员[S300060],初级/五级
2.02E+14,上海巾帼汇职业技能培训有限公司,普陀,养老护理员[S300060],中级/四级
2.02E+14,上海巾帼汇职业技能培训有限公司,普陀,养老护理员[S300060],高级/三级
2.02E+14,上海巾帼汇职业技能培训有限公司,普陀,婴幼儿发展引导员（育婴员）[S300011],初级/五级
2.02E+14,上海巾帼汇职业技能培训有限公司,普陀,婴幼儿发展引导员（育婴员）[S300011],中级/四级
2.02E+14,上海巾帼汇职业技能培训有限公司,普陀,家政服务员（家务服务员）[S300039],初级/五级
2.02E+14,上海巾帼汇职业技能培训有限公司,普陀,家政服务员（家务服务员）[S300039],中级/四级
2.02E+14,上海巾帼汇职业技能培训有限公司,普陀,家政服务员（家务服务员）[S300039],高级/三级
2.02E+14,上海巾帼汇职业技能培训有限公司,普陀,家政服务员（家庭照护员）[S300039],高级/三级
2.02E+14,上海巾帼汇职业技能培训有限公司,普陀,家政服务员（家庭照护员）[S300039],中级/四级
2.02E+14,上海巾帼汇职业技能培训有限公司,普陀,家政服务员（家庭照护员）[S300039],初级/五级
2.02E+14,上海巾帼汇职业技能培训有限公司,普陀,家政服务员（母婴护理员）[S300039],初级/五级
2.02E+14,上海巾帼汇职业技能培训有限公司,普陀,家政服务员（母婴护理员）[S300039],中级/四级
2.02E+14,上海巾帼汇职业技能培训有限公司,普陀,家政服务员（母婴护理员）[S300039],高级/三级
2.02E+14,上海巾帼汇职业技能培训有限公司,普陀,美容师[S300008],初级/五级
2.02E+14,上海巾帼汇职业技能培训有限公司,普陀,美容师[S300008],中级/四级
2.02E+14,上海巾帼汇职业技能培训有限公司,普陀,美容师[S300008],高级/三级
2.02E+14,上海巾帼汇职业技能培训有限公司,普陀,西式面点师[S300013],初级/五级
2.02E+14,上海巾帼汇职业技能培训有限公司,普陀,西式面点师[S300013],中级/四级
2.02E+14,上海江戈职业技能培训有限公司,松江,电工[S100004],初级/五级
2.02E+14,上海闵行区安通职业技术培训学校,闵行,汽车维修工（汽车车身整形修复工）[S200005],初级/五级
2.02E+14,上海闵行区安通职业技术培训学校,闵行,汽车维修工（汽车车身整形修复工）[S200005],中级/四级
2.02E+14,上海闵行区安通职业技术培训学校,闵行,汽车维修工（汽车车身整形修复工）[S200005],高级/三级
2.02E+14,上海中泰职业技能培训有限公司,普陀,企业人力资源管理师[S300015],中级/四级
2.02E+14,上海浦东新区涵瑄职业技能培训学校,浦东,形象设计师[S300008],高级/三级
2.02E+14,上海浦东新区涵瑄职业技能培训学校,浦东,美容师[S300008],初级/五级
2.02E+14,上海浦东新区涵瑄职业技能培训学校,浦东,美容师[S300008],中级/四级
2.02E+14,上海易宸职业技能培训有限公司,普陀,互联网营销师（直播销售员）[S500023],初级/五级
2.02E+14,上海易宸职业技能培训有限公司,普陀,互联网营销师（直播销售员）[S500023],中级/四级
2.02E+14,上海易宸职业技能培训有限公司,普陀,保育师[S300011],初级/五级
2.02E+14,上海易宸职业技能培训有限公司,普陀,保育师[S300011],中级/四级
2.02E+14,上海易宸职业技能培训有限公司,普陀,养老护理员[S300038],高级/三级
2.02E+14,上海易宸职业技能培训有限公司,普陀,养老护理员[S300038],中级/四级
2.02E+14,上海易宸职业技能培训有限公司,普陀,养老护理员[S300038],初级/五级
2.02E+14,上海易宸职业技能培训有限公司,普陀,婴幼儿发展引导员（育婴员）[S300011],初级/五级
2.02E+14,上海易宸职业技能培训有限公司,普陀,婴幼儿发展引导员（育婴员）[S300011],中级/四级
2.02E+14,上海易宸职业技能培训有限公司,普陀,家政服务员（家务服务员）[S300039],初级/五级
2.02E+14,上海易宸职业技能培训有限公司,普陀,家政服务员（母婴护理员）[S300039],初级/五级
2.02E+14,嘉言懿行（上海）职业技能培训有限公司,浦东,婴幼儿发展引导员（育婴员）[S300011],初级/五级
2.02E+14,嘉言懿行（上海）职业技能培训有限公司,浦东,婴幼儿发展引导员（育婴员）[S300011],中级/四级
2.02E+14,嘉言懿行（上海）职业技能培训有限公司,浦东,婴幼儿发展引导员（育婴员）[S300011],高级/三级
2.02E+14,上海晟泽培训中心有限公司,嘉定,中式面点师[S300013],初级/五级
2.02E+14,上海晟泽培训中心有限公司,嘉定,中式面点师[S300013],中级/四级
2.02E+14,上海晟泽培训中心有限公司,嘉定,劳动关系协调师[S300016],高级/三级
2.02E+14,上海海尚创职业技能培训有限公司,闵行,婴幼儿发展引导员（育婴员）[S300011],初级/五级
2.02E+14,上海海尚创职业技能培训有限公司,闵行,婴幼儿发展引导员（育婴员）[S300011],中级/四级
2.02E+14,上海海尚创职业技能培训有限公司,闵行,家政服务员（母婴护理员）[S300039],初级/五级
2.02E+14,上海茂美职业技能培训有限公司,虹口,形象设计师[S300008],高级/三级
2.02E+14,上海茂美职业技能培训有限公司,虹口,美容师[S300008],初级/五级
2.02E+14,上海茂美职业技能培训有限公司,虹口,美容师[S300008],中级/四级
2.02E+14,上海茂美职业技能培训有限公司,虹口,美容师[S300008],高级/三级
2.02E+14,上海茂美职业技能培训有限公司,虹口,美甲师[S300008],中级/四级
2.02E+14,上海茂美职业技能培训有限公司,虹口,美甲师[S300008],初级/五级
2.02E+14,上海嘉赋育培训学校有限公司,虹口,养老护理员[S300038],高级/三级
2.02E+14,上海嘉赋育培训学校有限公司,虹口,养老护理员[S300038],中级/四级
2.02E+14,上海嘉赋育培训学校有限公司,虹口,养老护理员[S300038],初级/五级
2.02E+14,上海浦星培训学校有限公司,浦东,互联网营销师（直播销售员）[S500023],初级/五级
2.02E+14,上海浦星培训学校有限公司,浦东,互联网营销师（直播销售员）[S500023],中级/四级
2.02E+14,上海浦星培训学校有限公司,浦东,企业人力资源管理师[S300015],中级/四级
2.02E+14,上海浦星培训学校有限公司,浦东,供应链管理师[S200020],技师/二级
2.02E+14,上海浦星培训学校有限公司,浦东,供应链管理师[S200020],高级/三级
2.02E+14,上海浦星培训学校有限公司,浦东,供应链管理师[S300031],高级/三级
2.02E+14,上海浦星培训学校有限公司,浦东,保育师[S300011],初级/五级
2.02E+14,上海浦星培训学校有限公司,浦东,保育师[S300011],中级/四级
2.02E+14,上海浦星培训学校有限公司,浦东,保育师[S300011],高级/三级
2.02E+14,上海浦星培训学校有限公司,浦东,劳动关系协调师[S300016],中级/四级
2.02E+14,上海浦星培训学校有限公司,浦东,婴幼儿发展引导员（育婴员）[S300011],初级/五级
2.02E+14,上海浦星培训学校有限公司,浦东,婴幼儿发展引导员（育婴员）[S300011],中级/四级
2.02E+14,上海浦星培训学校有限公司,浦东,婴幼儿发展引导员（育婴员）[S300011],高级/三级
2.02E+14,上海浦星培训学校有限公司,浦东,电子商务师（网商）[S300030],中级/四级
2.02E+14,上海浦星培训学校有限公司,浦东,电工[S100004],中级/四级
2.02E+14,上海浦星培训学校有限公司,浦东,电工[S100004],初级/五级
2.02E+14,上海浦星培训学校有限公司,浦东,计算机程序设计员[S400021],中级/四级
2.02E+14,上海浦星培训学校有限公司,浦东,计算机程序设计员[S400021],高级/三级
2.02E+14,上海浦星培训学校有限公司,浦东,计算机维修工[S300033],中级/四级
2.02E+14,上海浦星培训学校有限公司,浦东,计算机维修工[S300033],初级/五级
2.02E+14,上海浦星培训学校有限公司,浦东,计算机维修工[S300033],高级/三级
2.02E+14,上海浦星培训学校有限公司,浦东,计算机软件测试员[S300032],技师/二级
2.02E+14,上海浦星培训学校有限公司,浦东,计算机软件测试员[S300032],高级/三级
2.02E+14,上海静安济家职业技能培训学校,静安,养老护理员[S300038],中级/四级
2.02E+14,上海静安济家职业技能培训学校,静安,养老护理员[S300038],初级/五级
2.02E+14,上海静安济家职业技能培训学校,静安,养老护理员[S300060],初级/五级
2.02E+14,上海静安济家职业技能培训学校,静安,养老护理员[S300060],中级/四级
2.02E+14,上海静安济家职业技能培训学校,静安,家政服务员（家庭照护员）[S300031],高级/三级
2.02E+14,上海静安济家职业技能培训学校,静安,家政服务员（家庭照护员）[S300039],高级/三级
2.02E+14,上海奉贤区奉信培训学校,奉贤,健康照护师[S500077],初级/五级
2.02E+14,上海奉贤区奉信培训学校,奉贤,健康照护师[S500077],中级/四级
2.02E+14,上海奉贤区奉信培训学校,奉贤,健康照护师[S500077],高级/三级
2.02E+14,上海奉贤区奉信培训学校,奉贤,养老护理员[S300038],高级/三级
2.02E+14,上海奉贤区奉信培训学校,奉贤,养老护理员[S300038],中级/四级
2.02E+14,上海奉贤区奉信培训学校,奉贤,养老护理员[S300038],初级/五级
2.02E+14,上海奉贤区奉信培训学校,奉贤,咖啡师[S400042],高级/三级
2.02E+14,上海奉贤区奉信培训学校,奉贤,咖啡师[S400042],中级/四级
2.02E+14,上海奉贤区奉信培训学校,奉贤,咖啡师[S400042],初级/五级
2.02E+14,上海奉贤区奉信培训学校,奉贤,家政服务员（家庭照护员）[S300039],高级/三级
2.02E+14,上海奉贤区奉信培训学校,奉贤,家政服务员（家庭照护员）[S300039],中级/四级
2.02E+14,上海奉贤区奉信培训学校,奉贤,家政服务员（家庭照护员）[S300039],初级/五级
2.02E+14,上海奉贤区奉信培训学校,奉贤,智能楼宇管理员[S600014],中级/四级
2.02E+14,上海奉贤区奉信培训学校,奉贤,智能楼宇管理员[S600014],高级/三级
2.02E+14,上海奉贤区奉信培训学校,奉贤,调酒师[S300013],高级/三级
2.02E+14,上海奉贤区奉信培训学校,奉贤,调酒师[S300013],中级/四级
2.02E+14,上海奉贤区奉信培训学校,奉贤,调酒师[S300013],初级/五级
2.02E+14,上海浦东新区瑞博职业技能培训学校,浦东,互联网营销师（直播销售员）[S500023],中级/四级
2.02E+14,上海浦东新区瑞博职业技能培训学校,浦东,互联网营销师（直播销售员）[S500023],高级/三级
2.02E+14,上海浦东新区瑞博职业技能培训学校,浦东,养老护理员[S300038],中级/四级
2.02E+14,上海浦东新区瑞博职业技能培训学校,浦东,养老护理员[S300038],初级/五级
2.02E+14,上海浦东新区瑞博职业技能培训学校,浦东,电子商务师（网商）[S300030],中级/四级
2.02E+14,上海浦东新区瑞博职业技能培训学校,浦东,电子商务师（网商）[S300030],高级/三级
2.02E+14,上海浦东新区瑞博职业技能培训学校,浦东,网络与信息安全管理员（互联网信息审核员）[S100017],中级/四级
2.02E+14,上海浦东新区瑞博职业技能培训学校,浦东,网络与信息安全管理员（互联网信息审核员）[S100017],高级/三级
2.02E+14,上海浦东新区瑞博职业技能培训学校,浦东,网络与信息安全管理员（信息安全管理员）[S100017],中级/四级
2.02E+14,上海浦东新区瑞博职业技能培训学校,浦东,网络与信息安全管理员（信息安全管理员）[S100017],高级/三级
2.02E+14,上海浦东新区瑞博职业技能培训学校,浦东,网络与信息安全管理员（网络安全管理员）[S100017],中级/四级
2.02E+14,上海浦东新区瑞博职业技能培训学校,浦东,网络与信息安全管理员（网络安全管理员）[S100017],高级/三级
2.02E+14,上海浦东新区瑞博职业技能培训学校,浦东,计算机程序设计员[S400021],中级/四级
2.02E+14,上海浦东新区瑞博职业技能培训学校,浦东,计算机程序设计员[S400021],高级/三级
2.02E+14,上海浦东新区瑞博职业技能培训学校,浦东,计算机软件测试员[S300032],高级/三级
2.02E+14,上海远见职业技能培训有限公司,静安,企业人力资源管理师[S300015],中级/四级
2.02E+14,上海远见职业技能培训有限公司,静安,保卫管理员[S300044],高级/三级
2.02E+14,上海远见职业技能培训有限公司,静安,保卫管理员[S300044],技师/二级
2.02E+14,上海远见职业技能培训有限公司,静安,保卫管理员[S300044],高级技师/一级
2.02E+14,上海远见职业技能培训有限公司,静安,劳动关系协调师[S300016],中级/四级
2.02E+14,上海石天职业技能培训有限公司,黄浦,企业人力资源管理师[S300015],中级/四级
2.02E+14,上海石天职业技能培训有限公司,黄浦,企业人力资源管理师[S300015],高级/三级
2.02E+14,上海石天职业技能培训有限公司,黄浦,劳动关系协调师[S300016],中级/四级
2.02E+14,上海石天职业技能培训有限公司,黄浦,劳动关系协调师[S300016],高级/三级
2.02E+14,上海艾益生职业技能培训有限公司,松江,保健按摩师[S300008],初级/五级
2.02E+14,上海澳美嘉职业技能培训有限公司,浦东,养老护理员[S300038],中级/四级
2.02E+14,上海澳美嘉职业技能培训有限公司,浦东,养老护理员[S300038],初级/五级
2.02E+14,上海澳美嘉职业技能培训有限公司,浦东,家政服务员（母婴护理员）[S300039],初级/五级
2.02E+14,上海绿翼职业技能培训有限责任公司,长宁,形象设计师[S300008],高级/三级
2.02E+14,上海绿翼职业技能培训有限责任公司,长宁,职业培训师[S300015],高级/三级
2.02E+14,上海携程职业技能培训有限公司,长宁,人工智能训练师[300044],高级/三级
2.02E+14,上海易优培职业技能培训有限公司,杨浦,互联网营销师（直播销售员）[S500023],初级/五级
2.02E+14,上海易优培职业技能培训有限公司,杨浦,互联网营销师（直播销售员）[S500023],中级/四级
2.02E+14,上海易优培职业技能培训有限公司,杨浦,互联网营销师（直播销售员）[S500023],高级/三级
2.02E+14,上海易优培职业技能培训有限公司,杨浦,健康照护师（长期照护师）[S500077],初级/五级
2.02E+14,上海易优培职业技能培训有限公司,杨浦,健康照护师（长期照护师）[S500077],中级/四级
2.02E+14,上海易优培职业技能培训有限公司,杨浦,健康照护师（长期照护师）[S500077],高级/三级
2.02E+14,上海易优培职业技能培训有限公司,杨浦,养老护理员[S300038],高级/三级
2.02E+14,上海易优培职业技能培训有限公司,杨浦,养老护理员[S300038],中级/四级
2.02E+14,上海易优培职业技能培训有限公司,杨浦,养老护理员[S300038],初级/五级
2.02E+14,上海易优培职业技能培训有限公司,杨浦,养老护理员[S300038],技师/二级
2.02E+14,上海易优培职业技能培训有限公司,杨浦,养老护理员[S300060],初级/五级
2.02E+14,上海易优培职业技能培训有限公司,杨浦,养老护理员[S300060],中级/四级
2.02E+14,上海易优培职业技能培训有限公司,杨浦,养老护理员[S300060],高级/三级
2.02E+14,上海易优培职业技能培训有限公司,杨浦,家政服务员（家务服务员）[S300039],初级/五级
2.02E+14,上海易优培职业技能培训有限公司,杨浦,家政服务员（家务服务员）[S300039],中级/四级
2.02E+14,上海易优培职业技能培训有限公司,杨浦,家政服务员（母婴护理员）[S300039],初级/五级
2.02E+14,上海易优培职业技能培训有限公司,杨浦,家政服务员（母婴护理员）[S300039],中级/四级
2.02E+14,上海易优培职业技能培训有限公司,杨浦,家政服务员（母婴护理员）[S300039],高级/三级
2.02E+14,上海浦东新区津弘职业技能培训学校,浦东,美容师[S300008],初级/五级
2.02E+14,上海浦东新区津弘职业技能培训学校,浦东,美容师[S300008],中级/四级
2.02E+14,上海青浦大树职业培训学校,青浦,互联网营销师（直播销售员）[S500023],初级/五级
2.02E+14,上海青浦大树职业培训学校,青浦,互联网营销师（直播销售员）[S500023],中级/四级
2.02E+14,上海青浦大树职业培训学校,青浦,互联网营销师（直播销售员）[S500023],高级/三级
2.02E+14,上海青浦大树职业培训学校,青浦,家政服务员（家务服务员）[S300031],高级/三级
2.02E+14,上海青浦大树职业培训学校,青浦,家政服务员（家务服务员）[S300031],初级/五级
2.02E+14,上海青浦大树职业培训学校,青浦,家政服务员（家务服务员）[S300031],中级/四级
2.02E+14,上海青浦大树职业培训学校,青浦,服装制版师（裁剪服装制版师）[S300043],中级/四级
2.02E+14,上海青浦大树职业培训学校,青浦,服装制版师（裁剪服装制版师）[S300043],高级/三级
2.02E+14,上海青浦大树职业培训学校,青浦,服装制版师（裁剪服装制版师）[S500068],中级/四级
2.02E+14,上海青浦大树职业培训学校,青浦,服装制版师（裁剪服装制版师）[S500068],高级/三级
2.02E+14,上海青浦大树职业培训学校,青浦,茶艺师[S300009],初级/五级
2.02E+14,上海青浦大树职业培训学校,青浦,茶艺师[S300009],中级/四级
2.02E+14,上海亚诚培训学校有限公司,嘉定,人工智能数据标注[S200057],专项职业能力
2.02E+14,上海亚诚培训学校有限公司,嘉定,人工智能模型运用[S200057],专项职业能力
2.02E+14,上海亚诚培训学校有限公司,嘉定,人工智能训练师[S300040],初级/五级
2.02E+14,上海亚诚培训学校有限公司,嘉定,人工智能训练师[S300040],中级/四级
2.02E+14,上海亚诚培训学校有限公司,嘉定,人工智能训练师[S300040],高级/三级
2.02E+14,上海亚诚培训学校有限公司,嘉定,人工智能训练师[S400054],高级/三级
2.02E+14,上海亚诚培训学校有限公司,嘉定,人工智能训练师[S500053],高级/三级
2.02E+14,上海亚诚培训学校有限公司,嘉定,企业人力资源管理师[S300015],中级/四级
2.02E+14,上海亚诚培训学校有限公司,嘉定,企业人力资源管理师[S300015],高级/三级
2.02E+14,上海亚诚培训学校有限公司,嘉定,劳动关系协调师[S300016],中级/四级
2.02E+14,上海亚诚培训学校有限公司,嘉定,劳动关系协调师[S300016],高级/三级
2.02E+14,上海亚诚培训学校有限公司,嘉定,网络与信息安全管理员（互联网信息审核员）[S100017],中级/四级
2.02E+14,上海亚诚培训学校有限公司,嘉定,网络与信息安全管理员（互联网信息审核员）[S100017],高级/三级
2.02E+14,上海亚诚培训学校有限公司,嘉定,网络与信息安全管理员（互联网信息审核员）[S100017],技师/二级
2.02E+14,上海亚诚培训学校有限公司,嘉定,网络与信息安全管理员（信息安全管理员）[S100017],中级/四级
2.02E+14,上海亚诚培训学校有限公司,嘉定,网络与信息安全管理员（信息安全管理员）[S100017],高级/三级
2.02E+14,上海亚诚培训学校有限公司,嘉定,网络与信息安全管理员（信息安全管理员）[S100017],技师/二级
2.02E+14,上海亚诚培训学校有限公司,嘉定,网络与信息安全管理员（网络安全管理员）[S100017],中级/四级
2.02E+14,上海亚诚培训学校有限公司,嘉定,网络与信息安全管理员（网络安全管理员）[S100017],高级/三级
2.02E+14,上海亚诚培训学校有限公司,嘉定,网络与信息安全管理员（网络安全管理员）[S100017],技师/二级
2.02E+14,上海亚诚培训学校有限公司,嘉定,职业培训师[S300015],高级/三级
2.02E+14,上海亚诚培训学校有限公司,嘉定,计算机程序设计员[S400021],中级/四级
2.02E+14,上海亚诚培训学校有限公司,嘉定,计算机程序设计员[S400021],高级/三级
2.02E+14,上海崇康职业技能培训有限公司,长宁,健康照护师（长期照护师）[S500077],初级/五级
2.02E+14,上海崇康职业技能培训有限公司,长宁,养老护理员[S300038],高级/三级
2.02E+14,上海崇康职业技能培训有限公司,长宁,养老护理员[S300038],中级/四级
2.02E+14,上海崇康职业技能培训有限公司,长宁,养老护理员[S300038],初级/五级
2.02E+14,上海崇康职业技能培训有限公司,长宁,养老护理员[S300060],初级/五级
2.02E+14,上海崇康职业技能培训有限公司,长宁,养老护理员[S300060],中级/四级
2.02E+14,上海崇康职业技能培训有限公司,长宁,养老护理员[S300060],高级/三级
2.02E+14,上海崇康职业技能培训有限公司,长宁,家政服务员（家庭照护员）[S300039],高级/三级
2.02E+14,上海崇康职业技能培训有限公司,长宁,家政服务员（家庭照护员）[S300039],中级/四级
2.02E+14,上海崇康职业技能培训有限公司,长宁,家政服务员（家庭照护员）[S300039],初级/五级
2.02E+14,上海云集培训学校有限公司,松江,互联网营销师（直播销售员）[S500023],初级/五级
2.02E+14,上海云集培训学校有限公司,松江,互联网营销师（直播销售员）[S500023],中级/四级
2.02E+14,上海云集培训学校有限公司,松江,互联网营销师（直播销售员）[S500023],高级/三级
2.02E+14,上海云集培训学校有限公司,松江,人工智能训练师[400040],高级/三级
2.02E+14,上海云集培训学校有限公司,松江,人工智能训练师[S300040],初级/五级
2.02E+14,上海云集培训学校有限公司,松江,人工智能训练师[S400054],高级/三级
2.02E+14,上海云集培训学校有限公司,松江,人工智能训练师[S500053],高级/三级
2.02E+14,上海云集培训学校有限公司,松江,人工智能训练师[S500053],中级/四级
2.02E+14,上海云集培训学校有限公司,松江,全媒体运营师（流量运营）[S300070],中级/四级
2.02E+14,上海云集培训学校有限公司,松江,全媒体运营师（流量运营）[S300070],高级/三级
2.02E+14,上海云集培训学校有限公司,松江,全媒体运营师（流量运营）[S400071],高级/三级
2.02E+14,上海云集培训学校有限公司,松江,全媒体运营师（流量运营）[S400071],中级/四级
2.02E+14,上海云集培训学校有限公司,松江,全媒体运营师（直播运营）[S300070],中级/四级
2.02E+14,上海云集培训学校有限公司,松江,全媒体运营师（直播运营）[S300070],高级/三级
2.02E+14,上海云集培训学校有限公司,松江,全媒体运营师（直播运营）[S400071],中级/四级
2.02E+14,上海云集培训学校有限公司,松江,全媒体运营师（直播运营）[S400071],高级/三级
2.02E+14,上海云集培训学校有限公司,松江,全媒体运营师（视听运营）[S300070],中级/四级
2.02E+14,上海云集培训学校有限公司,松江,全媒体运营师（视听运营）[S300070],高级/三级
2.02E+14,上海云集培训学校有限公司,松江,全媒体运营师（视听运营）[S400071],高级/三级
2.02E+14,上海云集培训学校有限公司,松江,全媒体运营师（视听运营）[S400071],中级/四级
2.02E+14,上海圣达教育培训有限公司,浦东,企业人力资源管理师[S300015],中级/四级
2.02E+14,上海圣达教育培训有限公司,浦东,养老护理员[S300038],中级/四级
2.02E+14,上海圣达教育培训有限公司,浦东,养老护理员[S300038],初级/五级
2.02E+14,上海高展教育培训有限公司,青浦,插花花艺师[S600024],初级/五级
2.02E+14,上海科才职业技能培训有限公司,杨浦,人工智能训练师[S500053],高级/三级
2.02E+14,上海科才职业技能培训有限公司,杨浦,人工智能训练师[S500053],中级/四级
2.02E+14,上海科才职业技能培训有限公司,杨浦,企业人力资源管理师[S300015],中级/四级
2.02E+14,上海科才职业技能培训有限公司,杨浦,供应链管理师[S200020],技师/二级
2.02E+14,上海科才职业技能培训有限公司,杨浦,供应链管理师[S200020],高级/三级
2.02E+14,上海科才职业技能培训有限公司,杨浦,供应链管理师[S300031],高级/三级
2.02E+14,上海科才职业技能培训有限公司,杨浦,网络与信息安全管理员（互联网信息审核员）[S100017],中级/四级
2.02E+14,上海科才职业技能培训有限公司,杨浦,网络与信息安全管理员（互联网信息审核员）[S100017],高级/三级
2.02E+14,上海科才职业技能培训有限公司,杨浦,计算机程序设计员[S300032],高级/三级
2.02E+14,上海科才职业技能培训有限公司,杨浦,计算机程序设计员[S400021],中级/四级
2.02E+14,上海科才职业技能培训有限公司,杨浦,计算机程序设计员[S400021],高级/三级
2.02E+14,上海万通职业技能培训有限公司,浦东,汽车维修工（汽车机械维修工）[S200005],初级/五级
2.02E+14,上海万通职业技能培训有限公司,浦东,汽车维修工（汽车机械维修工）[S200005],中级/四级
2.02E+14,上海万通职业技能培训有限公司,浦东,汽车维修工（汽车美容装潢工）[S200005],初级/五级
2.02E+14,上海梓程职业技能培训有限公司,浦东,茶艺师[S300009],初级/五级
2.02E+14,上海梓程职业技能培训有限公司,浦东,茶艺师[S300009],中级/四级
2.02E+14,上海梓程职业技能培训有限公司,浦东,评茶师[S300009],初级/五级
2.02E+14,上海梓程职业技能培训有限公司,浦东,评茶师[S300009],中级/四级
2.02E+14,上海同人职业技能培训有限公司,浦东,人工智能数据标注[S200057],专项职业能力
2.02E+14,上海同人职业技能培训有限公司,浦东,人工智能模型运用[S200057],专项职业能力
2.02E+14,上海同人职业技能培训有限公司,浦东,人工智能训练师[S300040],中级/四级
2.02E+14,上海同人职业技能培训有限公司,浦东,人工智能训练师[S300040],高级/三级
2.02E+14,上海同人职业技能培训有限公司,浦东,人工智能训练师[S400054],中级/四级
2.02E+14,上海同人职业技能培训有限公司,浦东,人工智能训练师[S400054],高级/三级
2.02E+14,上海同人职业技能培训有限公司,浦东,人工智能训练师[S500053],高级/三级
2.02E+14,上海同人职业技能培训有限公司,浦东,企业人力资源管理师[S300015],中级/四级
2.02E+14,上海同人职业技能培训有限公司,浦东,企业人力资源管理师[S300015],高级/三级
2.02E+14,上海同人职业技能培训有限公司,浦东,保育师[S300011],初级/五级
2.02E+14,上海同人职业技能培训有限公司,浦东,保育师[S300011],中级/四级
2.02E+14,上海同人职业技能培训有限公司,浦东,保育师[S300011],高级/三级
2.02E+14,上海同人职业技能培训有限公司,浦东,健康照护师（长期照护师）[S500077],初级/五级
2.02E+14,上海同人职业技能培训有限公司,浦东,健康照护师（长期照护师）[S500077],中级/四级
2.02E+14,上海同人职业技能培训有限公司,浦东,健康照护师（长期照护师）[S500077],高级/三级
2.02E+14,上海同人职业技能培训有限公司,浦东,养老护理员[S300038],高级/三级
2.02E+14,上海同人职业技能培训有限公司,浦东,养老护理员[S300038],中级/四级
2.02E+14,上海同人职业技能培训有限公司,浦东,养老护理员[S300038],初级/五级
2.02E+14,上海同人职业技能培训有限公司,浦东,婴幼儿发展引导员（育婴员）[S300011],初级/五级
2.02E+14,上海同人职业技能培训有限公司,浦东,婴幼儿发展引导员（育婴员）[S300011],中级/四级
2.02E+14,上海同人职业技能培训有限公司,浦东,婴幼儿发展引导员（育婴员）[S300011],高级/三级
2.02E+14,上海同人职业技能培训有限公司,浦东,家政服务员（家庭照护员）[S300039],高级/三级
2.02E+14,上海同人职业技能培训有限公司,浦东,家政服务员（家庭照护员）[S300039],初级/五级
2.02E+14,上海同人职业技能培训有限公司,浦东,家政服务员（家庭照护员）[S500065],中级/四级
2.02E+14,上海同人职业技能培训有限公司,浦东,家政服务员（母婴护理员）[S300039],初级/五级
2.02E+14,上海同人职业技能培训有限公司,浦东,家政服务员（母婴护理员）[S300039],中级/四级
2.02E+14,上海同人职业技能培训有限公司,浦东,家政服务员（母婴护理员）[S300039],高级/三级
2.02E+14,上海同人职业技能培训有限公司,浦东,汽车维修工（汽车机械维修工）[S200005],初级/五级
2.02E+14,上海同人职业技能培训有限公司,浦东,汽车维修工（汽车机械维修工）[S200005],中级/四级
2.02E+14,上海同人职业技能培训有限公司,浦东,电工[S100004],中级/四级
2.02E+14,上海同人职业技能培训有限公司,浦东,电工[S100004],初级/五级
2.02E+14,上海同人职业技能培训有限公司,浦东,职业培训师[S300015],高级/三级
2.02E+14,上海彼岸之途职业技能培训有限公司,青浦,中式面点师[S300013],初级/五级
2.02E+14,上海彼岸之途职业技能培训有限公司,青浦,中式面点师[S300013],中级/四级
2.02E+14,上海彼岸之途职业技能培训有限公司,青浦,茶艺师[S300009],初级/五级
2.02E+14,上海彼岸之途职业技能培训有限公司,青浦,茶艺师[S300009],中级/四级
2.02E+14,上海彼岸之途职业技能培训有限公司,青浦,西式烹调师[S600012],初级/五级
2.02E+14,上海彼岸之途职业技能培训有限公司,青浦,西式烹调师[S600012],中级/四级
2.02E+14,上海彼岸之途职业技能培训有限公司,青浦,西式面点师[S300013],初级/五级
2.02E+14,上海彼岸之途职业技能培训有限公司,青浦,西式面点师[S300013],中级/四级
2.02E+14,上海彼岸之途职业技能培训有限公司,青浦,调酒师[S300013],高级/三级
2.02E+14,上海彼岸之途职业技能培训有限公司,青浦,调酒师[S300013],中级/四级
2.02E+14,上海彼岸之途职业技能培训有限公司,青浦,调酒师[S300013],初级/五级
2.02E+14,上海彼岸之途职业技能培训有限公司,青浦,餐厅服务员[300017],高级/三级
2.02E+14,上海彼岸之途职业技能培训有限公司,青浦,餐厅服务员[300017],中级/四级
2.02E+14,上海彼岸之途职业技能培训有限公司,青浦,餐厅服务员[300017],初级/五级
2.02E+14,上海海迩浦职业技能培训有限公司,浦东,企业人力资源管理师[S300015],中级/四级
2.02E+14,上海海迩浦职业技能培训有限公司,浦东,供应链管理师[S300031],高级/三级
2.02E+14,上海海迩浦职业技能培训有限公司,浦东,供应链管理师[S500063],高级/三级
2.02E+14,上海立得职业技能培训有限公司,黄浦,互联网营销师（商品选品员）[S300031],高级/三级
2.02E+14,上海立得职业技能培训有限公司,黄浦,互联网营销师（商品选品员）[S300031],中级/四级
2.02E+14,上海立得职业技能培训有限公司,黄浦,互联网营销师（商品选品员）[S300031],初级/五级
2.02E+14,上海立得职业技能培训有限公司,黄浦,互联网营销师（直播销售员）[S500023],初级/五级
2.02E+14,上海立得职业技能培训有限公司,黄浦,互联网营销师（直播销售员）[S500023],中级/四级
2.02E+14,上海立得职业技能培训有限公司,黄浦,互联网营销师（直播销售员）[S500023],高级/三级
2.02E+14,上海立得职业技能培训有限公司,黄浦,人工智能训练师[S300040],高级/三级
2.02E+14,上海立得职业技能培训有限公司,黄浦,人工智能训练师[S400054],高级/三级
2.02E+14,上海立得职业技能培训有限公司,黄浦,人工智能训练师[S500053],高级/三级
2.02E+14,上海立得职业技能培训有限公司,黄浦,全媒体运营师（创意策划）[S400071],高级/三级
2.02E+14,上海立得职业技能培训有限公司,黄浦,全媒体运营师（流量运营）[S300070],高级/三级
2.02E+14,上海立得职业技能培训有限公司,黄浦,全媒体运营师（流量运营）[S400071],高级/三级
2.02E+14,上海立得职业技能培训有限公司,黄浦,全媒体运营师（直播运营）[S300070],高级/三级
2.02E+14,上海立得职业技能培训有限公司,黄浦,全媒体运营师（直播运营）[S400071],高级/三级
2.02E+14,上海立得职业技能培训有限公司,黄浦,养老护理员[S300038],高级/三级
2.02E+14,上海立得职业技能培训有限公司,黄浦,养老护理员[S300038],中级/四级
2.02E+14,上海立得职业技能培训有限公司,黄浦,养老护理员[S300038],初级/五级
2.02E+14,上海立得职业技能培训有限公司,黄浦,养老护理员[S300060],初级/五级
2.02E+14,上海立得职业技能培训有限公司,黄浦,养老护理员[S300060],中级/四级
2.02E+14,上海立得职业技能培训有限公司,黄浦,养老护理员[S300060],高级/三级
2.02E+14,上海立得职业技能培训有限公司,黄浦,家政服务员（家务服务员）[S300039],高级/三级
2.02E+14,上海立得职业技能培训有限公司,黄浦,家政服务员（家庭照护员）[S300039],高级/三级
2.02E+14,上海立得职业技能培训有限公司,黄浦,家政服务员（母婴护理员）[S300039],高级/三级
2.02E+14,上海立得职业技能培训有限公司,黄浦,电子商务师（网商）[S300030],中级/四级
2.02E+14,上海立得职业技能培训有限公司,黄浦,电子商务师（网商）[S300030],高级/三级
2.02E+14,上海立得职业技能培训有限公司,黄浦,计算机程序设计员[S300032],高级/三级
2.02E+14,上海立得职业技能培训有限公司,黄浦,计算机程序设计员[S400021],高级/三级
2.02E+14,上海立得职业技能培训有限公司,黄浦,计算机软件测试员[S300032],高级/三级
2.02E+14,上海易芸职业技能培训有限公司,浦东,中式烹调师[S300013],初级/五级
2.02E+14,上海易芸职业技能培训有限公司,浦东,养老护理员[S300038],初级/五级
2.02E+14,上海易芸职业技能培训有限公司,浦东,家政服务员（家务服务员）[S300039],初级/五级
2.02E+14,上海易芸职业技能培训有限公司,浦东,家政服务员（母婴护理员）[S300039],初级/五级
2.02E+14,上海黄浦区尧学教育进修学院,黄浦,健康照护师（长期照护师）[S500077],初级/五级
2.02E+14,上海黄浦区尧学教育进修学院,黄浦,健康照护师（长期照护师）[S500077],中级/四级
2.02E+14,上海黄浦区尧学教育进修学院,黄浦,健康照护师（长期照护师）[S500077],高级/三级
2.02E+14,上海黄浦区尧学教育进修学院,黄浦,全媒体运营师（创意策划）[S400071],高级/三级
2.02E+14,上海黄浦区尧学教育进修学院,黄浦,全媒体运营师（直播运营）[S300070],高级/三级
2.02E+14,上海黄浦区尧学教育进修学院,黄浦,全媒体运营师（直播运营）[S400071],高级/三级
2.02E+14,上海黄浦区尧学教育进修学院,黄浦,全媒体运营师（视听运营）[S300070],高级/三级
2.02E+14,上海黄浦区尧学教育进修学院,黄浦,全媒体运营师（视听运营）[S400071],高级/三级
2.02E+14,上海黄浦区尧学教育进修学院,黄浦,家政服务员（家庭照护员）[S300031],高级/三级
2.02E+14,上海黄浦区尧学教育进修学院,黄浦,家政服务员（家庭照护员）[S300039],高级/三级
2.02E+14,上海新程职业技能培训有限公司,宝山,养老护理员[S300038],中级/四级
2.02E+14,上海新程职业技能培训有限公司,宝山,养老护理员[S300038],初级/五级
2.02E+14,上海华裕职业技能培训有限公司,普陀,保育师[S300011],初级/五级
2.02E+14,上海华裕职业技能培训有限公司,普陀,保育师[S300011],中级/四级
2.02E+14,上海华裕职业技能培训有限公司,普陀,保育师[S300011],高级/三级
2.02E+14,上海华裕职业技能培训有限公司,普陀,养老护理员[S300038],高级/三级
2.02E+14,上海华裕职业技能培训有限公司,普陀,养老护理员[S300038],中级/四级
2.02E+14,上海华裕职业技能培训有限公司,普陀,养老护理员[S300038],初级/五级
2.02E+14,上海华裕职业技能培训有限公司,普陀,养老护理员[S300060],初级/五级
2.02E+14,上海华裕职业技能培训有限公司,普陀,养老护理员[S300060],中级/四级
2.02E+14,上海华裕职业技能培训有限公司,普陀,养老护理员[S300060],高级/三级
2.02E+14,上海华裕职业技能培训有限公司,普陀,婴幼儿发展引导员（育婴员）[S300011],初级/五级
2.02E+14,上海华裕职业技能培训有限公司,普陀,婴幼儿发展引导员（育婴员）[S300011],中级/四级
2.02E+14,上海华裕职业技能培训有限公司,普陀,婴幼儿发展引导员（育婴员）[S300011],高级/三级
2.02E+14,上海华裕职业技能培训有限公司,普陀,家政服务员（家庭照护员）[S300031],高级/三级
2.02E+14,上海华裕职业技能培训有限公司,普陀,家政服务员（家庭照护员）[S300039],高级/三级
2.02E+14,上海华裕职业技能培训有限公司,普陀,家政服务员（家庭照护员）[S300039],中级/四级
2.02E+14,上海华裕职业技能培训有限公司,普陀,家政服务员（家庭照护员）[S300039],初级/五级
2.02E+14,上海华裕职业技能培训有限公司,普陀,家政服务员（母婴护理员）[S300039],初级/五级
2.02E+14,上海华裕职业技能培训有限公司,普陀,家政服务员（母婴护理员）[S300039],中级/四级
2.02E+14,上海华裕职业技能培训有限公司,普陀,家政服务员（母婴护理员）[S300039],高级/三级
2.02E+14,上海翠园职业技能培训有限公司,浦东,中式烹调师[S300013],初级/五级
2.02E+14,上海翠园职业技能培训有限公司,浦东,中式烹调师[S300013],中级/四级
2.02E+14,上海翠园职业技能培训有限公司,浦东,中式面点师[S300013],初级/五级
2.02E+14,上海翠园职业技能培训有限公司,浦东,保育师[S300011],初级/五级
2.02E+14,上海翠园职业技能培训有限公司,浦东,保育师[S300011],中级/四级
2.02E+14,上海小鲜职业技能培训有限责任公司,浦东,中式烹调师[S300013],初级/五级
2.02E+14,上海小鲜职业技能培训有限责任公司,浦东,中式烹调师[S300013],中级/四级
2.02E+14,上海小鲜职业技能培训有限责任公司,浦东,中式烹调师[S300013],高级/三级
2.02E+14,上海小鲜职业技能培训有限责任公司,浦东,中式面点师[S300013],初级/五级
2.02E+14,上海小鲜职业技能培训有限责任公司,浦东,中式面点师[S300013],中级/四级
2.02E+14,上海小鲜职业技能培训有限责任公司,浦东,中式面点师[S300013],高级/三级
2.02E+14,上海小鲜职业技能培训有限责任公司,浦东,人工智能训练师[S300040],初级/五级
2.02E+14,上海小鲜职业技能培训有限责任公司,浦东,人工智能训练师[S300040],中级/四级
2.02E+14,上海小鲜职业技能培训有限责任公司,浦东,人工智能训练师[S300040],高级/三级
2.02E+14,上海小鲜职业技能培训有限责任公司,浦东,人工智能训练师[S400054],高级/三级
2.02E+14,上海小鲜职业技能培训有限责任公司,浦东,企业人力资源管理师[S300015],中级/四级
2.02E+14,上海小鲜职业技能培训有限责任公司,浦东,企业人力资源管理师[S300015],高级/三级
2.02E+14,上海小鲜职业技能培训有限责任公司,浦东,供应链管理师[S300031],高级/三级
2.02E+14,上海小鲜职业技能培训有限责任公司,浦东,劳动关系协调师[S300016],中级/四级
2.02E+14,上海小鲜职业技能培训有限责任公司,浦东,劳动关系协调师[S300016],高级/三级
2.02E+14,上海小鲜职业技能培训有限责任公司,浦东,职业培训师[S300015],高级/三级
2.02E+14,上海小鲜职业技能培训有限责任公司,浦东,西式面点师[S300013],初级/五级
2.02E+14,上海小鲜职业技能培训有限责任公司,浦东,西式面点师[S300013],中级/四级
2.02E+14,上海懿馨懿颐培训中心有限公司,浦东,养老护理员[S300038],中级/四级
2.02E+14,上海懿馨懿颐培训中心有限公司,浦东,养老护理员[S300038],初级/五级
2.02E+14,上海同舟职业技能培训有限公司,嘉定,互联网营销师（直播销售员）[S500023],初级/五级
2.02E+14,上海同舟职业技能培训有限公司,嘉定,互联网营销师（直播销售员）[S500023],中级/四级
2.02E+14,上海同舟职业技能培训有限公司,嘉定,互联网营销师（直播销售员）[S500023],高级/三级
2.02E+14,上海同舟职业技能培训有限公司,嘉定,人工智能训练师[S300040],初级/五级
2.02E+14,上海同舟职业技能培训有限公司,嘉定,人工智能训练师[S300040],中级/四级
2.02E+14,上海同舟职业技能培训有限公司,嘉定,人工智能训练师[S300040],高级/三级
2.02E+14,上海同舟职业技能培训有限公司,嘉定,人工智能训练师[S400054],中级/四级
2.02E+14,上海同舟职业技能培训有限公司,嘉定,人工智能训练师[S400054],高级/三级
2.02E+14,上海同舟职业技能培训有限公司,嘉定,人工智能训练师[S500053],高级/三级
2.02E+14,上海同舟职业技能培训有限公司,嘉定,人工智能训练师[S500053],中级/四级
2.02E+14,上海同舟职业技能培训有限公司,嘉定,供应链管理师[S300031],高级/三级
2.02E+14,上海同舟职业技能培训有限公司,嘉定,供应链管理师[S300031],技师/二级
2.02E+14,上海同舟职业技能培训有限公司,嘉定,全媒体运营师（流量运营）[S300070],中级/四级
2.02E+14,上海同舟职业技能培训有限公司,嘉定,全媒体运营师（流量运营）[S300070],高级/三级
2.02E+14,上海同舟职业技能培训有限公司,嘉定,全媒体运营师（流量运营）[S400071],高级/三级
2.02E+14,上海同舟职业技能培训有限公司,嘉定,全媒体运营师（流量运营）[S400071],中级/四级
2.02E+14,上海同舟职业技能培训有限公司,嘉定,全媒体运营师（直播运营）[S300070],中级/四级
2.02E+14,上海同舟职业技能培训有限公司,嘉定,全媒体运营师（直播运营）[S300070],高级/三级
2.02E+14,上海同舟职业技能培训有限公司,嘉定,全媒体运营师（直播运营）[S400071],中级/四级
2.02E+14,上海同舟职业技能培训有限公司,嘉定,全媒体运营师（直播运营）[S400071],高级/三级
2.02E+14,上海同舟职业技能培训有限公司,嘉定,全媒体运营师（视听运营）[S300070],中级/四级
2.02E+14,上海同舟职业技能培训有限公司,嘉定,全媒体运营师（视听运营）[S300070],高级/三级
2.02E+14,上海同舟职业技能培训有限公司,嘉定,全媒体运营师（视听运营）[S400071],高级/三级
2.02E+14,上海同舟职业技能培训有限公司,嘉定,全媒体运营师（视听运营）[S400071],中级/四级
2.02E+14,上海同舟职业技能培训有限公司,嘉定,养老护理员[S300038],高级/三级
2.02E+14,上海同舟职业技能培训有限公司,嘉定,养老护理员[S300038],中级/四级
2.02E+14,上海同舟职业技能培训有限公司,嘉定,养老护理员[S300038],初级/五级
2.02E+14,上海同舟职业技能培训有限公司,嘉定,养老护理员[S300060],初级/五级
2.02E+14,上海同舟职业技能培训有限公司,嘉定,养老护理员[S300060],中级/四级
2.02E+14,上海同舟职业技能培训有限公司,嘉定,养老护理员[S300060],高级/三级
2.02E+14,上海同舟职业技能培训有限公司,嘉定,家政服务员（家庭照护员）[S300039],高级/三级
2.02E+14,上海同舟职业技能培训有限公司,嘉定,家政服务员（家庭照护员）[S300039],中级/四级
2.02E+14,上海同舟职业技能培训有限公司,嘉定,家政服务员（家庭照护员）[S300039],初级/五级
2.02E+14,上海同舟职业技能培训有限公司,嘉定,家政服务员（母婴护理员）[S300039],初级/五级
2.02E+14,上海同舟职业技能培训有限公司,嘉定,家政服务员（母婴护理员）[S300039],中级/四级
2.02E+14,上海同舟职业技能培训有限公司,嘉定,家政服务员（母婴护理员）[S300039],高级/三级
2.02E+14,上海同舟职业技能培训有限公司,嘉定,茶艺师[S300009],初级/五级
2.02E+14,上海同舟职业技能培训有限公司,嘉定,茶艺师[S300009],中级/四级
2.02E+14,上海同舟职业技能培训有限公司,嘉定,茶艺师[S300009],高级/三级
2.02E+14,上海同舟职业技能培训有限公司,嘉定,茶艺师[S300062],初级/五级
2.02E+14,上海同舟职业技能培训有限公司,嘉定,茶艺师[S300062],中级/四级
2.02E+14,上海同舟职业技能培训有限公司,嘉定,茶艺师[S300062],高级/三级
2.02E+14,上海同舟职业技能培训有限公司,嘉定,评茶师[S300009],初级/五级
2.02E+14,上海同舟职业技能培训有限公司,嘉定,评茶师[S300009],中级/四级
2.02E+14,上海同舟职业技能培训有限公司,嘉定,评茶师[S300009],高级/三级
2.02E+14,上海同舟职业技能培训有限公司,嘉定,评茶师[S300062],初级/五级
2.02E+14,上海同舟职业技能培训有限公司,嘉定,评茶师[S300062],中级/四级
2.02E+14,上海同舟职业技能培训有限公司,嘉定,评茶师[S300062],高级/三级
2.02E+14,上海鑫科瑞教育培训有限公司,浦东,养老护理员[S300038],高级/三级
2.02E+14,上海鑫科瑞教育培训有限公司,浦东,养老护理员[S300038],中级/四级
2.02E+14,上海鑫科瑞教育培训有限公司,浦东,养老护理员[S300038],初级/五级
2.02E+14,上海蓝若职业技能培训有限责任公司,浦东,养老护理员[S300038],中级/四级
2.02E+14,上海蓝若职业技能培训有限责任公司,浦东,养老护理员[S300038],初级/五级
2.02E+14,上海蓝若职业技能培训有限责任公司,浦东,家政服务员（家务服务员）[S300039],初级/五级
2.02E+14,上海震旦教育培训有限公司,黄浦,互联网营销师（商品选品员）[S300031],高级/三级
2.02E+14,上海震旦教育培训有限公司,黄浦,互联网营销师（商品选品员）[S300031],中级/四级
2.02E+14,上海震旦教育培训有限公司,黄浦,人工智能训练师[S300040],初级/五级
2.02E+14,上海震旦教育培训有限公司,黄浦,人工智能训练师[S400054],高级/三级
2.02E+14,上海震旦教育培训有限公司,黄浦,人工智能训练师[S500053],高级/三级
2.02E+14,上海震旦教育培训有限公司,黄浦,人工智能训练师[S500053],中级/四级
2.02E+14,上海震旦教育培训有限公司,黄浦,供应链管理师[S300031],高级/三级
2.02E+14,上海震旦教育培训有限公司,黄浦,全媒体运营师（流量运营）[S300070],中级/四级
2.02E+14,上海震旦教育培训有限公司,黄浦,全媒体运营师（流量运营）[S300070],高级/三级
2.02E+14,上海震旦教育培训有限公司,黄浦,全媒体运营师（流量运营）[S400071],高级/三级
2.02E+14,上海震旦教育培训有限公司,黄浦,全媒体运营师（流量运营）[S400071],中级/四级
2.02E+14,上海震旦教育培训有限公司,黄浦,全媒体运营师（直播运营）[S300070],中级/四级
2.02E+14,上海震旦教育培训有限公司,黄浦,全媒体运营师（直播运营）[S300070],高级/三级
2.02E+14,上海震旦教育培训有限公司,黄浦,全媒体运营师（直播运营）[S400071],中级/四级
2.02E+14,上海震旦教育培训有限公司,黄浦,全媒体运营师（直播运营）[S400071],高级/三级
2.02E+14,上海震旦教育培训有限公司,黄浦,全媒体运营师（视听运营）[S300070],中级/四级
2.02E+14,上海震旦教育培训有限公司,黄浦,全媒体运营师（视听运营）[S300070],高级/三级
2.02E+14,上海震旦教育培训有限公司,黄浦,全媒体运营师（视听运营）[S400071],高级/三级
2.02E+14,上海震旦教育培训有限公司,黄浦,全媒体运营师（视听运营）[S400071],中级/四级
2.02E+14,上海震旦教育培训有限公司,黄浦,呼叫中心服务员[S300031],高级/三级
2.02E+14,上海震旦教育培训有限公司,黄浦,呼叫中心服务员[S300031],中级/四级
2.02E+14,上海美丽之约职业技能培训有限公司,浦东,形象设计师[S300008],高级/三级
2.02E+14,上海美丽之约职业技能培训有限公司,浦东,美发师[S300008],初级/五级
2.02E+14,上海美丽之约职业技能培训有限公司,浦东,美容师[S300008],初级/五级
2.02E+14,上海美丽之约职业技能培训有限公司,浦东,美容师[S300008],中级/四级
2.02E+14,上海美丽之约职业技能培训有限公司,浦东,美容师[S300008],高级/三级
2.02E+14,上海美丽之约职业技能培训有限公司,浦东,美甲师[S300008],高级/三级
2.02E+14,上海美丽之约职业技能培训有限公司,浦东,美甲师[S300008],中级/四级
2.02E+14,上海美丽之约职业技能培训有限公司,浦东,美甲师[S300008],初级/五级
2.02E+14,上海佑安职业技能培训有限公司,虹口,企业人力资源管理师[S300015],中级/四级
2.02E+14,上海馨月汇健康护理职业技术培训学校,宝山,养老护理员[S300038],初级/五级
2.02E+14,上海馨月汇健康护理职业技术培训学校,宝山,养老护理员[S300060],初级/五级
2.02E+14,上海馨月汇健康护理职业技术培训学校,宝山,婴幼儿发展引导员（育婴员）[S300011],初级/五级
2.02E+14,上海馨月汇健康护理职业技术培训学校,宝山,家政服务员（母婴护理员）[S300039],初级/五级
2.02E+14,上海长护宝职业技能培训有限公司,崇明,养老护理员[S300038],高级/三级
2.02E+14,上海长护宝职业技能培训有限公司,崇明,养老护理员[S300038],中级/四级
2.02E+14,上海长护宝职业技能培训有限公司,崇明,养老护理员[S300038],初级/五级
2.02E+14,上海力合新职业技能培训有限公司,浦东,养老护理员[S300038],高级/三级
2.02E+14,上海力合新职业技能培训有限公司,浦东,养老护理员[S300038],中级/四级
2.02E+14,上海力合新职业技能培训有限公司,浦东,养老护理员[S300038],初级/五级
2.02E+14,上海智链职业技能培训有限责任公司,浦东,互联网营销师（直播销售员）[S500023],中级/四级
2.02E+14,上海智链职业技能培训有限责任公司,浦东,互联网营销师（直播销售员）[S500023],高级/三级
2.02E+14,上海智链职业技能培训有限责任公司,浦东,人工智能训练师[S400054],中级/四级
2.02E+14,上海智链职业技能培训有限责任公司,浦东,人工智能训练师[S400054],高级/三级
2.02E+14,上海智链职业技能培训有限责任公司,浦东,人工智能训练师[S500053],高级/三级
2.02E+14,上海智链职业技能培训有限责任公司,浦东,人工智能训练师[S500053],中级/四级
2.02E+14,上海智链职业技能培训有限责任公司,浦东,全媒体运营师（创意策划）[S400071],中级/四级
2.02E+14,上海智链职业技能培训有限责任公司,浦东,全媒体运营师（创意策划）[S400071],高级/三级
2.02E+14,上海智链职业技能培训有限责任公司,浦东,全媒体运营师（数据分析）[S400071],高级/三级
2.02E+14,上海智链职业技能培训有限责任公司,浦东,全媒体运营师（直播运营）[S300070],中级/四级
2.02E+14,上海智链职业技能培训有限责任公司,浦东,全媒体运营师（直播运营）[S300070],高级/三级
2.02E+14,上海智链职业技能培训有限责任公司,浦东,全媒体运营师（直播运营）[S400071],中级/四级
2.02E+14,上海智链职业技能培训有限责任公司,浦东,全媒体运营师（直播运营）[S400071],高级/三级
2.02E+14,上海智链职业技能培训有限责任公司,浦东,电子商务师（网商）[S300030],高级/三级
2.02E+14,上海智链职业技能培训有限责任公司,浦东,网络与信息安全管理员（信息安全管理员）[S500053],高级/三级
2.02E+14,上海智链职业技能培训有限责任公司,浦东,计算机程序设计员[S300032],高级/三级
2.02E+14,上海智链职业技能培训有限责任公司,浦东,计算机程序设计员[S400021],高级/三级
2.02E+14,上海智链职业技能培训有限责任公司,浦东,计算机软件测试员[S300032],高级/三级
2.02E+14,上海青浦区青流职业技能培训学校,青浦,互联网营销师（直播销售员）[S500023],初级/五级
2.02E+14,上海青浦区青流职业技能培训学校,青浦,互联网营销师（直播销售员）[S500023],中级/四级
2.02E+14,上海青浦区青流职业技能培训学校,青浦,互联网营销师（直播销售员）[S500023],高级/三级
2.02E+14,上海青浦区青流职业技能培训学校,青浦,人工智能训练师[S300040],初级/五级
2.02E+14,上海青浦区青流职业技能培训学校,青浦,人工智能训练师[S300040],中级/四级
2.02E+14,上海青浦区青流职业技能培训学校,青浦,人工智能训练师[S300040],高级/三级
2.02E+14,上海青浦区青流职业技能培训学校,青浦,人工智能训练师[S400054],中级/四级
2.02E+14,上海青浦区青流职业技能培训学校,青浦,人工智能训练师[S400054],高级/三级
2.02E+14,上海青浦区青流职业技能培训学校,青浦,人工智能训练师[S500053],高级/三级
2.02E+14,上海青浦区青流职业技能培训学校,青浦,人工智能训练师[S500053],中级/四级
2.02E+14,上海青浦区青流职业技能培训学校,青浦,企业人力资源管理师[S300015],中级/四级
2.02E+14,上海青浦区青流职业技能培训学校,青浦,企业人力资源管理师[S300015],高级/三级
2.02E+14,上海青浦区青流职业技能培训学校,青浦,企业人力资源管理师[S300015],技师/二级
2.02E+14,上海青浦区青流职业技能培训学校,青浦,供应链管理师[S200020],技师/二级
2.02E+14,上海青浦区青流职业技能培训学校,青浦,供应链管理师[S200020],高级/三级
2.02E+14,上海青浦区青流职业技能培训学校,青浦,供应链管理师[S300031],高级/三级
2.02E+14,上海青浦区青流职业技能培训学校,青浦,全媒体运营师（视听运营）[S300070],中级/四级
2.02E+14,上海青浦区青流职业技能培训学校,青浦,全媒体运营师（视听运营）[S300070],高级/三级
2.02E+14,上海青浦区青流职业技能培训学校,青浦,全媒体运营师（视听运营）[S400071],高级/三级
2.02E+14,上海青浦区青流职业技能培训学校,青浦,全媒体运营师（视听运营）[S400071],中级/四级
2.02E+14,上海青浦区青流职业技能培训学校,青浦,劳动关系协调师[S300016],中级/四级
2.02E+14,上海青浦区青流职业技能培训学校,青浦,劳动关系协调师[S300016],高级/三级
2.02E+14,上海青浦区青流职业技能培训学校,青浦,物流服务师[S300035],高级/三级
2.02E+14,上海青浦区青流职业技能培训学校,青浦,物流服务师[S300035],技师/二级
2.02E+14,上海青浦区青流职业技能培训学校,青浦,电子商务师（网商）[S300030],中级/四级
2.02E+14,上海青浦区青流职业技能培训学校,青浦,电子商务师（网商）[S300030],高级/三级
2.02E+14,上海青浦区青流职业技能培训学校,青浦,网络与信息安全管理员（互联网信息审核员）[S100017],中级/四级
2.02E+14,上海青浦区青流职业技能培训学校,青浦,网络与信息安全管理员（互联网信息审核员）[S100017],高级/三级
2.02E+14,上海青浦区青流职业技能培训学校,青浦,网络与信息安全管理员（网络安全管理员）[S100017],中级/四级
2.02E+14,上海青浦区青流职业技能培训学校,青浦,网络与信息安全管理员（网络安全管理员）[S100017],高级/三级
2.02E+14,上海青浦区青流职业技能培训学校,青浦,网络与信息安全管理员（网络安全管理员）[S400054],中级/四级
2.02E+14,上海青浦区青流职业技能培训学校,青浦,网络与信息安全管理员（网络安全管理员）[S400054],高级/三级
2.02E+14,上海育佳培训学校有限公司,浦东,养老护理员[S300038],初级/五级
2.02E+14,上海育佳培训学校有限公司,浦东,家政服务员（母婴护理员）[S300039],初级/五级
2.02E+14,上海乐逢职业技能培训有限公司,黄浦,西式烹调师[S600012],初级/五级
2.02E+14,上海乐逢职业技能培训有限公司,黄浦,西式面点师[S300013],初级/五级
2.02E+14,上海乐逢职业技能培训有限公司,黄浦,西式面点师[S300056],初级/五级
2.02E+14,上海安星职业技能培训有限公司,浦东,计算机程序设计员[400001],中级/四级
2.02E+14,上海陆家嘴职业技能培训有限公司,浦东,物业管理师[S300037],中级/四级
2.02E+14,上海建四职业技能培训中心,静安,人工智能训练师[S300040],初级/五级
2.02E+14,上海建四职业技能培训中心,静安,人工智能训练师[S300040],中级/四级
2.02E+14,上海建四职业技能培训中心,静安,人工智能训练师[S300040],高级/三级
2.02E+14,上海建四职业技能培训中心,静安,人工智能训练师[S400054],中级/四级
2.02E+14,上海建四职业技能培训中心,静安,人工智能训练师[S400054],高级/三级
2.02E+14,上海建四职业技能培训中心,静安,劳动关系协调师[S300016],中级/四级
2.02E+14,上海建四职业技能培训中心,静安,劳动关系协调师[S300016],高级/三级
2.02E+14,上海建四职业技能培训中心,静安,工程测量员[S600024],初级/五级
2.02E+14,上海建四职业技能培训中心,静安,工程测量员[S600024],中级/四级
2.02E+14,上海建四职业技能培训中心,静安,建筑信息模型技术员[S300052],中级/四级
2.02E+14,上海建四职业技能培训中心,静安,建筑信息模型技术员（建筑工程）[S300052],高级/三级
2.02E+14,上海华盾职业技能培训有限公司,浦东,网络与信息安全管理员（互联网信息审核员）[S100017],中级/四级
2.02E+14,上海华盾职业技能培训有限公司,浦东,网络与信息安全管理员（互联网信息审核员）[S100017],高级/三级
2.02E+14,上海华盾职业技能培训有限公司,浦东,网络与信息安全管理员（互联网信息审核员）[S100017],技师/二级
2.02E+14,上海华盾职业技能培训有限公司,浦东,网络与信息安全管理员（信息安全管理员）[S100017],中级/四级
2.02E+14,上海华盾职业技能培训有限公司,浦东,网络与信息安全管理员（信息安全管理员）[S100017],高级/三级
2.02E+14,上海华盾职业技能培训有限公司,浦东,网络与信息安全管理员（信息安全管理员）[S100017],技师/二级
2.02E+14,上海华盾职业技能培训有限公司,浦东,网络与信息安全管理员（网络安全管理员）[S100017],中级/四级
2.02E+14,上海华盾职业技能培训有限公司,浦东,网络与信息安全管理员（网络安全管理员）[S100017],高级/三级
2.02E+14,上海华盾职业技能培训有限公司,浦东,网络与信息安全管理员（网络安全管理员）[S100017],技师/二级
2.02E+14,上海浦东临创职业技术培训学校,浦东,供应链管理师[S300031],高级/三级
2.02E+14,上海浦东临创职业技术培训学校,浦东,供应链管理师[S300031],技师/二级
2.02E+14,上海匠星职业技能培训有限公司,浦东,企业人力资源管理师[S300015],中级/四级
2.02E+14,清大东方职业技能培训学校集团有限公司,普陀,保卫管理员[S300044],高级/三级
2.02E+14,上海市嘉定嘉禾职业技能培训中心,嘉定,人工智能训练师[S300040],中级/四级
2.02E+14,上海市嘉定嘉禾职业技能培训中心,嘉定,人工智能训练师[S300040],高级/三级
2.02E+14,上海市嘉定嘉禾职业技能培训中心,嘉定,人工智能训练师[S400054],中级/四级
2.02E+14,上海市嘉定嘉禾职业技能培训中心,嘉定,人工智能训练师[S400054],高级/三级
2.02E+14,上海市嘉定嘉禾职业技能培训中心,嘉定,人工智能训练师[S500053],高级/三级
2.02E+14,上海市嘉定嘉禾职业技能培训中心,嘉定,人工智能训练师[S500053],中级/四级
2.02E+14,上海市嘉定嘉禾职业技能培训中心,嘉定,全媒体运营师（创意策划）[S400071],中级/四级
2.02E+14,上海市嘉定嘉禾职业技能培训中心,嘉定,全媒体运营师（创意策划）[S400071],高级/三级
2.02E+14,上海市嘉定嘉禾职业技能培训中心,嘉定,全媒体运营师（流量运营）[S400071],高级/三级
2.02E+14,上海市嘉定嘉禾职业技能培训中心,嘉定,全媒体运营师（流量运营）[S400071],中级/四级
2.02E+14,上海市嘉定嘉禾职业技能培训中心,嘉定,全媒体运营师（视听运营）[S300070],高级/三级
2.02E+14,上海市嘉定嘉禾职业技能培训中心,嘉定,全媒体运营师（视听运营）[S400071],高级/三级
2.02E+14,上海市嘉定嘉禾职业技能培训中心,嘉定,全媒体运营师（视听运营）[S400071],中级/四级
2.02E+14,上海市嘉定嘉禾职业技能培训中心,嘉定,劳动关系协调师[S300016],中级/四级
2.02E+14,上海市嘉定嘉禾职业技能培训中心,嘉定,劳动关系协调师[S300016],高级/三级
2.02E+14,上海市嘉定嘉禾职业技能培训中心,嘉定,电子竞技员[S500027],初级/五级
2.02E+14,上海市嘉定嘉禾职业技能培训中心,嘉定,电子竞技员[S500027],中级/四级
2.02E+14,上海市嘉定嘉禾职业技能培训中心,嘉定,电子竞技运营师[S300029],中级/四级
2.02E+14,上海市嘉定嘉禾职业技能培训中心,嘉定,计算机软件测试员[S300032],高级/三级
2.02E+14,上海佳协职业技能培训有限公司,嘉定,养老护理员[S300038],高级/三级
2.02E+14,上海佳协职业技能培训有限公司,嘉定,养老护理员[S300038],中级/四级
2.02E+14,上海佳协职业技能培训有限公司,嘉定,养老护理员[S300038],初级/五级
2.02E+14,上海佳协职业技能培训有限公司,嘉定,家政服务员（家庭照护员）[S300039],高级/三级
2.02E+14,上海佳协职业技能培训有限公司,嘉定,家政服务员（家庭照护员）[S300039],中级/四级
2.02E+14,上海佳协职业技能培训有限公司,嘉定,家政服务员（家庭照护员）[S300039],初级/五级
2.02E+14,上海佳协职业技能培训有限公司,嘉定,家政服务员（母婴护理员）[S300039],初级/五级
2.02E+14,上海佳协职业技能培训有限公司,嘉定,家政服务员（母婴护理员）[S300039],中级/四级
2.02E+14,上海佳协职业技能培训有限公司,嘉定,家政服务员（母婴护理员）[S300039],高级/三级
2.02E+14,中航协（上海）培训中心有限公司,长宁,劳动关系协调师[S300016],中级/四级
2.02E+14,上海跃迁培训学校有限公司,普陀,人工智能训练师[S300040],高级/三级
2.02E+14,上海跃迁培训学校有限公司,普陀,人工智能训练师[S400054],高级/三级
2.02E+14,上海跃迁培训学校有限公司,普陀,人工智能训练师[S500053],高级/三级
2.02E+14,上海跃迁培训学校有限公司,普陀,企业人力资源管理师[S300015],中级/四级
2.02E+14,上海跃迁培训学校有限公司,普陀,企业人力资源管理师[S300015],高级/三级
2.02E+14,上海跃迁培训学校有限公司,普陀,企业人力资源管理师[S300015],技师/二级
2.02E+14,上海跃迁培训学校有限公司,普陀,全媒体运营师（流量运营）[S300070],高级/三级
2.02E+14,上海跃迁培训学校有限公司,普陀,全媒体运营师（直播运营）[S300070],高级/三级
2.02E+14,上海跃迁培训学校有限公司,普陀,全媒体运营师（视听运营）[S300070],高级/三级
2.02E+14,上海跃迁培训学校有限公司,普陀,劳动关系协调师[S300016],中级/四级
2.02E+14,上海跃迁培训学校有限公司,普陀,劳动关系协调师[S300016],高级/三级
2.02E+14,上海跃迁培训学校有限公司,普陀,职业培训师[S300015],高级/三级
2.02E+14,上海侨辉职业技术学院有限公司,嘉定,养老护理员[S300038],中级/四级
2.02E+14,上海侨辉职业技术学院有限公司,嘉定,养老护理员[S300038],初级/五级
2.02E+14,上海科洛职业技能培训有限公司,浦东,企业人力资源管理师[S300015],中级/四级
2.02E+14,上海科洛职业技能培训有限公司,浦东,企业人力资源管理师[S300015],高级/三级
2.02E+14,上海科洛职业技能培训有限公司,浦东,劳动关系协调师[S300016],中级/四级
2.02E+14,上海科洛职业技能培训有限公司,浦东,劳动关系协调师[S300016],高级/三级
2.02E+14,上海科洛职业技能培训有限公司,浦东,工业机器人系统操作员[200001],高级/三级
2.02E+14,上海科洛职业技能培训有限公司,浦东,工业机器人系统操作员[200001],中级/四级
2.02E+14,上海首顺教育培训有限公司,浦东,包装设计师[S500046],中级/四级
2.02E+14,上海重贤职业技能培训有限公司,浦东,企业人力资源管理师[S300015],中级/四级
2.02E+14,上海重贤职业技能培训有限公司,浦东,养老护理员[S300038],中级/四级
2.02E+14,上海重贤职业技能培训有限公司,浦东,养老护理员[S300038],初级/五级
2.02E+14,上海重贤职业技能培训有限公司,浦东,养老护理员[S300060],初级/五级
2.02E+14,上海重贤职业技能培训有限公司,浦东,养老护理员[S300060],中级/四级
2.02E+14,上海重贤职业技能培训有限公司,浦东,家政服务员（母婴护理员）[S300039],初级/五级
2.02E+14,上海畅达职业技能培训有限公司,浦东,计算机程序设计员[S400021],中级/四级
2.02E+14,上海畅达职业技能培训有限公司,浦东,计算机程序设计员[S400021],高级/三级
2.02E+14,上海交文培训学校有限公司,浦东,人工智能训练师[S300040],中级/四级
2.02E+14,上海交文培训学校有限公司,浦东,人工智能训练师[S300040],高级/三级
2.02E+14,上海交文培训学校有限公司,浦东,人工智能训练师[S400054],中级/四级
2.02E+14,上海交文培训学校有限公司,浦东,人工智能训练师[S400054],高级/三级
2.02E+14,上海交文培训学校有限公司,浦东,人工智能训练师[S500053],高级/三级
2.02E+14,上海交文培训学校有限公司,浦东,人工智能训练师[S500053],中级/四级
2.02E+14,上海松江九峰职业技能培训中心,松江,电工 [100037],中级/四级
2.02E+14,上海松江九峰职业技能培训中心,松江,电工[S100004],初级/五级
2.02E+14,金鞍职业技能培训（上海）有限公司,普陀,网络与信息安全管理员（信息安全管理员）[S100017],中级/四级
2.02E+14,金鞍职业技能培训（上海）有限公司,普陀,计算机程序设计员[S400021],中级/四级
2.02E+14,上海尊护职业技能培训有限公司,虹口,企业人力资源管理师[S300015],中级/四级
2.02E+14,上海尊护职业技能培训有限公司,虹口,健康照护师（长期照护师）[S500077],初级/五级
2.02E+14,上海尊护职业技能培训有限公司,虹口,健康照护师（长期照护师）[S500077],中级/四级
2.02E+14,上海尊护职业技能培训有限公司,虹口,健康照护师（长期照护师）[S500077],高级/三级
2.02E+14,上海尊护职业技能培训有限公司,虹口,养老护理员[S300038],高级/三级
2.02E+14,上海尊护职业技能培训有限公司,虹口,养老护理员[S300038],中级/四级
2.02E+14,上海尊护职业技能培训有限公司,虹口,养老护理员[S300038],初级/五级
2.02E+14,上海尊护职业技能培训有限公司,虹口,医疗护理员[S300094],初级/五级
2.02E+14,上海尊护职业技能培训有限公司,虹口,医疗护理员[S300094],中级/四级
2.02E+14,上海尊护职业技能培训有限公司,虹口,医疗护理员[S300094],高级/三级
2.02E+14,上海尊护职业技能培训有限公司,虹口,婴幼儿发展引导员（育婴员）[S300011],初级/五级
2.02E+14,上海尊护职业技能培训有限公司,虹口,婴幼儿发展引导员（育婴员）[S300011],中级/四级
2.02E+14,上海尊护职业技能培训有限公司,虹口,家政服务员（家庭照护员）[S300039],高级/三级
2.02E+14,上海尊护职业技能培训有限公司,虹口,家政服务员（家庭照护员）[S300039],中级/四级
2.02E+14,上海尊护职业技能培训有限公司,虹口,家政服务员（家庭照护员）[S300039],初级/五级
2.02E+14,上海尊护职业技能培训有限公司,虹口,康复辅助技术咨询师[S300067],初级/五级
2.02E+14,上海尊护职业技能培训有限公司,虹口,康复辅助技术咨询师[S300067],中级/四级
2.02E+14,上海浦东齐力职业技能培训学校,浦东,计算机软件测试员[S300032],技师/二级
2.02E+14,上海浦东齐力职业技能培训学校,浦东,计算机软件测试员[S300032],高级/三级
2.02E+14,上海方得职业技能培训有限公司,宝山,人工智能训练师[S300040],高级/三级
2.02E+14,上海方得职业技能培训有限公司,宝山,健康照护师（长期照护师）[S500077],初级/五级
2.02E+14,上海方得职业技能培训有限公司,宝山,健康照护师（长期照护师）[S500077],中级/四级
2.02E+14,上海方得职业技能培训有限公司,宝山,健康照护师（长期照护师）[S500077],高级/三级
2.02E+14,上海方得职业技能培训有限公司,宝山,全媒体运营师（创意策划）[S400071],高级/三级
2.02E+14,上海方得职业技能培训有限公司,宝山,全媒体运营师（数据分析）[S400071],高级/三级
2.02E+14,上海方得职业技能培训有限公司,宝山,全媒体运营师（流量运营）[S400071],高级/三级
2.02E+14,上海方得职业技能培训有限公司,宝山,全媒体运营师（直播运营）[S300070],高级/三级
2.02E+14,上海方得职业技能培训有限公司,宝山,全媒体运营师（视听运营）[S300070],高级/三级
2.02E+14,上海方得职业技能培训有限公司,宝山,全媒体运营师（视听运营）[S400071],高级/三级
2.02E+14,上海方得职业技能培训有限公司,宝山,养老护理员[S300038],高级/三级
2.02E+14,上海方得职业技能培训有限公司,宝山,养老护理员[S300038],中级/四级
2.02E+14,上海方得职业技能培训有限公司,宝山,养老护理员[S300038],初级/五级
2.02E+14,上海方得职业技能培训有限公司,宝山,养老护理员[S300060],初级/五级
2.02E+14,上海方得职业技能培训有限公司,宝山,养老护理员[S300060],中级/四级
2.02E+14,上海方得职业技能培训有限公司,宝山,养老护理员[S300060],高级/三级
2.02E+14,上海方得职业技能培训有限公司,宝山,家政服务员（家务服务员）[S300039],初级/五级
2.02E+14,上海方得职业技能培训有限公司,宝山,家政服务员（家务服务员）[S300039],中级/四级
2.02E+14,上海方得职业技能培训有限公司,宝山,家政服务员（家务服务员）[S300039],高级/三级
2.02E+14,上海方得职业技能培训有限公司,宝山,家政服务员（家庭照护员）[S300039],高级/三级
2.02E+14,上海方得职业技能培训有限公司,宝山,家政服务员（母婴护理员）[S300039],初级/五级
2.02E+14,上海明天培训学校有限公司,浦东,养老护理员[S300038],中级/四级
2.02E+14,上海明天培训学校有限公司,浦东,养老护理员[S300038],初级/五级
2.02E+14,上海艾基埃宝石职业技能培训有限公司,黄浦,贵金属首饰与宝玉石检测员[S300051],初级/五级
2.02E+14,上海艾基埃宝石职业技能培训有限公司,黄浦,贵金属首饰与宝玉石检测员（宝石检验员）[S300051],高级/三级
2.02E+14,上海艾基埃宝石职业技能培训有限公司,黄浦,贵金属首饰与宝玉石检测员（宝石检验员）[S300051],中级/四级
2.02E+14,上海荣冶培训学校有限公司,宝山,人工智能训练师[S400054],中级/四级
2.02E+14,上海荣冶培训学校有限公司,宝山,人工智能训练师[S400054],高级/三级
2.02E+14,上海荣冶培训学校有限公司,宝山,企业人力资源管理师[S300015],中级/四级
2.02E+14,上海荣冶培训学校有限公司,宝山,企业人力资源管理师[S300015],高级/三级
2.02E+14,上海荣冶培训学校有限公司,宝山,企业人力资源管理师[S300015],技师/二级
2.02E+14,上海荣冶培训学校有限公司,宝山,企业人力资源管理师[S300015],高级技师/一级
2.02E+14,上海荣冶培训学校有限公司,宝山,供应链管理师[S300031],高级/三级
2.02E+14,上海荣冶培训学校有限公司,宝山,全媒体运营师（创意策划）[S400071],中级/四级
2.02E+14,上海荣冶培训学校有限公司,宝山,全媒体运营师（创意策划）[S400071],高级/三级
2.02E+14,上海荣冶培训学校有限公司,宝山,全媒体运营师（数据分析）[S400071],高级/三级
2.02E+14,上海荣冶培训学校有限公司,宝山,全媒体运营师（流量运营）[S300070],中级/四级
2.02E+14,上海荣冶培训学校有限公司,宝山,全媒体运营师（流量运营）[S300070],高级/三级
2.02E+14,上海荣冶培训学校有限公司,宝山,全媒体运营师（直播运营）[S300070],中级/四级
2.02E+14,上海荣冶培训学校有限公司,宝山,全媒体运营师（直播运营）[S300070],高级/三级
2.02E+14,上海荣冶培训学校有限公司,宝山,全媒体运营师（视听运营）[S300070],中级/四级
2.02E+14,上海荣冶培训学校有限公司,宝山,全媒体运营师（视听运营）[S300070],高级/三级
2.02E+14,上海荣冶培训学校有限公司,宝山,劳动关系协调师[S300016],中级/四级
2.02E+14,上海荣冶培训学校有限公司,宝山,劳动关系协调师[S300016],高级/三级
2.02E+14,上海荣冶培训学校有限公司,宝山,劳动关系协调师[S300016],技师/二级
2.02E+14,上海荣冶培训学校有限公司,宝山,职业培训师[S300015],技师/二级
2.02E+14,上海荣冶培训学校有限公司,宝山,职业培训师[S300015],高级技师/一级
2.02E+14,上海荣冶培训学校有限公司,宝山,职业培训师[S300015],高级/三级
2.02E+14,上海拍一拍职业技能培训有限公司,浦东,互联网营销师（直播销售员）[S500023],初级/五级
2.02E+14,上海拍一拍职业技能培训有限公司,浦东,互联网营销师（直播销售员）[S500023],中级/四级
2.02E+14,上海拍一拍职业技能培训有限公司,浦东,企业人力资源管理师[S300015],中级/四级
2.02E+14,上海拍一拍职业技能培训有限公司,浦东,劳动关系协调师[S300016],中级/四级
2.02E+14,上海拍一拍职业技能培训有限公司,浦东,电子商务师（网商）[S300030],中级/四级
2.02E+14,上海拍一拍职业技能培训有限公司,浦东,电子商务师（网商）[S300030],高级/三级
2.02E+14,上海拍一拍职业技能培训有限公司,浦东,计算机软件测试员[S300032],高级/三级
2.02E+14,上海传智播客职业技能培训有限公司,浦东,计算机程序设计员[S300032],中级/四级
2.02E+14,上海传智播客职业技能培训有限公司,浦东,计算机程序设计员[S300032],高级/三级
2.02E+14,上海传智播客职业技能培训有限公司,浦东,计算机程序设计员[S400021],中级/四级
2.02E+14,上海传智播客职业技能培训有限公司,浦东,计算机程序设计员[S400021],高级/三级
2.02E+14,上海志强职业技能培训有限公司,宝山,保育师[S300011],初级/五级
2.02E+14,上海志强职业技能培训有限公司,宝山,保育师[S300011],中级/四级
2.02E+14,上海志强职业技能培训有限公司,宝山,婴幼儿发展引导员（育婴员）[S300011],初级/五级
2.02E+14,上海志强职业技能培训有限公司,宝山,婴幼儿发展引导员（育婴员）[S300011],中级/四级
2.02E+14,上海远博职业技能培训有限公司,普陀,企业人力资源管理师[S300015],中级/四级
2.02E+14,上海建谐职业技能培训有限公司,长宁,企业人力资源管理师[S300015],中级/四级
2.02E+14,上海建谐职业技能培训有限公司,长宁,企业人力资源管理师[S300015],高级/三级
2.02E+14,上海建谐职业技能培训有限公司,长宁,劳动关系协调师[S300016],中级/四级
2.02E+14,上海建谐职业技能培训有限公司,长宁,劳动关系协调师[S300016],高级/三级
2.02E+14,上海澜之港职业技能培训有限公司,浦东,养老护理员[S300038],中级/四级
2.02E+14,上海澜之港职业技能培训有限公司,浦东,养老护理员[S300038],初级/五级
2.02E+14,上海青浦区三省教育进修学院,青浦,企业人力资源管理师[S300015],中级/四级
2.02E+14,上海青浦区三省教育进修学院,青浦,企业人力资源管理师[S300015],高级/三级
2.02E+14,上海青浦区三省教育进修学院,青浦,劳动关系协调师[S300016],中级/四级
2.02E+14,上海智杰职业技能培训有限公司,普陀,养老护理员[S300038],中级/四级
2.02E+14,上海智杰职业技能培训有限公司,普陀,养老护理员[S300038],初级/五级
2.02E+14,上海智杰职业技能培训有限公司,普陀,养老护理员[S300060],初级/五级
2.02E+14,上海智杰职业技能培训有限公司,普陀,养老护理员[S300060],中级/四级
2.02E+14,上海智杰职业技能培训有限公司,普陀,劳动关系协调师[S300016],中级/四级
2.02E+14,上海市普陀区华奕职业技能培训中心,普陀,人工智能训练师[S300040],初级/五级
2.02E+14,上海市普陀区华奕职业技能培训中心,普陀,人工智能训练师[S300040],中级/四级
2.02E+14,上海市普陀区华奕职业技能培训中心,普陀,人工智能训练师[S300040],高级/三级
2.02E+14,上海市普陀区华奕职业技能培训中心,普陀,人工智能训练师[S400054],中级/四级
2.02E+14,上海市普陀区华奕职业技能培训中心,普陀,人工智能训练师[S400054],高级/三级
2.02E+14,上海市普陀区华奕职业技能培训中心,普陀,人工智能训练师[S500053],高级/三级
2.02E+14,上海市普陀区华奕职业技能培训中心,普陀,人工智能训练师[S500053],中级/四级
2.02E+14,上海市普陀区华奕职业技能培训中心,普陀,全媒体运营师（创意策划）[S400071],中级/四级
2.02E+14,上海市普陀区华奕职业技能培训中心,普陀,全媒体运营师（创意策划）[S400071],高级/三级
2.02E+14,上海市普陀区华奕职业技能培训中心,普陀,全媒体运营师（数据分析）[S400071],高级/三级
2.02E+14,上海市普陀区华奕职业技能培训中心,普陀,全媒体运营师（流量运营）[400050],高级/三级
2.02E+14,上海市普陀区华奕职业技能培训中心,普陀,全媒体运营师（流量运营）[S300070],中级/四级
2.02E+14,上海市普陀区华奕职业技能培训中心,普陀,全媒体运营师（流量运营）[S300070],高级/三级
2.02E+14,上海市普陀区华奕职业技能培训中心,普陀,全媒体运营师（流量运营）[S400071],高级/三级
2.02E+14,上海市普陀区华奕职业技能培训中心,普陀,全媒体运营师（流量运营）[S400071],中级/四级
2.02E+14,上海市普陀区华奕职业技能培训中心,普陀,全媒体运营师（直播运营）[400050],高级/三级
2.02E+14,上海市普陀区华奕职业技能培训中心,普陀,全媒体运营师（直播运营）[S300070],中级/四级
2.02E+14,上海市普陀区华奕职业技能培训中心,普陀,全媒体运营师（直播运营）[S300070],高级/三级
2.02E+14,上海市普陀区华奕职业技能培训中心,普陀,全媒体运营师（直播运营）[S400071],中级/四级
2.02E+14,上海市普陀区华奕职业技能培训中心,普陀,全媒体运营师（直播运营）[S400071],高级/三级
2.02E+14,上海市普陀区华奕职业技能培训中心,普陀,全媒体运营师（视听运营）[S300070],中级/四级
2.02E+14,上海市普陀区华奕职业技能培训中心,普陀,全媒体运营师（视听运营）[S300070],高级/三级
2.02E+14,上海市普陀区华奕职业技能培训中心,普陀,全媒体运营师（视听运营）[S400071],高级/三级
2.02E+14,上海市普陀区华奕职业技能培训中心,普陀,全媒体运营师（视听运营）[S400071],中级/四级
2.02E+14,摩珐汇职业技能培训（上海）有限公司,杨浦,网络与信息安全管理员（信息安全管理员）[S100017],中级/四级
2.02E+14,摩珐汇职业技能培训（上海）有限公司,杨浦,网络与信息安全管理员（信息安全管理员）[S100017],高级/三级
2.02E+14,摩珐汇职业技能培训（上海）有限公司,杨浦,网络与信息安全管理员（网络安全管理员）[S100017],中级/四级
2.02E+14,摩珐汇职业技能培训（上海）有限公司,杨浦,网络与信息安全管理员（网络安全管理员）[S100017],高级/三级
2.02E+14,上海贝悦职业技能培训有限公司,浦东,婴幼儿发展引导员（育婴员）[S300011],初级/五级
2.02E+14,上海贝悦职业技能培训有限公司,浦东,婴幼儿发展引导员（育婴员）[S300011],中级/四级
2.02E+14,上海聚儒培训中心有限公司,浦东,人工智能训练师[S400054],中级/四级
2.02E+14,上海聚儒培训中心有限公司,浦东,人工智能训练师[S400054],高级/三级
2.02E+14,上海聚儒培训中心有限公司,浦东,计算机程序设计员[S400054],中级/四级
2.02E+14,上海聚儒培训中心有限公司,浦东,计算机程序设计员[S400054],高级/三级
2.02E+14,上海同有三和圣洁职业技能培训有限公司,浦东,保健按摩师[S300008],初级/五级
2.02E+14,融恒（上海）职业技能培训有限公司,闵行,养老护理员[S300038],高级/三级
2.02E+14,融恒（上海）职业技能培训有限公司,闵行,养老护理员[S300038],中级/四级
2.02E+14,融恒（上海）职业技能培训有限公司,闵行,养老护理员[S300038],初级/五级
2.02E+14,上海心梨职业技能培训有限公司,宝山,企业人力资源管理师[400047],高级/三级
2.02E+14,上海心梨职业技能培训有限公司,宝山,婴幼儿发展引导员（育婴员）[S300011],初级/五级
2.02E+14,上海静园职业技能培训有限公司,长宁,茶艺师[S300009],初级/五级
2.02E+14,上海静园职业技能培训有限公司,长宁,茶艺师[S300009],中级/四级
2.02E+14,上海静园职业技能培训有限公司,长宁,茶艺师[S300009],高级/三级
2.02E+14,上海静园职业技能培训有限公司,长宁,评茶师[S300009],初级/五级
2.02E+14,上海静园职业技能培训有限公司,长宁,评茶师[S300009],中级/四级
2.02E+14,上海静园职业技能培训有限公司,长宁,评茶师[S300009],高级/三级
2.02E+14,上海仟盛职业技能培训有限公司,杨浦,咖啡师[S400042],高级/三级
2.02E+14,上海仟盛职业技能培训有限公司,杨浦,咖啡师[S400042],中级/四级
2.02E+14,上海仟盛职业技能培训有限公司,杨浦,咖啡师[S400042],初级/五级
2.02E+14,上海新知博专修学院有限公司,黄浦,人工智能训练师[S400054],中级/四级
2.02E+14,上海新知博专修学院有限公司,黄浦,人工智能训练师[S400054],高级/三级
2.02E+14,上海新知博专修学院有限公司,黄浦,全媒体运营师（创意策划）[S400071],高级/三级
2.02E+14,上海新知博专修学院有限公司,黄浦,全媒体运营师（数据分析）[S400071],高级/三级
2.02E+14,上海新知博专修学院有限公司,黄浦,全媒体运营师（直播运营）[S300070],高级/三级
2.02E+14,上海新知博专修学院有限公司,黄浦,全媒体运营师（直播运营）[S400071],高级/三级
2.02E+14,上海青松未来职业技能培训有限责任公司,浦东,养老护理员[S300038],中级/四级
2.02E+14,上海青松未来职业技能培训有限责任公司,浦东,养老护理员[S300038],初级/五级
2.02E+14,上海福慧职业技能培训有限公司,闵行,健康照护师（长期照护师）[S500077],初级/五级
2.02E+14,上海福慧职业技能培训有限公司,闵行,健康照护师（长期照护师）[S500077],中级/四级
2.02E+14,上海福慧职业技能培训有限公司,闵行,健康照护师（长期照护师）[S500077],高级/三级
2.02E+14,上海福慧职业技能培训有限公司,闵行,养老护理员[S300038],高级/三级
2.02E+14,上海福慧职业技能培训有限公司,闵行,养老护理员[S300038],中级/四级
2.02E+14,上海福慧职业技能培训有限公司,闵行,养老护理员[S300038],初级/五级
2.02E+14,上海福慧职业技能培训有限公司,闵行,养老护理员[S300060],初级/五级
2.02E+14,上海福慧职业技能培训有限公司,闵行,养老护理员[S300060],中级/四级
2.02E+14,上海福慧职业技能培训有限公司,闵行,养老护理员[S300060],高级/三级
2.02E+14,上海福慧职业技能培训有限公司,闵行,康复辅助技术咨询师[S300067],初级/五级
2.02E+14,上海福慧职业技能培训有限公司,闵行,康复辅助技术咨询师[S300067],中级/四级
2.02E+14,上海普陀区西部365职业培训中心,普陀,智能楼宇管理员[S600014],中级/四级
2.02E+14,上海普陀区西部365职业培训中心,普陀,智能楼宇管理员[S600014],高级/三级
2.02E+14,上海普陀区西部365职业培训中心,普陀,物业管理师[S300037],中级/四级
2.02E+14,上海普陀区西部365职业培训中心,普陀,物业管理师[S300037],高级/三级
2.02E+14,上海宝山中交敬逸培训学校,宝山,养老护理员[S300038],中级/四级
2.02E+14,上海宝山中交敬逸培训学校,宝山,养老护理员[S300038],初级/五级
2.02E+14,上海臣合职业培训中心,静安,保卫管理员[S300044],高级/三级
2.02E+14,上海臣合职业培训中心,静安,保卫管理员[S300044],技师/二级
2.02E+14,上海臣合职业培训中心,静安,保卫管理员[S300044],高级技师/一级
2.02E+14,上海臣合职业培训中心,静安,养老护理员[S300038],初级/五级
2.02E+14,上海臣合职业培训中心,静安,家政服务员（家务服务员）[S300039],初级/五级
2.02E+14,上海臣合职业培训中心,静安,家政服务员（母婴护理员）[S300039],初级/五级
2.02E+14,上海和养职业技能培训中心,静安,健康照护师（长期照护师）[S500077],初级/五级
2.02E+14,上海和养职业技能培训中心,静安,健康照护师（长期照护师）[S500077],中级/四级
2.02E+14,上海和养职业技能培训中心,静安,健康照护师（长期照护师）[S500077],高级/三级
2.02E+14,上海和养职业技能培训中心,静安,养老护理员[S300038],高级/三级
2.02E+14,上海和养职业技能培训中心,静安,养老护理员[S300038],中级/四级
2.02E+14,上海和养职业技能培训中心,静安,养老护理员[S300038],初级/五级
2.02E+14,上海和养职业技能培训中心,静安,养老护理员[S300038],技师/二级
2.02E+14,上海和养职业技能培训中心,静安,养老护理员[S300038],高级技师/一级
2.02E+14,上海伊甸元职业技能培训有限公司,浦东,保健按摩师[S300008],中级/四级
2.02E+14,上海伊甸元职业技能培训有限公司,浦东,保健按摩师[S300008],初级/五级
2.02E+14,上海伊甸元职业技能培训有限公司,浦东,保育师[S300011],初级/五级
2.02E+14,上海伊甸元职业技能培训有限公司,浦东,保育师[S300011],中级/四级
2.02E+14,上海伊甸元职业技能培训有限公司,浦东,保育师[S300011],高级/三级
2.02E+14,上海伊甸元职业技能培训有限公司,浦东,养老护理员[S300038],高级/三级
2.02E+14,上海伊甸元职业技能培训有限公司,浦东,养老护理员[S300038],中级/四级
2.02E+14,上海伊甸元职业技能培训有限公司,浦东,养老护理员[S300038],初级/五级
2.02E+14,上海伊甸元职业技能培训有限公司,浦东,养老护理员[S300060],初级/五级
2.02E+14,上海伊甸元职业技能培训有限公司,浦东,养老护理员[S300060],中级/四级
2.02E+14,上海伊甸元职业技能培训有限公司,浦东,养老护理员[S300060],高级/三级
2.02E+14,上海伊甸元职业技能培训有限公司,浦东,婴幼儿发展引导员（育婴员）[S300011],初级/五级
2.02E+14,上海伊甸元职业技能培训有限公司,浦东,婴幼儿发展引导员（育婴员）[S300011],中级/四级
2.02E+14,上海伊甸元职业技能培训有限公司,浦东,婴幼儿发展引导员（育婴员）[S300011],高级/三级
2.02E+14,上海伊甸元职业技能培训有限公司,浦东,家政服务员（家务服务员）[S300039],初级/五级
2.02E+14,上海伊甸元职业技能培训有限公司,浦东,家政服务员（家务服务员）[S300039],中级/四级
2.02E+14,上海伊甸元职业技能培训有限公司,浦东,家政服务员（家务服务员）[S300039],高级/三级
2.02E+14,上海伊甸元职业技能培训有限公司,浦东,家政服务员（家庭照护员）[S300039],高级/三级
2.02E+14,上海伊甸元职业技能培训有限公司,浦东,家政服务员（家庭照护员）[S300039],中级/四级
2.02E+14,上海伊甸元职业技能培训有限公司,浦东,家政服务员（家庭照护员）[S300039],初级/五级
2.02E+14,上海伊甸元职业技能培训有限公司,浦东,家政服务员（母婴护理员）[S300039],初级/五级
2.02E+14,上海伊甸元职业技能培训有限公司,浦东,家政服务员（母婴护理员）[S300039],中级/四级
2.02E+14,上海伊甸元职业技能培训有限公司,浦东,家政服务员（母婴护理员）[S300039],高级/三级
2.02E+14,上海松江区明师慧职业技能培训学校,松江,保育师[S300011],初级/五级
2.02E+14,上海松江区明师慧职业技能培训学校,松江,保育师[S300011],中级/四级
2.02E+14,上海松江区明师慧职业技能培训学校,松江,保育师[S300011],高级/三级
2.02E+14,上海松江区明师慧职业技能培训学校,松江,婴幼儿发展引导员（育婴员）[S300011],初级/五级
2.02E+14,上海松江区明师慧职业技能培训学校,松江,婴幼儿发展引导员（育婴员）[S300011],中级/四级
2.02E+14,上海松江区明师慧职业技能培训学校,松江,婴幼儿发展引导员（育婴员）[S300011],高级/三级
2.02E+14,上海松江区明师慧职业技能培训学校,松江,家政服务员（家庭照护员）[S300039],高级/三级
2.02E+14,上海松江区明师慧职业技能培训学校,松江,家政服务员（家庭照护员）[S300039],中级/四级
2.02E+14,上海松江区明师慧职业技能培训学校,松江,家政服务员（家庭照护员）[S300039],初级/五级
2.02E+14,上海松江区明师慧职业技能培训学校,松江,家政服务员（母婴护理员）[S300039],初级/五级
2.02E+14,上海松江区明师慧职业技能培训学校,松江,家政服务员（母婴护理员）[S300039],中级/四级
2.02E+14,上海松江区明师慧职业技能培训学校,松江,家政服务员（母婴护理员）[S300039],高级/三级
2.02E+14,上海松江区明师慧职业技能培训学校,松江,形象设计师[S300008],高级/三级
2.02E+14,上海松江区明师慧职业技能培训学校,松江,美甲师[S300008],中级/四级
2.02E+14,上海松江区明师慧职业技能培训学校,松江,美甲师[S300008],初级/五级
2.02E+14,上海才优培训中心有限公司,浦东,企业人力资源管理师[S300015],中级/四级
2.02E+14,上海才优培训中心有限公司,浦东,劳动关系协调师[S300016],中级/四级
2.02E+14,益海嘉里（上海）职业技能培训有限公司,浦东,西式面点师[S300013],初级/五级
2.02E+14,益海嘉里（上海）职业技能培训有限公司,浦东,西式面点师[S300013],中级/四级
2.02E+14,上海琅笃职业技能培训有限公司,崇明,企业人力资源管理师[S300015],中级/四级
2.02E+14,上海琅笃职业技能培训有限公司,崇明,企业人力资源管理师[S300015],高级/三级
2.02E+14,上海威兹德职业技能培训有限公司,浦东,人工智能训练师[S400054],高级/三级
2.02E+14,上海威兹德职业技能培训有限公司,浦东,供应链管理师[S200020],技师/二级
2.02E+14,上海威兹德职业技能培训有限公司,浦东,供应链管理师[S200020],高级/三级
2.02E+14,上海威兹德职业技能培训有限公司,浦东,供应链管理师[S500063],高级/三级
2.02E+14,上海威兹德职业技能培训有限公司,浦东,广告设计师[S300049],高级/三级
2.02E+14,上海威兹德职业技能培训有限公司,浦东,计算机程序设计员[S300032],中级/四级
2.02E+14,上海威兹德职业技能培训有限公司,浦东,计算机程序设计员[S300032],高级/三级
2.02E+14,上海威兹德职业技能培训有限公司,浦东,计算机程序设计员[S400021],中级/四级
2.02E+14,上海威兹德职业技能培训有限公司,浦东,计算机程序设计员[S400021],高级/三级
2.02E+14,上海威兹德职业技能培训有限公司,浦东,计算机软件测试员[S300032],高级/三级
2.02E+14,天都职业技能培训（上海）有限公司,闵行,人工智能训练师[S400054],中级/四级
2.02E+14,天都职业技能培训（上海）有限公司,闵行,人工智能训练师[S400054],高级/三级
2.02E+14,天都职业技能培训（上海）有限公司,闵行,企业人力资源管理师[S300015],中级/四级
2.02E+14,天都职业技能培训（上海）有限公司,闵行,企业人力资源管理师[S300015],高级/三级
2.02E+14,天都职业技能培训（上海）有限公司,闵行,企业人力资源管理师[S300015],技师/二级
2.02E+14,天都职业技能培训（上海）有限公司,闵行,养老护理员[S300038],高级/三级
2.02E+14,天都职业技能培训（上海）有限公司,闵行,养老护理员[S300038],中级/四级
2.02E+14,天都职业技能培训（上海）有限公司,闵行,养老护理员[S300038],初级/五级
2.02E+14,天都职业技能培训（上海）有限公司,闵行,养老护理员[S300060],初级/五级
2.02E+14,天都职业技能培训（上海）有限公司,闵行,养老护理员[S300060],中级/四级
2.02E+14,天都职业技能培训（上海）有限公司,闵行,养老护理员[S300060],高级/三级
2.02E+14,天都职业技能培训（上海）有限公司,闵行,劳动关系协调师[S300016],中级/四级
2.02E+14,天都职业技能培训（上海）有限公司,闵行,劳动关系协调师[S300016],高级/三级
2.02E+14,天都职业技能培训（上海）有限公司,闵行,劳动关系协调师[S300016],技师/二级
2.02E+14,天都职业技能培训（上海）有限公司,闵行,呼叫中心服务员[400022],高级/三级
2.02E+14,天都职业技能培训（上海）有限公司,闵行,家政服务员（家务服务员）[S300031],高级/三级
2.02E+14,天都职业技能培训（上海）有限公司,闵行,家政服务员（家务服务员）[S300031],初级/五级
2.02E+14,天都职业技能培训（上海）有限公司,闵行,家政服务员（家务服务员）[S300031],中级/四级
2.02E+14,天都职业技能培训（上海）有限公司,闵行,家政服务员（家务服务员）[S300039],初级/五级
2.02E+14,天都职业技能培训（上海）有限公司,闵行,家政服务员（家务服务员）[S300039],中级/四级
2.02E+14,天都职业技能培训（上海）有限公司,闵行,家政服务员（家务服务员）[S300039],高级/三级
2.02E+14,天都职业技能培训（上海）有限公司,闵行,家政服务员（家庭照护员）[S300031],高级/三级
2.02E+14,天都职业技能培训（上海）有限公司,闵行,家政服务员（家庭照护员）[S300031],初级/五级
2.02E+14,天都职业技能培训（上海）有限公司,闵行,家政服务员（家庭照护员）[S300031],中级/四级
2.02E+14,天都职业技能培训（上海）有限公司,闵行,家政服务员（家庭照护员）[S300039],高级/三级
2.02E+14,天都职业技能培训（上海）有限公司,闵行,家政服务员（家庭照护员）[S300039],中级/四级
2.02E+14,天都职业技能培训（上海）有限公司,闵行,家政服务员（家庭照护员）[S300039],初级/五级
2.02E+14,天都职业技能培训（上海）有限公司,闵行,家政服务员（母婴护理员）[S300039],初级/五级
2.02E+14,天都职业技能培训（上海）有限公司,闵行,家政服务员（母婴护理员）[S300039],中级/四级
2.02E+14,天都职业技能培训（上海）有限公司,闵行,家政服务员（母婴护理员）[S300039],高级/三级
2.02E+14,天都职业技能培训（上海）有限公司,闵行,网络与信息安全管理员（信息安全管理员）[S300073],中级/四级
2.02E+14,天都职业技能培训（上海）有限公司,闵行,网络与信息安全管理员（信息安全管理员）[S300073],高级/三级
2.02E+14,天都职业技能培训（上海）有限公司,闵行,网络与信息安全管理员（信息安全管理员）[S400054],中级/四级
2.02E+14,天都职业技能培训（上海）有限公司,闵行,网络与信息安全管理员（信息安全管理员）[S400054],高级/三级
2.02E+14,天都职业技能培训（上海）有限公司,闵行,网络与信息安全管理员（网络安全管理员）[S300073],高级/三级
2.02E+14,天都职业技能培训（上海）有限公司,闵行,职业培训师[S300015],高级/三级
2.02E+14,麦特维思（上海）职业技能培训有限公司,浦东,互联网营销师（直播销售员）[S500023],初级/五级
2.02E+14,麦特维思（上海）职业技能培训有限公司,浦东,互联网营销师（直播销售员）[S500023],中级/四级
2.02E+14,麦特维思（上海）职业技能培训有限公司,浦东,劳动关系协调师[S300016],中级/四级
2.02E+14,上海懿青和职业技能培训有限公司,浦东,茶艺师[S300009],初级/五级
2.02E+14,上海懿青和职业技能培训有限公司,浦东,茶艺师[S300009],中级/四级
2.02E+14,上海懿青和职业技能培训有限公司,浦东,茶艺师[S300062],初级/五级
2.02E+14,上海懿青和职业技能培训有限公司,浦东,茶艺师[S300062],中级/四级
2.02E+14,上海懿青和职业技能培训有限公司,浦东,评茶师[S300009],初级/五级
2.02E+14,上海懿青和职业技能培训有限公司,浦东,评茶师[S300009],中级/四级
2.02E+14,上海懿青和职业技能培训有限公司,浦东,评茶师[S300062],初级/五级
2.02E+14,上海懿青和职业技能培训有限公司,浦东,评茶师[S300062],中级/四级
2.02E+14,上海勇鸿护佳职业技能培训有限公司,杨浦,企业人力资源管理师[S300015],中级/四级
2.02E+14,上海勇鸿护佳职业技能培训有限公司,杨浦,健康照护师（长期照护师）[S500077],初级/五级
2.02E+14,上海勇鸿护佳职业技能培训有限公司,杨浦,健康照护师（长期照护师）[S500077],中级/四级
2.02E+14,上海勇鸿护佳职业技能培训有限公司,杨浦,健康照护师（长期照护师）[S500077],高级/三级
2.02E+14,上海勇鸿护佳职业技能培训有限公司,杨浦,养老护理员[S300038],高级/三级
2.02E+14,上海勇鸿护佳职业技能培训有限公司,杨浦,养老护理员[S300038],中级/四级
2.02E+14,上海勇鸿护佳职业技能培训有限公司,杨浦,养老护理员[S300038],初级/五级
2.02E+14,上海勇鸿护佳职业技能培训有限公司,杨浦,养老护理员[S300060],初级/五级
2.02E+14,上海勇鸿护佳职业技能培训有限公司,杨浦,养老护理员[S300060],中级/四级
2.02E+14,中装汇萃职业技能培训（上海）有限公司,普陀,婴幼儿发展引导员（育婴员）[S300011],初级/五级
2.02E+14,中装汇萃职业技能培训（上海）有限公司,普陀,家政服务员（母婴护理员）[S300039],初级/五级
2.02E+14,上海海阳职业技能培训有限公司,杨浦,保卫管理员[S300044],高级/三级
2.02E+14,上海海阳职业技能培训有限公司,杨浦,保育师[S300011],初级/五级
2.02E+14,上海海阳职业技能培训有限公司,杨浦,保育师[S300011],中级/四级
2.02E+14,上海海阳职业技能培训有限公司,杨浦,保育师[S300011],高级/三级
2.02E+14,上海海阳职业技能培训有限公司,杨浦,养老护理员[S300038],中级/四级
2.02E+14,上海海阳职业技能培训有限公司,杨浦,养老护理员[S300038],初级/五级
2.02E+14,上海数商汇职业技能培训有限公司,浦东,互联网营销师（直播销售员）[S500023],初级/五级
2.02E+14,上海数商汇职业技能培训有限公司,浦东,互联网营销师（直播销售员）[S500023],中级/四级
2.02E+14,上海众坛职业技能培训有限公司,浦东,互联网营销师（直播销售员）[S500023],初级/五级
2.02E+14,上海众坛职业技能培训有限公司,浦东,互联网营销师（直播销售员）[S500023],中级/四级
2.02E+14,上海众坛职业技能培训有限公司,浦东,互联网营销师（直播销售员）[S500023],高级/三级
2.02E+14,上海众坛职业技能培训有限公司,浦东,人工智能训练师[S300040],中级/四级
2.02E+14,上海众坛职业技能培训有限公司,浦东,人工智能训练师[S400054],中级/四级
2.02E+14,上海众坛职业技能培训有限公司,浦东,人工智能训练师[S400054],高级/三级
2.02E+14,上海众坛职业技能培训有限公司,浦东,人工智能训练师[S500053],高级/三级
2.02E+14,上海众坛职业技能培训有限公司,浦东,保育师[S300011],初级/五级
2.02E+14,上海众坛职业技能培训有限公司,浦东,保育师[S300011],中级/四级
2.02E+14,上海众坛职业技能培训有限公司,浦东,保育师[S300011],高级/三级
2.02E+14,上海众坛职业技能培训有限公司,浦东,全媒体运营师（流量运营）[S300070],高级/三级
2.02E+14,上海众坛职业技能培训有限公司,浦东,全媒体运营师（流量运营）[S400071],中级/四级
2.02E+14,上海众坛职业技能培训有限公司,浦东,全媒体运营师（直播运营）[S300070],中级/四级
2.02E+14,上海众坛职业技能培训有限公司,浦东,全媒体运营师（直播运营）[S300070],高级/三级
2.02E+14,上海众坛职业技能培训有限公司,浦东,全媒体运营师（视听运营）[S300070],中级/四级
2.02E+14,上海众坛职业技能培训有限公司,浦东,全媒体运营师（视听运营）[S300070],高级/三级
2.02E+14,上海众坛职业技能培训有限公司,浦东,婴幼儿发展引导员（育婴员）[S300011],初级/五级
2.02E+14,上海众坛职业技能培训有限公司,浦东,婴幼儿发展引导员（育婴员）[S300011],中级/四级
2.02E+14,上海众坛职业技能培训有限公司,浦东,婴幼儿发展引导员（育婴员）[S300011],高级/三级
2.02E+14,上海众坛职业技能培训有限公司,浦东,形象设计师[S300008],高级/三级
2.02E+14,上海众坛职业技能培训有限公司,浦东,服装制版师（裁剪服装制版师）[S500068],中级/四级
2.02E+14,上海众坛职业技能培训有限公司,浦东,美容师[S300008],初级/五级
2.02E+14,上海众坛职业技能培训有限公司,浦东,美容师[S300008],中级/四级
2.02E+14,上海众坛职业技能培训有限公司,浦东,计算机程序设计员[S300032],中级/四级
2.02E+14,上海众坛职业技能培训有限公司,浦东,计算机程序设计员[S300032],高级/三级
2.02E+14,上海众坛职业技能培训有限公司,浦东,计算机软件测试员[S300032],高级/三级
2.02E+14,上海机施职业技能培训有限公司,静安,企业人力资源管理师[S300015],中级/四级
2.02E+14,上海机施职业技能培训有限公司,静安,劳动关系协调师[S300016],中级/四级
2.02E+14,上海机施职业技能培训有限公司,静安,劳动关系协调师[S300016],高级/三级
2.02E+14,上海机施职业技能培训有限公司,静安,工程测量员[S600024],初级/五级
2.02E+14,上海机施职业技能培训有限公司,静安,工程测量员[S600024],中级/四级
2.02E+14,上海机施职业技能培训有限公司,静安,工程测量员[S600024],高级/三级
2.02E+14,上海机施职业技能培训有限公司,静安,建筑信息模型技术员[S300052],中级/四级
2.02E+14,上海百善福祉职业技能培训有限公司,浦东,康复辅助技术咨询师[S300067],中级/四级
2.02E+14,上海国耀职业技能培训有限公司,闵行,保健按摩师[S300008],中级/四级
2.02E+14,上海国耀职业技能培训有限公司,闵行,保健按摩师[S300008],初级/五级
2.02E+14,中智职业技能培训（上海）有限公司,浦东,企业人力资源管理师[S300015],中级/四级
2.02E+14,上海长宁区住建安职业技能培训中心,长宁,企业人力资源管理师[S300015],中级/四级
2.02E+14,上海长宁区住建安职业技能培训中心,长宁,企业人力资源管理师[S300015],高级/三级
2.02E+14,上海长宁区住建安职业技能培训中心,长宁,园林绿化工[S300034],高级/三级
2.02E+14,上海长宁区住建安职业技能培训中心,长宁,园林绿化工[S300034],初级/五级
2.02E+14,上海长宁区住建安职业技能培训中心,长宁,园林绿化工[S300034],中级/四级
2.02E+14,上海长宁区住建安职业技能培训中心,长宁,工程测量员[S600024],初级/五级
2.02E+14,上海力殿职业技能培训有限公司,松江,电工[S100004],中级/四级
2.02E+14,上海力殿职业技能培训有限公司,松江,电工[S100004],初级/五级
2.02E+14,上海浦东星光职业技能培训学校,浦东,电子竞技员[S500027],初级/五级
2.02E+14,上海浦东星光职业技能培训学校,浦东,计算机程序设计员[S400021],中级/四级
2.02E+14,上海侨闻职业技术学院有限公司,嘉定,人工智能训练师[S300040],高级/三级
2.02E+14,上海侨闻职业技术学院有限公司,嘉定,人工智能训练师[S400054],高级/三级
2.02E+14,上海侨闻职业技术学院有限公司,嘉定,人工智能训练师[S500053],高级/三级
2.02E+14,上海侨闻职业技术学院有限公司,嘉定,企业人力资源管理师[S300015],中级/四级
2.02E+14,上海侨闻职业技术学院有限公司,嘉定,劳动关系协调师[S300016],中级/四级
2.02E+14,上海侨闻职业技术学院有限公司,嘉定,劳动关系协调师[S300016],高级/三级
2.02E+14,上海浦东新区博强职业技能培训中心,浦东,企业人力资源管理师[S300015],中级/四级
2.02E+14,上海浦东新区博强职业技能培训中心,浦东,园林绿化工[S300034],高级/三级
2.02E+14,上海浦东新区博强职业技能培训中心,浦东,园林绿化工[S300034],初级/五级
2.02E+14,上海浦东新区博强职业技能培训中心,浦东,园林绿化工[S300034],中级/四级
2.02E+14,上海玄风职业技能培训有限公司,松江,互联网营销师（直播销售员）[S500023],初级/五级
2.02E+14,上海玄风职业技能培训有限公司,松江,互联网营销师（直播销售员）[S500023],中级/四级
2.02E+14,上海玄风职业技能培训有限公司,松江,互联网营销师（直播销售员）[S500023],高级/三级
2.02E+14,上海仰序职业技能培训有限公司,浦东,人工智能训练师[S300040],初级/五级
2.02E+14,上海仰序职业技能培训有限公司,浦东,人工智能训练师[S300040],中级/四级
2.02E+14,上海仰序职业技能培训有限公司,浦东,人工智能训练师[S300040],高级/三级
2.02E+14,上海仰序职业技能培训有限公司,浦东,电子商务师（网商）[S300030],中级/四级
2.02E+14,上海仰序职业技能培训有限公司,浦东,电子商务师（网商）[S300030],高级/三级
2.02E+14,罗布长风职业技能培训（上海）有限公司,浦东,供应链管理师[S200020],技师/二级
2.02E+14,罗布长风职业技能培训（上海）有限公司,浦东,供应链管理师[S200020],高级/三级
2.02E+14,上海蓝焰职业技能培训有限公司,松江,养老护理员[S300038],中级/四级
2.02E+14,上海蓝焰职业技能培训有限公司,松江,养老护理员[S300038],初级/五级
2.02E+14,上海蓝焰职业技能培训有限公司,松江,养老护理员[S300060],初级/五级
2.02E+14,上海蓝焰职业技能培训有限公司,松江,养老护理员[S300060],中级/四级
2.02E+14,上海至业职业技能培训有限公司,普陀,保育师[S300011],初级/五级
2.02E+14,上海至业职业技能培训有限公司,普陀,婴幼儿发展引导员（育婴员）[S300011],初级/五级
2.02E+14,上海杨浦区全洲进修学院,杨浦,全媒体运营师（直播运营）[S300070],中级/四级
2.02E+14,上海杨浦区全洲进修学院,杨浦,全媒体运营师（直播运营）[S300070],高级/三级
2.02E+14,上海杨浦区全洲进修学院,杨浦,全媒体运营师（直播运营）[S400071],中级/四级
2.02E+14,上海杨浦区全洲进修学院,杨浦,全媒体运营师（直播运营）[S400071],高级/三级
2.02E+14,上海尚古新职业技能培训有限公司,浦东,美容师[S300008],初级/五级
2.02E+14,上海闵青才职业技能培训有限公司,闵行,企业人力资源管理师[S300015],中级/四级
2.02E+14,上海闵青才职业技能培训有限公司,闵行,企业人力资源管理师[S300015],高级/三级
2.02E+14,上海闵青才职业技能培训有限公司,闵行,企业人力资源管理师[S300015],技师/二级
2.02E+14,上海闵青才职业技能培训有限公司,闵行,企业人力资源管理师[S300015],高级技师/一级
2.02E+14,上海闵青才职业技能培训有限公司,闵行,全媒体运营师（创意策划）[S400071],中级/四级
2.02E+14,上海闵青才职业技能培训有限公司,闵行,全媒体运营师（创意策划）[S400071],高级/三级
2.02E+14,上海闵青才职业技能培训有限公司,闵行,全媒体运营师（直播运营）[S300070],中级/四级
2.02E+14,上海闵青才职业技能培训有限公司,闵行,全媒体运营师（直播运营）[S300070],高级/三级
2.02E+14,上海闵青才职业技能培训有限公司,闵行,全媒体运营师（直播运营）[S400071],中级/四级
2.02E+14,上海闵青才职业技能培训有限公司,闵行,全媒体运营师（直播运营）[S400071],高级/三级
2.02E+14,上海闵青才职业技能培训有限公司,闵行,劳动关系协调师[S300016],中级/四级
2.02E+14,上海闵青才职业技能培训有限公司,闵行,劳动关系协调师[S300016],高级/三级
2.02E+14,上海闵青才职业技能培训有限公司,闵行,劳动关系协调师[S300016],技师/二级
2.02E+14,上海闵青才职业技能培训有限公司,闵行,职业培训师[S300015],高级/三级
2.02E+14,上海闵青才职业技能培训有限公司,闵行,计算机软件测试员[S300032],高级/三级
2.02E+14,上海学掌门职业技能培训有限公司,黄浦,人工智能训练师[S300040],中级/四级
2.02E+14,上海学掌门职业技能培训有限公司,黄浦,人工智能训练师[S300040],高级/三级
2.02E+14,上海学掌门职业技能培训有限公司,黄浦,人工智能训练师[S400054],中级/四级
2.02E+14,上海学掌门职业技能培训有限公司,黄浦,人工智能训练师[S400054],高级/三级
2.02E+14,上海学掌门职业技能培训有限公司,黄浦,人工智能训练师[S500053],高级/三级
2.02E+14,上海学掌门职业技能培训有限公司,黄浦,计算机程序设计员[S300032],中级/四级
2.02E+14,上海学掌门职业技能培训有限公司,黄浦,计算机程序设计员[S300032],高级/三级
2.02E+14,上海学掌门职业技能培训有限公司,黄浦,计算机程序设计员[S400021],中级/四级
2.02E+14,上海学掌门职业技能培训有限公司,黄浦,计算机软件测试员[S300032],高级/三级
2.02E+14,上海智数职业技能培训有限公司,浦东,人工智能训练师[S300040],初级/五级
2.02E+14,上海智数职业技能培训有限公司,浦东,人工智能训练师[S300040],中级/四级
2.02E+14,上海智数职业技能培训有限公司,浦东,人工智能训练师[S300040],高级/三级
2.02E+14,上海学之荟职业技能培训有限公司,浦东,保育师[S300011],初级/五级
2.02E+14,上海学之荟职业技能培训有限公司,浦东,保育师[S300011],中级/四级
2.02E+14,上海学之荟职业技能培训有限公司,浦东,保育师[S300011],高级/三级
2.02E+14,上海学之荟职业技能培训有限公司,浦东,养老护理员[S300038],高级/三级
2.02E+14,上海学之荟职业技能培训有限公司,浦东,养老护理员[S300038],中级/四级
2.02E+14,上海学之荟职业技能培训有限公司,浦东,养老护理员[S300038],初级/五级
2.02E+14,上海学之荟职业技能培训有限公司,浦东,养老护理员[S300060],初级/五级
2.02E+14,上海学之荟职业技能培训有限公司,浦东,养老护理员[S300060],中级/四级
2.02E+14,上海学之荟职业技能培训有限公司,浦东,婴幼儿发展引导员（育婴员）[S300011],初级/五级
2.02E+14,上海学之荟职业技能培训有限公司,浦东,婴幼儿发展引导员（育婴员）[S300011],中级/四级
2.02E+14,上海学之荟职业技能培训有限公司,浦东,婴幼儿发展引导员（育婴员）[S300011],高级/三级
2.02E+14,上海青沄职业技能培训有限公司,青浦,中式面点师[S300013],初级/五级
2.02E+14,上海青沄职业技能培训有限公司,青浦,中式面点师[S300013],中级/四级
2.02E+14,上海青沄职业技能培训有限公司,青浦,中式面点师[S300013],高级/三级
2.02E+14,上海青沄职业技能培训有限公司,青浦,人工智能数据标注[S200057],专项职业能力
2.02E+14,上海青沄职业技能培训有限公司,青浦,保卫管理员[S300044],高级/三级
2.02E+14,上海青沄职业技能培训有限公司,青浦,保卫管理员[S300044],技师/二级
2.02E+14,上海青沄职业技能培训有限公司,青浦,保育师[S300011],初级/五级
2.02E+14,上海青沄职业技能培训有限公司,青浦,保育师[S300011],中级/四级
2.02E+14,上海青沄职业技能培训有限公司,青浦,全媒体运营师（视听运营）[S300070],中级/四级
2.02E+14,上海青沄职业技能培训有限公司,青浦,全媒体运营师（视听运营）[S300070],高级/三级
2.02E+14,上海库锞职业技能培训有限公司,嘉定,中式烹调师[S300013],初级/五级
2.02E+14,上海库锞职业技能培训有限公司,嘉定,中式烹调师[S300013],中级/四级
2.02E+14,上海库锞职业技能培训有限公司,嘉定,中式烹调师[S300013],高级/三级
2.02E+14,上海库锞职业技能培训有限公司,嘉定,中式面点师[S300013],初级/五级
2.02E+14,上海库锞职业技能培训有限公司,嘉定,中式面点师[S300013],中级/四级
2.02E+14,上海库锞职业技能培训有限公司,嘉定,西式烹调师[S300013],初级/五级
2.02E+14,上海库锞职业技能培训有限公司,嘉定,西式烹调师[S300013],中级/四级
2.02E+14,上海库锞职业技能培训有限公司,嘉定,西式烹调师[S600012],初级/五级
2.02E+14,上海库锞职业技能培训有限公司,嘉定,西式烹调师[S600012],中级/四级
2.02E+14,上海库锞职业技能培训有限公司,嘉定,西式面点师[S300013],初级/五级
2.02E+14,上海库锞职业技能培训有限公司,嘉定,西式面点师[S300013],中级/四级
2.02E+14,上海闵行区敦敏职业技能培训学校,闵行,供应链管理师[S200020],高级/三级
2.02E+14,上海闵行区敦敏职业技能培训学校,闵行,健康照护师（长期照护师）[S500077],初级/五级
2.02E+14,上海闵行区敦敏职业技能培训学校,闵行,健康照护师（长期照护师）[S500077],中级/四级
2.02E+14,上海闵行区敦敏职业技能培训学校,闵行,健康照护师（长期照护师）[S500077],高级/三级
2.02E+14,上海闵行区敦敏职业技能培训学校,闵行,养老护理员[S300038],高级/三级
2.02E+14,上海闵行区敦敏职业技能培训学校,闵行,养老护理员[S300038],中级/四级
2.02E+14,上海闵行区敦敏职业技能培训学校,闵行,养老护理员[S300038],初级/五级
2.02E+14,上海闵行区敦敏职业技能培训学校,闵行,物流服务师[S300035],高级/三级
2.02E+14,上海抚理职业技能培训有限公司,杨浦,养老护理员[S300038],高级/三级
2.02E+14,上海抚理职业技能培训有限公司,杨浦,养老护理员[S300038],中级/四级
2.02E+14,上海抚理职业技能培训有限公司,杨浦,养老护理员[S300038],初级/五级
2.02E+14,上海抚理职业技能培训有限公司,杨浦,养老护理员[S300060],初级/五级
2.02E+14,上海抚理职业技能培训有限公司,杨浦,养老护理员[S300060],中级/四级
2.02E+14,上海抚理职业技能培训有限公司,杨浦,养老护理员[S300060],高级/三级
2.02E+14,上海抚理职业技能培训有限公司,杨浦,婴幼儿发展引导员（育婴员）[S300011],初级/五级
2.02E+14,上海浦东新区海炎职业技能培训学校,浦东,网络与信息安全管理员（网络安全管理员）[S100017],中级/四级
2.02E+14,上海同培职业技能培训有限公司,杨浦,人工智能训练师[400040],中级/四级
2.02E+14,上海同培职业技能培训有限公司,杨浦,人工智能训练师[S300040],中级/四级
2.02E+14,上海同培职业技能培训有限公司,杨浦,人工智能训练师[S300040],高级/三级
2.02E+14,上海同培职业技能培训有限公司,杨浦,人工智能训练师[S400054],中级/四级
2.02E+14,上海同培职业技能培训有限公司,杨浦,人工智能训练师[S400054],高级/三级
2.02E+14,上海同培职业技能培训有限公司,杨浦,人工智能训练师[S500053],高级/三级
2.02E+14,上海同培职业技能培训有限公司,杨浦,企业人力资源管理师[S300015],中级/四级
2.02E+14,上海同培职业技能培训有限公司,杨浦,室内装饰设计师[S300031],高级/三级
2.02E+14,上海赛源培训学校有限公司,宝山,企业人力资源管理师[S300015],中级/四级
2.02E+14,上海赛源培训学校有限公司,宝山,茶艺师[S300009],初级/五级
2.02E+14,上海蕴育时光职业技能培训有限公司,普陀,养老护理员[S300038],高级/三级
2.02E+14,上海蕴育时光职业技能培训有限公司,普陀,养老护理员[S300038],中级/四级
2.02E+14,上海蕴育时光职业技能培训有限公司,普陀,养老护理员[S300038],初级/五级
2.02E+14,上海蕴育时光职业技能培训有限公司,普陀,养老护理员[S300060],初级/五级
2.02E+14,上海蕴育时光职业技能培训有限公司,普陀,养老护理员[S300060],中级/四级
2.02E+14,上海蕴育时光职业技能培训有限公司,普陀,养老护理员[S300060],高级/三级
2.02E+14,上海蕴育时光职业技能培训有限公司,普陀,家政服务员（母婴护理员）[S300039],高级/三级
2.02E+14,上海爱美佳职业技能培训有限公司,普陀,养老护理员[S300038],中级/四级
2.02E+14,上海爱美佳职业技能培训有限公司,普陀,养老护理员[S300038],初级/五级
2.02E+14,上海爱美佳职业技能培训有限公司,普陀,婴幼儿发展引导员（育婴员）[S300011],初级/五级
2.02E+14,上海爱美佳职业技能培训有限公司,普陀,婴幼儿发展引导员（育婴员）[S300011],中级/四级
2.02E+14,上海爱美佳职业技能培训有限公司,普陀,家政服务员（母婴护理员）[S300039],初级/五级
2.02E+14,上海爱美佳职业技能培训有限公司,普陀,家政服务员（母婴护理员）[S300039],中级/四级
2.02E+14,上海爱美佳职业技能培训有限公司,普陀,家政服务员（母婴护理员）[S300039],高级/三级
2.02E+14,上海雅享职业技能培训有限公司,浦东,养老护理员[S300038],中级/四级
2.02E+14,上海雅享职业技能培训有限公司,浦东,养老护理员[S300038],初级/五级
2.02E+14,上海丹捷赛孚培训学校有限公司,浦东,网络与信息安全管理员（互联网信息审核员）[S100017],高级/三级
2.02E+14,上海徒手之恒职业技能培训有限公司,嘉定,保健按摩师[S300008],高级/三级
2.02E+14,上海徒手之恒职业技能培训有限公司,嘉定,保健按摩师[S300008],中级/四级
2.02E+14,上海徒手之恒职业技能培训有限公司,嘉定,保健按摩师[S300008],初级/五级
2.02E+14,上海宏益职业技能培训有限公司,静安,养老护理员[S300038],高级/三级
2.02E+14,上海宏益职业技能培训有限公司,静安,养老护理员[S300038],中级/四级
2.02E+14,上海宏益职业技能培训有限公司,静安,养老护理员[S300038],初级/五级
2.02E+14,上海宏益职业技能培训有限公司,静安,养老护理员[S300060],初级/五级
2.02E+14,上海宏益职业技能培训有限公司,静安,养老护理员[S300060],中级/四级
2.02E+14,上海宏益职业技能培训有限公司,静安,养老护理员[S300060],高级/三级
2.02E+14,上海宏益职业技能培训有限公司,静安,婴幼儿发展引导员（育婴员）[S300011],初级/五级
2.02E+14,上海宏益职业技能培训有限公司,静安,家政服务员（家庭照护员）[S300031],高级/三级
2.02E+14,上海宏益职业技能培训有限公司,静安,家政服务员（家庭照护员）[S300031],初级/五级
2.02E+14,上海宏益职业技能培训有限公司,静安,家政服务员（家庭照护员）[S300031],中级/四级
2.02E+14,上海宏益职业技能培训有限公司,静安,家政服务员（家庭照护员）[S300039],高级/三级
2.02E+14,上海宏益职业技能培训有限公司,静安,家政服务员（家庭照护员）[S300039],中级/四级
2.02E+14,上海宏益职业技能培训有限公司,静安,家政服务员（家庭照护员）[S300039],初级/五级
2.02E+14,上海半鱼职业技能培训有限公司,嘉定,中式烹调师[S300013],初级/五级
2.02E+14,上海半鱼职业技能培训有限公司,嘉定,中式烹调师[S300013],中级/四级
2.02E+14,上海半鱼职业技能培训有限公司,嘉定,中式烹调师[S300013],高级/三级
2.02E+14,上海半鱼职业技能培训有限公司,嘉定,中式面点师[S300013],初级/五级
2.02E+14,上海半鱼职业技能培训有限公司,嘉定,中式面点师[S300013],中级/四级
2.02E+14,上海半鱼职业技能培训有限公司,嘉定,中式面点师[S300013],高级/三级
2.02E+14,上海半鱼职业技能培训有限公司,嘉定,保育师[S300011],初级/五级
2.02E+14,上海半鱼职业技能培训有限公司,嘉定,保育师[S300011],中级/四级
2.02E+14,上海半鱼职业技能培训有限公司,嘉定,保育师[S300011],高级/三级
2.02E+14,上海半鱼职业技能培训有限公司,嘉定,婴幼儿发展引导员（育婴员）[S300011],初级/五级
2.02E+14,上海半鱼职业技能培训有限公司,嘉定,婴幼儿发展引导员（育婴员）[S300011],中级/四级
2.02E+14,上海半鱼职业技能培训有限公司,嘉定,婴幼儿发展引导员（育婴员）[S300011],高级/三级
2.02E+14,上海半鱼职业技能培训有限公司,嘉定,西式面点师[300020],初级/五级
2.02E+14,上海半鱼职业技能培训有限公司,嘉定,西式面点师[300020],中级/四级
2.02E+14,上海半鱼职业技能培训有限公司,嘉定,西式面点师[S300013],高级/三级
2.02E+14,上海甯麦秀培训学校有限公司,奉贤,互联网营销师（直播销售员）[S500023],中级/四级
2.02E+14,上海甯麦秀培训学校有限公司,奉贤,互联网营销师（直播销售员）[S500023],高级/三级
2.02E+14,上海甯麦秀培训学校有限公司,奉贤,人工智能训练师[S300040],初级/五级
2.02E+14,上海甯麦秀培训学校有限公司,奉贤,人工智能训练师[S400054],中级/四级
2.02E+14,上海甯麦秀培训学校有限公司,奉贤,人工智能训练师[S400054],高级/三级
2.02E+14,上海甯麦秀培训学校有限公司,奉贤,供应链管理师[S500063],高级/三级
2.02E+14,上海甯麦秀培训学校有限公司,奉贤,全媒体运营师（直播运营）[S400071],中级/四级
2.02E+14,上海甯麦秀培训学校有限公司,奉贤,全媒体运营师（直播运营）[S400071],高级/三级
2.02E+14,上海甯麦秀培训学校有限公司,奉贤,网络与信息安全管理员（互联网信息审核员）[S100017],高级/三级
2.02E+14,上海甯麦秀培训学校有限公司,奉贤,计算机软件测试员[300003],高级/三级
2.02E+14,上海中服未来职业技术学院有限公司,闵行,人工智能训练师[S400054],高级/三级
2.02E+14,上海中服未来职业技术学院有限公司,闵行,人工智能训练师[S500053],高级/三级
2.02E+14,上海中服未来职业技术学院有限公司,闵行,人工智能训练师[S500053],中级/四级
2.02E+14,上海中服未来职业技术学院有限公司,闵行,电子竞技员[S500027],初级/五级
2.02E+14,上海中服未来职业技术学院有限公司,闵行,电子竞技员[S500027],中级/四级
2.02E+14,上海中服未来职业技术学院有限公司,闵行,电子竞技运营师[S300029],中级/四级
2.02E+14,上海中服未来职业技术学院有限公司,闵行,电子竞技运营师[S300029],高级/三级
2.02E+14,上海中服未来职业技术学院有限公司,闵行,计算机程序设计员[400021],高级/三级
2.02E+14,上海中服未来职业技术学院有限公司,闵行,计算机程序设计员[S300032],高级/三级
2.02E+14,上海中服未来职业技术学院有限公司,闵行,计算机程序设计员[S400021],中级/四级
2.02E+14,上海中服未来职业技术学院有限公司,闵行,计算机维修工[S300033],中级/四级
2.02E+14,上海中服未来职业技术学院有限公司,闵行,计算机维修工[S300033],初级/五级
2.02E+14,上海中服未来职业技术学院有限公司,闵行,计算机维修工[S300033],高级/三级
2.02E+14,上海互软职业技能培训有限公司,浦东,人工智能训练师[S400054],高级/三级
2.02E+14,上海互软职业技能培训有限公司,浦东,人工智能训练师[S500053],高级/三级
2.02E+14,上海互软职业技能培训有限公司,浦东,网络与信息安全管理员（信息安全管理员）[S300073],高级/三级
2.02E+14,上海互软职业技能培训有限公司,浦东,网络与信息安全管理员（信息安全管理员）[S400054],高级/三级
2.02E+14,上海互软职业技能培训有限公司,浦东,网络与信息安全管理员（信息安全管理员）[S500053],高级/三级
2.02E+14,上海互软职业技能培训有限公司,浦东,计算机程序设计员[S300032],中级/四级
2.02E+14,上海互软职业技能培训有限公司,浦东,计算机程序设计员[S300032],高级/三级
2.02E+14,上海互软职业技能培训有限公司,浦东,计算机程序设计员[S400021],中级/四级
2.02E+14,上海互软职业技能培训有限公司,浦东,计算机程序设计员[S400021],高级/三级
2.02E+14,上海互软职业技能培训有限公司,浦东,计算机软件测试员[S300032],高级/三级
2.02E+14,上海顶正职业技能培训有限公司,宝山,中式烹调师[S300013],初级/五级
2.02E+14,上海顶正职业技能培训有限公司,宝山,中式烹调师[S300013],中级/四级
2.02E+14,上海顶正职业技能培训有限公司,宝山,中式面点师[S300013],初级/五级
2.02E+14,上海顶正职业技能培训有限公司,宝山,中式面点师[S300013],中级/四级
2.02E+14,上海瑞毅职业技能培训有限公司,奉贤,电子商务师（网商）[S300030],中级/四级
2.02E+14,上海瑞毅职业技能培训有限公司,奉贤,电子商务师（网商）[S300030],高级/三级
2.02E+14,上海瑞毅职业技能培训有限公司,奉贤,电子商务师（网商）[S300030],技师/二级
2.02E+14,上海瑞毅职业技能培训有限公司,奉贤,计算机维修工[S300033],中级/四级
2.02E+14,上海瑞毅职业技能培训有限公司,奉贤,计算机维修工[S300033],初级/五级
2.02E+14,上海瑞毅职业技能培训有限公司,奉贤,计算机维修工[S300033],高级/三级
2.02E+14,上海鹏越惊虹职业技能培训有限公司,浦东,人工智能训练师[S400054],中级/四级
2.02E+14,上海鹏越惊虹职业技能培训有限公司,浦东,人工智能训练师[S400054],高级/三级
2.02E+14,上海鹏越惊虹职业技能培训有限公司,浦东,网络与信息安全管理员（网络安全管理员）[S400054],中级/四级
2.02E+14,上海鹏越惊虹职业技能培训有限公司,浦东,网络与信息安全管理员（网络安全管理员）[S400054],高级/三级
2.02E+14,上海柴火灶职业技能培训有限公司,青浦,人工智能训练师[S300040],初级/五级
2.02E+14,上海柴火灶职业技能培训有限公司,青浦,人工智能训练师[S400054],中级/四级
2.02E+14,上海柴火灶职业技能培训有限公司,青浦,人工智能训练师[S400054],高级/三级
2.02E+14,上海柴火灶职业技能培训有限公司,青浦,人工智能训练师[S500053],高级/三级
2.02E+14,上海柴火灶职业技能培训有限公司,青浦,人工智能训练师[S500053],中级/四级
2.02E+14,上海柴火灶职业技能培训有限公司,青浦,呼叫中心服务员[S300031],高级/三级
2.02E+14,上海柴火灶职业技能培训有限公司,青浦,呼叫中心服务员[S300031],中级/四级
2.02E+14,上海柴火灶职业技能培训有限公司,青浦,呼叫中心服务员[S300031],初级/五级
2.02E+14,上海柴火灶职业技能培训有限公司,青浦,呼叫中心服务员[S300061],高级/三级
2.02E+14,上海柴火灶职业技能培训有限公司,青浦,计算机软件测试员[S300032],高级/三级
2.02E+14,沃土聚才（上海）职业技能培训有限公司,浦东,企业人力资源管理师[S300015],中级/四级
2.02E+14,上海尚品培训学校有限公司,奉贤,咖啡师[S400042],高级/三级
2.02E+14,上海尚品培训学校有限公司,奉贤,咖啡师[S400042],中级/四级
2.02E+14,上海尚品培训学校有限公司,奉贤,咖啡师[S400042],初级/五级
2.02E+14,上海尚品培训学校有限公司,奉贤,调酒师[S300013],高级/三级
2.02E+14,上海尚品培训学校有限公司,奉贤,调酒师[S300013],中级/四级
2.02E+14,上海尚品培训学校有限公司,奉贤,调酒师[S300013],初级/五级
2.02E+14,上海华创园职业技能培训有限公司,虹口,企业人力资源管理师[S300015],中级/四级
2.02E+14,上海华创园职业技能培训有限公司,虹口,企业人力资源管理师[S300015],高级/三级
2.02E+14,上海华创园职业技能培训有限公司,虹口,劳动关系协调师[S300016],中级/四级
2.02E+14,上海华创园职业技能培训有限公司,虹口,劳动关系协调师[S300016],高级/三级
2.02E+14,上海创联职业技能培训学校,静安,人工智能训练师[S300040],初级/五级
2.02E+14,上海创联职业技能培训学校,静安,人工智能训练师[S400054],中级/四级
2.02E+14,上海创联职业技能培训学校,静安,人工智能训练师[S500053],高级/三级
2.02E+14,上海创联职业技能培训学校,静安,企业人力资源管理师[S300015],中级/四级
2.02E+14,上海创联职业技能培训学校,静安,电子商务师（网商）[S300030],中级/四级
2.02E+14,上海市闵行区翔申业余学校,闵行,互联网营销师（商品选品员）[S300031],高级/三级
2.02E+14,上海市闵行区翔申业余学校,闵行,互联网营销师（商品选品员）[S300031],中级/四级
2.02E+14,上海市闵行区翔申业余学校,闵行,互联网营销师（直播销售员）[S500023],中级/四级
2.02E+14,上海市闵行区翔申业余学校,闵行,互联网营销师（直播销售员）[S500023],高级/三级
2.02E+14,上海市闵行区翔申业余学校,闵行,全媒体运营师（创意策划）[S400071],中级/四级
2.02E+14,上海市闵行区翔申业余学校,闵行,全媒体运营师（创意策划）[S400071],高级/三级
2.02E+14,上海市闵行区翔申业余学校,闵行,全媒体运营师（直播运营）[S300070],中级/四级
2.02E+14,上海市闵行区翔申业余学校,闵行,全媒体运营师（直播运营）[S300070],高级/三级
2.02E+14,上海茸昇职业技能培训有限公司,松江,保健按摩师[S300008],高级/三级
2.02E+14,上海茸昇职业技能培训有限公司,松江,保健按摩师[S300008],中级/四级
2.02E+14,上海茸昇职业技能培训有限公司,松江,保健按摩师[S300008],初级/五级
2.02E+14,上海茸昇职业技能培训有限公司,松江,保育师[S300011],初级/五级
2.02E+14,上海茸昇职业技能培训有限公司,松江,保育师[S300011],中级/四级
2.02E+14,上海茸昇职业技能培训有限公司,松江,保育师[S300011],高级/三级
2.02E+14,上海茸昇职业技能培训有限公司,松江,婴幼儿发展引导员（育婴员）[S300011],初级/五级
2.02E+14,上海茸昇职业技能培训有限公司,松江,婴幼儿发展引导员（育婴员）[S300011],中级/四级
2.02E+14,上海茸昇职业技能培训有限公司,松江,婴幼儿发展引导员（育婴员）[S300011],高级/三级
2.02E+14,上海沪普东培训学校有限公司,浦东,人工智能训练师[S400054],中级/四级
2.02E+14,上海沪普东培训学校有限公司,浦东,人工智能训练师[S400054],高级/三级
2.02E+14,上海沪普东培训学校有限公司,浦东,全媒体运营师（创意策划）[S200109],高级/三级
2.02E+14,上海沪普东培训学校有限公司,浦东,全媒体运营师（创意策划）[S400071],中级/四级
2.02E+14,上海沪普东培训学校有限公司,浦东,全媒体运营师（创意策划）[S400071],高级/三级
2.02E+14,上海沪普东培训学校有限公司,浦东,全媒体运营师（直播运营）[S400071],高级/三级
2.02E+14,上海沪普东培训学校有限公司,浦东,包装设计师[S500046],高级/三级
2.02E+14,上海沪普东培训学校有限公司,浦东,包装设计师[S500046],中级/四级
2.02E+14,上海沪普东培训学校有限公司,浦东,广告设计师[S300049],高级/三级
2.02E+14,上海沪普东培训学校有限公司,浦东,网络与信息安全管理员（信息安全管理员）[S300073],中级/四级
2.02E+14,上海沪普东培训学校有限公司,浦东,网络与信息安全管理员（信息安全管理员）[S300073],高级/三级
2.02E+14,上海沪普东培训学校有限公司,浦东,网络与信息安全管理员（网络安全管理员）[S300073],中级/四级
2.02E+14,上海沪普东培训学校有限公司,浦东,网络与信息安全管理员（网络安全管理员）[S300073],高级/三级
2.02E+14,上海瑞泉秋歌职业技能培训有限公司,普陀,养老护理员[S300038],中级/四级
2.02E+14,上海瑞泉秋歌职业技能培训有限公司,普陀,养老护理员[S300038],初级/五级
2.02E+14,上海瑞泉秋歌职业技能培训有限公司,普陀,养老护理员[S300060],初级/五级
2.02E+14,上海瑞泉秋歌职业技能培训有限公司,普陀,养老护理员[S300060],中级/四级
2.02E+14,上海瑞泉秋歌职业技能培训有限公司,普陀,婴幼儿发展引导员（育婴员）[S300011],初级/五级
2.02E+14,上海瑞泉秋歌职业技能培训有限公司,普陀,婴幼儿发展引导员（育婴员）[S300011],中级/四级
2.02E+14,上海瑞泉秋歌职业技能培训有限公司,普陀,家政服务员（家庭照护员）[S300031],高级/三级
2.02E+14,上海瑞泉秋歌职业技能培训有限公司,普陀,家政服务员（家庭照护员）[S300031],初级/五级
2.02E+14,上海瑞泉秋歌职业技能培训有限公司,普陀,家政服务员（家庭照护员）[S300031],中级/四级
2.02E+14,上海瑞泉秋歌职业技能培训有限公司,普陀,家政服务员（家庭照护员）[S300039],高级/三级
2.02E+14,上海瑞泉秋歌职业技能培训有限公司,普陀,家政服务员（家庭照护员）[S300039],中级/四级
2.02E+14,上海瑞泉秋歌职业技能培训有限公司,普陀,家政服务员（家庭照护员）[S300039],初级/五级
2.02E+14,上海瑞泉秋歌职业技能培训有限公司,普陀,家政服务员（家庭照护员）[S500065],初级/五级
2.02E+14,上海瑞泉秋歌职业技能培训有限公司,普陀,家政服务员（家庭照护员）[S500065],中级/四级
2.02E+14,上海瑞泉秋歌职业技能培训有限公司,普陀,家政服务员（家庭照护员）[S500065],高级/三级
2.02E+14,上海瑞泉秋歌职业技能培训有限公司,普陀,家政服务员（母婴护理员）[S300039],初级/五级
2.02E+14,上海瑞泉秋歌职业技能培训有限公司,普陀,家政服务员（母婴护理员）[S300039],中级/四级
2.02E+14,上海瑞泉秋歌职业技能培训有限公司,普陀,家政服务员（母婴护理员）[S300039],高级/三级
2.02E+14,上海毛戈平职业技能培训有限公司,长宁,形象设计师[S300008],高级/三级
2.02E+14,上海珀妍职业技能培训有限公司,松江,人工智能训练师[400040],高级/三级
2.02E+14,上海珀妍职业技能培训有限公司,松江,人工智能训练师[S300040],初级/五级
2.02E+14,上海珀妍职业技能培训有限公司,松江,人工智能训练师[S300040],中级/四级
2.02E+14,上海珀妍职业技能培训有限公司,松江,人工智能训练师[S300040],高级/三级
2.02E+14,上海珀妍职业技能培训有限公司,松江,人工智能训练师[S400054],中级/四级
2.02E+14,上海珀妍职业技能培训有限公司,松江,人工智能训练师[S400054],高级/三级
2.02E+14,上海珀妍职业技能培训有限公司,松江,人工智能训练师[S500053],高级/三级
2.02E+14,上海珀妍职业技能培训有限公司,松江,人工智能训练师[S500053],中级/四级
2.02E+14,上海珀妍职业技能培训有限公司,松江,形象设计师[S300008],高级/三级
2.02E+14,上海珀妍职业技能培训有限公司,松江,美容师[S300008],初级/五级
2.02E+14,上海珀妍职业技能培训有限公司,松江,美容师[S300008],中级/四级
2.02E+14,上海珀妍职业技能培训有限公司,松江,美容师[S300008],高级/三级
2.02E+14,上海爱尔沃职业技能培训有限公司,虹口,保育师[S300011],初级/五级
2.02E+14,上海爱尔沃职业技能培训有限公司,虹口,保育师[S300011],中级/四级
2.02E+14,上海爱尔沃职业技能培训有限公司,虹口,保育师[S300011],高级/三级
2.02E+14,上海爱尔沃职业技能培训有限公司,虹口,养老护理员[S300038],中级/四级
2.02E+14,上海爱尔沃职业技能培训有限公司,虹口,养老护理员[S300038],初级/五级
2.02E+14,上海爱尔沃职业技能培训有限公司,虹口,婴幼儿发展引导员（育婴员）[S300011],初级/五级
2.02E+14,上海爱尔沃职业技能培训有限公司,虹口,婴幼儿发展引导员（育婴员）[S300011],中级/四级
2.02E+14,上海爱尔沃职业技能培训有限公司,虹口,婴幼儿发展引导员（育婴员）[S300011],高级/三级
2.02E+14,上海爱尔沃职业技能培训有限公司,虹口,家政服务员（母婴护理员）[S300039],初级/五级
2.02E+14,上海爱尔沃职业技能培训有限公司,虹口,家政服务员（母婴护理员）[S300039],中级/四级
2.02E+14,上海爱尔沃职业技能培训有限公司,虹口,家政服务员（母婴护理员）[S300039],高级/三级
2.02E+14,上海福启康职业技能培训有限公司,黄浦,养老护理员[S300038],高级/三级
2.02E+14,上海福启康职业技能培训有限公司,黄浦,养老护理员[S300038],中级/四级
2.02E+14,上海福启康职业技能培训有限公司,黄浦,养老护理员[S300038],初级/五级
2.02E+14,上海福启康职业技能培训有限公司,黄浦,养老护理员[S300060],初级/五级
2.02E+14,上海福启康职业技能培训有限公司,黄浦,养老护理员[S300060],中级/四级
2.02E+14,上海福启康职业技能培训有限公司,黄浦,养老护理员[S300060],高级/三级
2.02E+14,上海福启康职业技能培训有限公司,黄浦,家政服务员（家庭照护员）[S300039],初级/五级
2.02E+14,上海福启康职业技能培训有限公司,黄浦,康复辅助技术咨询师[S300067],初级/五级
2.02E+14,上海福启康职业技能培训有限公司,黄浦,康复辅助技术咨询师[S300067],中级/四级
2.02E+14,智学博（上海）职业技能培训有限公司,普陀,养老护理员[300010],初级/五级
2.02E+14,上海大鸾职业技能培训有限公司,松江,企业人力资源管理师[S300015],中级/四级
2.02E+14,上海大鸾职业技能培训有限公司,松江,企业人力资源管理师[S300015],高级/三级
2.02E+14,上海欧米奇职业技能培训有限公司,奉贤,西式烹调师[S300013],初级/五级
2.02E+14,上海欧米奇职业技能培训有限公司,奉贤,西式烹调师[S300013],中级/四级
2.02E+14,上海欧米奇职业技能培训有限公司,奉贤,西式面点师[S300013],初级/五级
2.02E+14,上海欧米奇职业技能培训有限公司,奉贤,西式面点师[S300013],中级/四级
2.02E+14,上海新鹊群职业技能培训有限公司,青浦,养老护理员[S300038],初级/五级
2.02E+14,上海瑞而思职业技能培训有限公司,闵行,家政服务员（母婴护理员）[S300039],初级/五级
2.02E+14,上海瑞而思职业技能培训有限公司,闵行,家政服务员（母婴护理员）[S300039],中级/四级
2.02E+14,上海瑞而思职业技能培训有限公司,闵行,家政服务员（母婴护理员）[S300039],高级/三级
2.02E+14,上海瑞而思职业技能培训有限公司,闵行,美容师[S300008],初级/五级
2.02E+14,上海瑞而思职业技能培训有限公司,闵行,美容师[S300008],中级/四级
2.02E+14,上海瑞而思职业技能培训有限公司,闵行,美容师[S300008],高级/三级
2.02E+14,上海室铭职业技能培训有限公司,徐汇,保育师[S300011],初级/五级
2.02E+14,上海室铭职业技能培训有限公司,徐汇,保育师[S300011],中级/四级
2.02E+14,上海室铭职业技能培训有限公司,徐汇,保育师[S300011],高级/三级
2.02E+14,上海室铭职业技能培训有限公司,徐汇,婴幼儿发展引导员（育婴员）[S300011],初级/五级
2.02E+14,上海室铭职业技能培训有限公司,徐汇,婴幼儿发展引导员（育婴员）[S300011],中级/四级
2.02E+14,上海室铭职业技能培训有限公司,徐汇,婴幼儿发展引导员（育婴员）[S300011],高级/三级
2.02E+14,上海室铭职业技能培训有限公司,徐汇,家政服务员（家务服务员）[S300039],初级/五级
2.02E+14,上海室铭职业技能培训有限公司,徐汇,家政服务员（家务服务员）[S300039],中级/四级
2.02E+14,上海室铭职业技能培训有限公司,徐汇,家政服务员（家务服务员）[S300039],高级/三级
2.02E+14,上海室铭职业技能培训有限公司,徐汇,家政服务员（家庭照护员）[S300039],高级/三级
2.02E+14,上海室铭职业技能培训有限公司,徐汇,家政服务员（家庭照护员）[S300039],中级/四级
2.02E+14,上海室铭职业技能培训有限公司,徐汇,家政服务员（家庭照护员）[S300039],初级/五级
2.02E+14,上海室铭职业技能培训有限公司,徐汇,家政服务员（母婴护理员）[S300039],初级/五级
2.02E+14,上海室铭职业技能培训有限公司,徐汇,家政服务员（母婴护理员）[S300039],中级/四级
2.02E+14,上海室铭职业技能培训有限公司,徐汇,家政服务员（母婴护理员）[S300039],高级/三级
2.03E+14,上海安优护职业技能培训有限公司,静安,养老护理员[S300038],高级/三级
2.03E+14,上海安优护职业技能培训有限公司,静安,养老护理员[S300038],中级/四级
2.03E+14,上海安优护职业技能培训有限公司,静安,养老护理员[S300038],初级/五级
2.03E+14,上海安优护职业技能培训有限公司,静安,职业培训师[S300015],高级/三级
2.03E+14,上海礼月博学职业技能培训有限公司,徐汇,婴幼儿发展引导员（育婴员）[S300011],初级/五级
2.03E+14,上海礼月博学职业技能培训有限公司,徐汇,婴幼儿发展引导员（育婴员）[S300011],中级/四级
2.03E+14,上海礼月博学职业技能培训有限公司,徐汇,婴幼儿发展引导员（育婴员）[S300011],高级/三级
2.03E+14,上海礼月博学职业技能培训有限公司,徐汇,家政服务员（家务服务员）[S300039],高级/三级
2.03E+14,上海礼月博学职业技能培训有限公司,徐汇,家政服务员（母婴护理员）[S300039],初级/五级
2.03E+14,上海礼月博学职业技能培训有限公司,徐汇,家政服务员（母婴护理员）[S300039],中级/四级
2.03E+14,上海礼月博学职业技能培训有限公司,徐汇,家政服务员（母婴护理员）[S300039],高级/三级
2.03E+14,上海智领云职业技能培训有限公司,松江,工业机器人系统操作员[S200018],中级/四级
2.03E+14,上海智领云职业技能培训有限公司,松江,电工[S100004],初级/五级
2.03E+14,上海赋畀职业技能培训有限公司,长宁,全媒体运营师（流量运营）[S300070],中级/四级
2.03E+14,上海赋畀职业技能培训有限公司,长宁,全媒体运营师（直播运营）[S300070],中级/四级
2.03E+14,上海赋畀职业技能培训有限公司,长宁,全媒体运营师（直播运营）[S300070],高级/三级
2.03E+14,上海赋畀职业技能培训有限公司,长宁,全媒体运营师（视听运营）[S300070],中级/四级
2.03E+14,上海赋畀职业技能培训有限公司,长宁,全媒体运营师（视听运营）[S300070],高级/三级
2.03E+14,上海赋畀职业技能培训有限公司,长宁,咖啡师[S400042],中级/四级
2.03E+14,上海赋畀职业技能培训有限公司,长宁,咖啡师[S400042],初级/五级
2.03E+14,上海宝领培训学校有限公司,宝山,保育师[S300011],初级/五级
2.03E+14,上海宝领培训学校有限公司,宝山,保育师[S300011],中级/四级
2.03E+14,上海宝领培训学校有限公司,宝山,养老护理员[S300060],初级/五级
2.03E+14,上海宝领培训学校有限公司,宝山,养老护理员[S300060],中级/四级
2.03E+14,上海汇达康培训学校有限公司,虹口,保健按摩师[S300008],高级/三级
2.03E+14,上海汇达康培训学校有限公司,虹口,保健按摩师[S300008],中级/四级
2.03E+14,上海汇达康培训学校有限公司,虹口,保健按摩师[S300008],初级/五级
2.03E+14,上海汇达康培训学校有限公司,虹口,养老护理员[S300038],高级/三级
2.03E+14,上海汇达康培训学校有限公司,虹口,养老护理员[S300038],中级/四级
2.03E+14,上海汇达康培训学校有限公司,虹口,养老护理员[S300038],初级/五级
2.03E+14,上海汇达康培训学校有限公司,虹口,养老护理员[S300060],初级/五级
2.03E+14,上海汇达康培训学校有限公司,虹口,养老护理员[S300060],中级/四级
2.03E+14,上海汇达康培训学校有限公司,虹口,养老护理员[S300060],高级/三级
2.03E+14,上海汇达康培训学校有限公司,虹口,家政服务员（家庭照护员）[S300039],高级/三级
2.03E+14,上海汇达康培训学校有限公司,虹口,计算机程序设计员[S300032],高级/三级
2.03E+14,上海汇达康培训学校有限公司,虹口,计算机程序设计员[S400022],高级/三级
2.03E+14,上海汇达康培训学校有限公司,虹口,计算机程序设计员[S400054],高级/三级
2.03E+14,上海一点灵光职业技能培训有限公司,嘉定,茶艺师[S300009],初级/五级
2.03E+14,上海一点灵光职业技能培训有限公司,嘉定,茶艺师[S300009],中级/四级
2.03E+14,上海一尺得渔职业技能培训有限公司,奉贤,企业人力资源管理师[S300015],中级/四级
2.03E+14,上海一尺得渔职业技能培训有限公司,奉贤,咖啡师[S400042],高级/三级
2.03E+14,上海一尺得渔职业技能培训有限公司,奉贤,咖啡师[S400042],中级/四级
2.03E+14,上海一尺得渔职业技能培训有限公司,奉贤,咖啡师[S400042],初级/五级
2.03E+14,上海欣旋培训中心有限公司,徐汇,人工智能训练师[S300040],中级/四级
2.03E+14,上海欣旋培训中心有限公司,徐汇,人工智能训练师[S300040],高级/三级
2.03E+14,上海欣旋培训中心有限公司,徐汇,人工智能训练师[S400054],中级/四级
2.03E+14,上海欣旋培训中心有限公司,徐汇,人工智能训练师[S400054],高级/三级
2.03E+14,上海欣旋培训中心有限公司,徐汇,人工智能训练师[S500053],高级/三级
2.03E+14,上海欣旋培训中心有限公司,徐汇,人工智能训练师[S500053],中级/四级
2.03E+14,上海欣旋培训中心有限公司,徐汇,全媒体运营师（创意策划）[S400071],高级/三级
2.03E+14,上海欣旋培训中心有限公司,徐汇,全媒体运营师（视听运营）[S300070],高级/三级
2.03E+14,上海欣旋培训中心有限公司,徐汇,全媒体运营师（视听运营）[S400071],高级/三级
2.03E+14,上海欣旋培训中心有限公司,徐汇,计算机程序设计员[S300032],高级/三级
2.03E+14,上海欣旋培训中心有限公司,徐汇,计算机程序设计员[S400021],高级/三级
2.03E+14,上海欣旋培训中心有限公司,徐汇,计算机程序设计员[S400054],高级/三级
2.03E+14,上海欣旋培训中心有限公司,徐汇,计算机软件测试员[S300032],高级/三级
2.03E+14,上海徐汇新南洋职业技术学院有限公司,徐汇,人工智能训练师[S300040],初级/五级
2.03E+14,上海徐汇新南洋职业技术学院有限公司,徐汇,人工智能训练师[S300040],中级/四级
2.03E+14,上海徐汇新南洋职业技术学院有限公司,徐汇,人工智能训练师[S300040],高级/三级
2.03E+14,上海徐汇新南洋职业技术学院有限公司,徐汇,人工智能训练师[S400054],中级/四级
2.03E+14,上海徐汇新南洋职业技术学院有限公司,徐汇,人工智能训练师[S400054],高级/三级
2.03E+14,上海徐汇新南洋职业技术学院有限公司,徐汇,人工智能训练师[S500053],高级/三级
2.03E+14,上海徐汇新南洋职业技术学院有限公司,徐汇,人工智能训练师[S500053],中级/四级
2.03E+14,上海徐汇新南洋职业技术学院有限公司,徐汇,动画制作员[S400022],中级/四级
2.03E+14,新纶和业职业技能培训（上海）有限公司,松江,汽车维修工（汽车车身整形修复工）[S200005],初级/五级
2.03E+14,新纶和业职业技能培训（上海）有限公司,松江,汽车维修工（汽车车身整形修复工）[S200005],中级/四级
2.03E+14,新纶和业职业技能培训（上海）有限公司,松江,汽车维修工（汽车车身整形修复工）[S200005],高级/三级
2.03E+14,上海外服职业技能培训有限公司,杨浦,人工智能训练师[S300040],中级/四级
2.03E+14,上海外服职业技能培训有限公司,杨浦,人工智能训练师[S300040],高级/三级
2.03E+14,上海外服职业技能培训有限公司,杨浦,人工智能训练师[S400054],中级/四级
2.03E+14,上海外服职业技能培训有限公司,杨浦,人工智能训练师[S400054],高级/三级
2.03E+14,上海外服职业技能培训有限公司,杨浦,人工智能训练师[S500053],高级/三级
2.03E+14,上海外服职业技能培训有限公司,杨浦,企业人力资源管理师[S300015],中级/四级
2.03E+14,上海外服职业技能培训有限公司,杨浦,企业人力资源管理师[S300015],高级/三级
2.03E+14,上海外服职业技能培训有限公司,杨浦,全媒体运营师（创意策划）[S400071],中级/四级
2.03E+14,上海外服职业技能培训有限公司,杨浦,全媒体运营师（创意策划）[S400071],高级/三级
2.03E+14,上海外服职业技能培训有限公司,杨浦,全媒体运营师（数据分析）[S400071],高级/三级
2.03E+14,上海外服职业技能培训有限公司,杨浦,全媒体运营师（流量运营）[S300070],中级/四级
2.03E+14,上海外服职业技能培训有限公司,杨浦,全媒体运营师（流量运营）[S300070],高级/三级
2.03E+14,上海外服职业技能培训有限公司,杨浦,全媒体运营师（流量运营）[S400071],高级/三级
2.03E+14,上海外服职业技能培训有限公司,杨浦,全媒体运营师（流量运营）[S400071],中级/四级
2.03E+14,上海外服职业技能培训有限公司,杨浦,全媒体运营师（直播运营）[S300070],中级/四级
2.03E+14,上海外服职业技能培训有限公司,杨浦,全媒体运营师（直播运营）[S300070],高级/三级
2.03E+14,上海外服职业技能培训有限公司,杨浦,全媒体运营师（直播运营）[S400071],中级/四级
2.03E+14,上海外服职业技能培训有限公司,杨浦,全媒体运营师（直播运营）[S400071],高级/三级
2.03E+14,上海外服职业技能培训有限公司,杨浦,全媒体运营师（视听运营）[S300070],中级/四级
2.03E+14,上海外服职业技能培训有限公司,杨浦,全媒体运营师（视听运营）[S300070],高级/三级
2.03E+14,上海外服职业技能培训有限公司,杨浦,全媒体运营师（视听运营）[S400071],高级/三级
2.03E+14,上海外服职业技能培训有限公司,杨浦,全媒体运营师（视听运营）[S400071],中级/四级
2.03E+14,上海外服职业技能培训有限公司,杨浦,养老护理员[S300038],高级/三级
2.03E+14,上海外服职业技能培训有限公司,杨浦,养老护理员[S300038],中级/四级
2.03E+14,上海外服职业技能培训有限公司,杨浦,养老护理员[S300038],初级/五级
2.03E+14,上海外服职业技能培训有限公司,杨浦,养老护理员[S300060],初级/五级
2.03E+14,上海外服职业技能培训有限公司,杨浦,养老护理员[S300060],中级/四级
2.03E+14,上海外服职业技能培训有限公司,杨浦,养老护理员[S300060],高级/三级
2.03E+14,上海外服职业技能培训有限公司,杨浦,包装设计师[S500046],高级/三级
2.03E+14,上海外服职业技能培训有限公司,杨浦,职业培训师[S300015],高级/三级
2.03E+14,上海之乐培训学校有限公司,宝山,养老护理员[S300038],中级/四级
2.03E+14,上海之乐培训学校有限公司,宝山,养老护理员[S300038],初级/五级
2.03E+14,上海之乐培训学校有限公司,宝山,养老护理员[S300060],初级/五级
2.03E+14,上海之乐培训学校有限公司,宝山,养老护理员[S300060],中级/四级
2.03E+14,上海积涵职业技能培训有限公司,嘉定,企业人力资源管理师[S300015],中级/四级
2.03E+14,上海积涵职业技能培训有限公司,嘉定,企业人力资源管理师[S300015],高级/三级
2.03E+14,上海升锦腾职业技能培训有限公司,松江,互联网营销师（商品选品员）[S300031],高级/三级
2.03E+14,上海升锦腾职业技能培训有限公司,松江,互联网营销师（商品选品员）[S300031],中级/四级
2.03E+14,上海升锦腾职业技能培训有限公司,松江,互联网营销师（商品选品员）[S300031],初级/五级
2.03E+14,上海升锦腾职业技能培训有限公司,松江,供应链管理师[S300031],高级/三级
2.03E+14,上海垦耐职业技能培训有限公司,松江,企业人力资源管理师[S300015],中级/四级
2.03E+14,芸耀瀚海职业技能培训（上海）有限公司,长宁,供应链管理师[S300031],高级/三级
2.03E+14,芸耀瀚海职业技能培训（上海）有限公司,长宁,供应链管理师[S300031],技师/二级
2.03E+14,芸耀瀚海职业技能培训（上海）有限公司,长宁,供应链管理师[S500063],高级/三级
2.03E+14,芸耀瀚海职业技能培训（上海）有限公司,长宁,无人机驾驶员[300043],初级/五级
2.03E+14,芸耀瀚海职业技能培训（上海）有限公司,长宁,无人机驾驶员（植保无人机驾驶员）[S600026],中级/四级
2.03E+14,芸耀瀚海职业技能培训（上海）有限公司,长宁,无人机驾驶员（航拍无人机驾驶员）[S400075],中级/四级
2.03E+14,芸耀瀚海职业技能培训（上海）有限公司,长宁,无人机驾驶员（航拍无人机驾驶员）[S400075],高级/三级
2.03E+14,上海费思职业技能培训有限公司,长宁,人工智能训练师[S400054],中级/四级
2.03E+14,上海费思职业技能培训有限公司,长宁,人工智能训练师[S400054],高级/三级
2.03E+14,上海费思职业技能培训有限公司,长宁,人工智能训练师[S500053],高级/三级
2.03E+14,上海费思职业技能培训有限公司,长宁,人工智能训练师[S500053],中级/四级
2.03E+14,上海恒远职业技能培训有限公司,奉贤,人工智能训练师[S300040],高级/三级
2.03E+14,上海恒远职业技能培训有限公司,奉贤,人工智能训练师[S400054],高级/三级
2.03E+14,上海恒远职业技能培训有限公司,奉贤,人工智能训练师[S500053],高级/三级
2.03E+14,上海恒远职业技能培训有限公司,奉贤,供应链管理师[S300031],高级/三级
2.03E+14,上海恒远职业技能培训有限公司,奉贤,供应链管理师[S500063],高级/三级
2.03E+14,上海恒远职业技能培训有限公司,奉贤,全媒体运营师（直播运营）[400050],高级/三级
2.03E+14,上海恒远职业技能培训有限公司,奉贤,全媒体运营师（直播运营）[S300070],高级/三级
2.03E+14,上海恒远职业技能培训有限公司,奉贤,全媒体运营师（直播运营）[S400071],高级/三级
2.03E+14,上海恒远职业技能培训有限公司,奉贤,全媒体运营师（视听运营）[S300070],高级/三级
2.03E+14,上海恒远职业技能培训有限公司,奉贤,全媒体运营师（视听运营）[S400071],高级/三级
2.03E+14,上海恒远职业技能培训有限公司,奉贤,包装设计师[S500046],高级/三级
2.03E+14,上海恒远职业技能培训有限公司,奉贤,包装设计师[S500046],中级/四级
2.03E+14,上海恒远职业技能培训有限公司,奉贤,婴幼儿发展引导员（育婴员）[S300011],初级/五级
2.03E+14,上海恒远职业技能培训有限公司,奉贤,婴幼儿发展引导员（育婴员）[S300011],中级/四级
2.03E+14,上海恒远职业技能培训有限公司,奉贤,婴幼儿发展引导员（育婴员）[S300011],高级/三级
2.03E+14,上海恒远职业技能培训有限公司,奉贤,广告设计师[S300049],高级/三级
2.03E+14,上海厚朴中医学堂培训学校,嘉定,保健按摩师[S300008],中级/四级
2.03E+14,上海厚朴中医学堂培训学校,嘉定,保健按摩师[S300008],初级/五级
2.03E+14,上海市普陀传技未来职业技能培训学校,普陀,养老护理员[300010],初级/五级
2.03E+14,上海市普陀传技未来职业技能培训学校,普陀,养老护理员[S300038],中级/四级
2.03E+14,上海市普陀传技未来职业技能培训学校,普陀,养老护理员[S300038],初级/五级
2.03E+14,上海市普陀传技未来职业技能培训学校,普陀,养老护理员[S300060],初级/五级
2.03E+14,上海市普陀传技未来职业技能培训学校,普陀,养老护理员[S300060],中级/四级
2.03E+14,上海浦东新区青云职业技能培训学校,浦东,人工智能数据标注[S200057],专项职业能力
2.03E+14,上海浦东新区青云职业技能培训学校,浦东,人工智能模型运用[S200057],专项职业能力
2.03E+14,上海浦东新区青云职业技能培训学校,浦东,人工智能训练师[S300040],高级/三级
2.03E+14,上海浦东新区青云职业技能培训学校,浦东,人工智能训练师[S400054],高级/三级
2.03E+14,上海浦东新区青云职业技能培训学校,浦东,人工智能训练师[S500053],高级/三级
2.03E+14,海凯威（上海）培训中心有限公司,浦东,养老护理员[S300038],高级/三级
2.03E+14,海凯威（上海）培训中心有限公司,浦东,养老护理员[S300038],中级/四级
2.03E+14,海凯威（上海）培训中心有限公司,浦东,养老护理员[S300038],初级/五级
2.03E+14,上海博成职业技能培训有限公司,浦东,保育师[S300011],初级/五级
2.03E+14,上海博成职业技能培训有限公司,浦东,保育师[S300011],中级/四级
2.03E+14,上海博成职业技能培训有限公司,浦东,保育师[S300011],高级/三级
2.03E+14,上海博成职业技能培训有限公司,浦东,婴幼儿发展引导员（育婴员）[S300011],初级/五级
2.03E+14,上海博成职业技能培训有限公司,浦东,婴幼儿发展引导员（育婴员）[S300011],中级/四级
2.03E+14,上海博成职业技能培训有限公司,浦东,婴幼儿发展引导员（育婴员）[S300011],高级/三级
2.03E+14,上海旭知职业技能培训有限公司,杨浦,企业人力资源管理师[S300015],中级/四级
2.03E+14,上海旭知职业技能培训有限公司,杨浦,企业人力资源管理师[S300015],高级/三级
2.03E+14,上海旭知职业技能培训有限公司,杨浦,职业培训师[S300015],高级/三级
2.03E+14,上海家点爱职业技能培训有限公司,闵行,家政服务员（家庭照护员）[S300039],高级/三级
2.03E+14,上海家点爱职业技能培训有限公司,闵行,家政服务员（家庭照护员）[S500065],高级/三级
2.03E+14,上海家点爱职业技能培训有限公司,闵行,家政服务员（母婴护理员）[S300039],高级/三级
2.03E+14,上海誉藤职业技能培训有限公司,徐汇,养老护理员[S300038],中级/四级
2.03E+14,上海誉藤职业技能培训有限公司,徐汇,养老护理员[S300038],初级/五级
2.03E+14,上海誉藤职业技能培训有限公司,徐汇,养老护理员[S300060],初级/五级
2.03E+14,上海誉藤职业技能培训有限公司,徐汇,养老护理员[S300060],中级/四级
2.03E+14,上海誉藤职业技能培训有限公司,徐汇,家政服务员（母婴护理员）[S300039],初级/五级
2.03E+14,上海砺知职业技能培训有限公司,黄浦,美容师[S300008],初级/五级
2.03E+14,上海砺知职业技能培训有限公司,黄浦,美容师[S300008],中级/四级
2.03E+14,上海砺知职业技能培训有限公司,黄浦,美容师[S300008],高级/三级
2.03E+14,上海砺知职业技能培训有限公司,黄浦,美容师（皮肤管理师）[S400076],中级/四级
2.03E+14,上海砺知职业技能培训有限公司,黄浦,美容师（皮肤管理师）[S400076],高级/三级
2.03E+14,林清轩（上海）职业技能培训有限公司,松江,美容师[S300008],初级/五级
2.03E+14,林清轩（上海）职业技能培训有限公司,松江,美容师[S300008],中级/四级
2.03E+14,林清轩（上海）职业技能培训有限公司,松江,美容师[S300008],高级/三级
2.03E+14,上海复医博育职业技能培训有限公司,徐汇,人工智能数据标注[S200057],专项职业能力
2.03E+14,上海复医博育职业技能培训有限公司,徐汇,人工智能模型运用[S200057],专项职业能力
